tmstmp,typ,stpnm,stpid,vid,dstp,rt,rtdd,rtdir,des,prdtm,tablockid,tatripid,origtatripno,dly,prdctdn,zone,crt_prd,dep_time
20250125 19:27,A,Grand & Oak Park,14809,2000,782,65,65,Westbound,Nordica,2025-01-25 19:28:00,65 -809,1021979,259644017,False,DUE,,True,2025-01-25 19:28:00
20250125 19:27,A,Grand & New England ,842,2000,1280,65,65,Westbound,Nordica,2025-01-25 19:28:00,65 -809,1021979,259644017,False,DUE,,True,2025-01-25 19:28:00
20250125 19:27,A,Grand & Sayre,844,2000,2113,65,65,Westbound,Nordica,2025-01-25 19:28:00,65 -809,1021979,259644017,False,DUE,,True,2025-01-25 19:28:00
20250125 19:27,A,Grand & Milwaukee (Blue Line),14774,8553,528,65,65,Westbound,Nordica,2025-01-25 19:28:00,65 -807,1021921,259644019,False,DUE,,True,2025-01-25 19:28:00
20250125 19:27,A,Grand & Division,808,8414,1908,65,65,Westbound,Nordica,2025-01-25 19:28:00,65 -804,1021933,259644018,False,DUE,,True,2025-01-25 19:28:00
20250125 19:27,A,Grand & Streeter,759,8615,256,65,65,Westbound,Nordica,2025-01-25 19:28:00,65 -801,1021920,259644020,False,DUE,,True,2025-01-25 19:28:00
20250125 19:27,A,Grand & Peoria,776,8553,962,65,65,Westbound,Nordica,2025-01-25 19:29:00,65 -807,1021921,259644019,False,DUE,,True,2025-01-25 19:29:00
20250125 19:27,A,Grand & Hamlin,15557,8414,3329,65,65,Westbound,Nordica,2025-01-25 19:29:00,65 -804,1021933,259644018,False,2,,True,2025-01-25 19:29:00
20250125 19:27,A,Grand & Morgan,15174,8553,1720,65,65,Westbound,Nordica,2025-01-25 19:29:00,65 -807,1021921,259644019,False,DUE,,True,2025-01-25 19:29:00
20250125 19:27,A,Grand & Lawndale,809,8414,2589,65,65,Westbound,Nordica,2025-01-25 19:29:00,65 -804,1021933,259644018,False,DUE,,True,2025-01-25 19:29:00
20250125 19:27,A,Grand & Peshtigo,760,8615,1191,65,65,Westbound,Nordica,2025-01-25 19:29:00,65 -801,1021920,259644020,False,2,,True,2025-01-25 19:29:00
20250125 19:27,A,Grand & Aberdeen,778,8553,2216,65,65,Westbound,Nordica,2025-01-25 19:29:00,65 -807,1021921,259644019,False,2,,True,2025-01-25 19:29:00
20250125 19:27,A,Grand & Streeter,759,1195,640,29,29,Southbound,95th Red Line,2025-01-25 19:29:00,29 -167,673,259639608,False,DUE,,True,2025-01-25 19:29:00
20250125 19:27,A,Grand & Racine,780,8553,2961,65,65,Westbound,Nordica,2025-01-25 19:30:00,65 -807,1021921,259644019,False,2,,True,2025-01-25 19:30:00
20250125 19:27,A,Grand & Springfield,811,8414,3925,65,65,Westbound,Nordica,2025-01-25 19:30:00,65 -804,1021933,259644018,False,2,,True,2025-01-25 19:30:00
20250125 19:27,A,Fullerton & Grand,15517,8425,3976,74,74,Westbound,Grand/Nordica,2025-01-25 19:30:00,74 -854,22224638,259645400,False,2,,True,2025-01-25 19:30:00
20250125 19:27,A,Grand & McClurg,589,8615,1844,65,65,Westbound,Nordica,2025-01-25 19:30:00,65 -801,1021920,259644020,False,2,,True,2025-01-25 19:30:00
20250125 19:27,A,Grand & Noble,782,8553,4294,65,65,Westbound,Nordica,2025-01-25 19:31:00,65 -807,1021921,259644019,False,3,,False,2025-01-25 19:33:00
20250125 19:27,A,Grand & Ogden,781,8553,3386,65,65,Westbound,Nordica,2025-01-25 19:31:00,65 -807,1021921,259644019,False,3,,True,2025-01-25 19:31:00
20250125 19:27,A,Grand & Fairbanks/Columbus,590,8615,2384,65,65,Westbound,Nordica,2025-01-25 19:31:00,65 -801,1021920,259644020,False,4,,True,2025-01-25 19:31:00
20250125 19:27,A,Grand & Streeter,759,8151,875,66,66,Westbound,Austin,2025-01-25 19:31:00,66 -853,1078429,259644344,True,DLY,,True,2025-01-25 19:31:00
20250125 19:27,A,Grand & Normandy ,840,8425,4771,74,74,Westbound,Grand/Nordica,2025-01-25 19:31:00,74 -854,22224638,259645400,False,3,,True,2025-01-25 19:31:00
20250125 19:27,A,Grand & Peshtigo,760,1195,1575,29,29,Southbound,95th Red Line,2025-01-25 19:31:00,29 -167,673,259639608,False,3,,True,2025-01-25 19:31:00
20250125 19:27,A,Grand & Armour,783,8553,5200,65,65,Westbound,Nordica,2025-01-25 19:32:00,65 -807,1021921,259644019,False,4,,False,2025-01-25 19:34:00
20250125 19:27,A,Grand & St. Clair,761,8615,3048,65,65,Westbound,Nordica,2025-01-25 19:32:00,65 -801,1021920,259644020,False,5,,True,2025-01-25 19:32:00
20250125 19:27,A,Grand & Ashland,784,8553,5625,65,65,Westbound,Nordica,2025-01-25 19:32:00,65 -807,1021921,259644019,False,5,,False,2025-01-25 19:34:00
20250125 19:27,A,Grand & McClurg,589,1195,2228,29,29,Southbound,95th Red Line,2025-01-25 19:32:00,29 -167,673,259639608,False,4,,True,2025-01-25 19:32:00
20250125 19:27,A,Grand & Oak Park,14809,8425,5615,74,74,Westbound,Grand/Nordica,2025-01-25 19:32:00,74 -854,22224638,259645400,False,4,,True,2025-01-25 19:32:00
20250125 19:27,A,Grand & Peshtigo,760,8151,1810,66,66,Westbound,Austin,2025-01-25 19:32:00,66 -853,1078429,259644344,True,DLY,,True,2025-01-25 19:32:00
20250125 19:27,A,Grand & New England ,842,8425,6113,74,74,Westbound,Grand/Nordica,2025-01-25 19:32:00,74 -854,22224638,259645400,False,5,,True,2025-01-25 19:32:00
20250125 19:27,A,Grand & Pulaski,812,8414,4695,65,65,Westbound,Nordica,2025-01-25 19:32:00,65 -804,1021933,259644018,False,4,,True,2025-01-25 19:32:00
20250125 19:27,A,Grand & McClurg,589,8151,2463,66,66,Westbound,Austin,2025-01-25 19:33:00,66 -853,1078429,259644344,True,DLY,,True,2025-01-25 19:33:00
20250125 19:27,A,Grand & Karlov,813,8414,5474,65,65,Westbound,Nordica,2025-01-25 19:33:00,65 -804,1021933,259644018,False,5,,True,2025-01-25 19:33:00
20250125 19:27,A,Grand & Fairbanks/Columbus,590,1195,2768,29,29,Southbound,95th Red Line,2025-01-25 19:33:00,29 -167,673,259639608,False,5,,True,2025-01-25 19:33:00
20250125 19:27,A,Grand & Keeler,814,8414,6229,65,65,Westbound,Nordica,2025-01-25 19:33:00,65 -804,1021933,259644018,False,6,,True,2025-01-25 19:33:00
20250125 19:27,A,Grand & Wolcott,787,8553,7633,65,65,Westbound,Nordica,2025-01-25 19:33:00,65 -807,1021921,259644019,False,6,,False,2025-01-25 19:36:00
20250125 19:27,A,Grand & Wood,786,8553,6965,65,65,Westbound,Nordica,2025-01-25 19:33:00,65 -807,1021921,259644019,False,6,,False,2025-01-25 19:36:00
20250125 19:27,A,Grand & Paulina,785,8553,6312,65,65,Westbound,Nordica,2025-01-25 19:33:00,65 -807,1021921,259644019,False,6,,False,2025-01-25 19:36:00
20250125 19:27,A,Grand & Sayre,844,8425,6946,74,74,Westbound,Grand/Nordica,2025-01-25 19:33:00,74 -854,22224638,259645400,False,6,,True,2025-01-25 19:33:00
20250125 19:27,A,Grand & Fairbanks/Columbus,590,8151,3003,66,66,Westbound,Austin,2025-01-25 19:34:00,66 -853,1078429,259644344,True,DLY,,True,2025-01-25 19:34:00
20250125 19:27,A,Grand & Kildare,815,8414,6974,65,65,Westbound,Nordica,2025-01-25 19:34:00,65 -804,1021933,259644018,False,6,,True,2025-01-25 19:34:00
20250125 19:27,A,Grand & St. Clair,761,1195,3432,29,29,Southbound,95th Red Line,2025-01-25 19:34:00,29 -167,673,259639608,False,6,,True,2025-01-25 19:34:00
20250125 19:27,A,Grand & Damen,18669,8553,8426,65,65,Westbound,Nordica,2025-01-25 19:34:00,65 -807,1021921,259644019,False,6,,False,2025-01-25 19:36:00
20250125 19:27,A,Grand & Hoyne,789,8553,8944,65,65,Westbound,Nordica,2025-01-25 19:34:00,65 -807,1021921,259644019,False,7,,False,2025-01-25 19:37:00
20250125 19:27,A,Grand & Rush,16028,8615,3923,65,65,Westbound,Nordica,2025-01-25 19:34:00,65 -801,1021920,259644020,False,6,,True,2025-01-25 19:34:00
20250125 19:27,D,Grand & Nordica Terminal,668,2000,2881,65,65,Eastbound,Pulaski,2025-01-25 19:34:00,65 -809,1021988,259643949,False,6,,True,2025-01-25 19:34:00
20250125 19:27,A,Grand & Rush,16028,1195,4307,29,29,Southbound,95th Red Line,2025-01-25 19:35:00,29 -167,673,259639608,False,8,,True,2025-01-25 19:35:00
20250125 19:27,A,Grand & Laramie,3883,8571,7710,73,73,Westbound,Laramie,2025-01-25 19:35:00,73 -851,59,259645330,False,8,,True,2025-01-25 19:35:00
20250125 19:27,A,Grand & Kostner,817,8414,7872,65,65,Westbound,Nordica,2025-01-25 19:35:00,65 -804,1021933,259644018,False,8,,True,2025-01-25 19:35:00
20250125 19:27,A,Grand & Leavitt,790,8553,9601,65,65,Westbound,Nordica,2025-01-25 19:35:00,65 -807,1021921,259644019,False,7,,False,2025-01-25 19:38:00
20250125 19:27,A,Grand & Kilbourn,818,8414,8442,65,65,Westbound,Nordica,2025-01-25 19:35:00,65 -804,1021933,259644018,False,8,,True,2025-01-25 19:35:00
20250125 19:27,A,Grand & Oakley,791,8553,10271,65,65,Westbound,Nordica,2025-01-25 19:35:00,65 -807,1021921,259644019,False,8,,False,2025-01-25 19:38:00
20250125 19:27,A,Grand & Kenton ,819,8414,8975,65,65,Westbound,Nordica,2025-01-25 19:35:00,65 -804,1021933,259644018,False,8,,True,2025-01-25 19:35:00
20250125 19:27,D,Grand & Nordica Terminal,668,8721,155,65,65,Eastbound,Navy Pier,2025-01-25 19:36:00,65 -803,1021927,259643950,False,8,,True,2025-01-25 19:36:00
20250125 19:27,A,4700 W Grand,820,8414,9859,65,65,Westbound,Nordica,2025-01-25 19:36:00,65 -804,1021933,259644018,False,8,,True,2025-01-25 19:36:00
20250125 19:27,A,Grand & Western,15340,8553,11158,65,65,Westbound,Nordica,2025-01-25 19:36:00,65 -807,1021921,259644019,False,9,,False,2025-01-25 19:39:00
20250125 19:27,A,Grand & State (Red Line),764,8615,4527,65,65,Westbound,Nordica,2025-01-25 19:36:00,65 -801,1021920,259644020,False,8,,True,2025-01-25 19:36:00
20250125 19:27,A,Grand & Campbell,15338,8553,11980,65,65,Westbound,Nordica,2025-01-25 19:37:00,65 -807,1021921,259644019,False,9,,False,2025-01-25 19:41:00
20250125 19:27,A,Grand & Washtenaw,796,8553,13274,65,65,Westbound,Nordica,2025-01-25 19:37:00,65 -807,1021921,259644019,False,10,,False,2025-01-25 19:42:00
20250125 19:27,A,Grand & Cicero,821,8414,10748,65,65,Westbound,Nordica,2025-01-25 19:37:00,65 -804,1021933,259644018,False,9,,False,2025-01-25 19:39:00
20250125 19:27,A,Grand & Dearborn,765,8615,4953,65,65,Westbound,Nordica,2025-01-25 19:37:00,65 -801,1021920,259644020,False,9,,True,2025-01-25 19:37:00
20250125 19:27,A,Grand & Rockwell,794,8553,12499,65,65,Westbound,Nordica,2025-01-25 19:37:00,65 -807,1021921,259644019,False,9,,False,2025-01-25 19:41:00
20250125 19:27,A,Grand & Clark,766,8615,5357,65,65,Westbound,Nordica,2025-01-25 19:37:00,65 -801,1021920,259644020,False,10,,True,2025-01-25 19:37:00
20250125 19:27,A,Grand & Chicago,798,8553,14807,65,65,Westbound,Nordica,2025-01-25 19:38:00,65 -807,1021921,259644019,False,11,,False,2025-01-25 19:43:00
20250125 19:27,A,Grand & California,797,8553,13998,65,65,Westbound,Nordica,2025-01-25 19:38:00,65 -807,1021921,259644019,False,10,,False,2025-01-25 19:42:00
20250125 19:27,A,Grand & Lamon,822,8414,11855,65,65,Westbound,Nordica,2025-01-25 19:38:00,65 -804,1021933,259644018,False,10,,False,2025-01-25 19:40:00
20250125 19:27,A,Grand & Streeter,759,8501,728,66,66,Westbound,Austin,2025-01-25 19:38:00,66 -809,1078430,259644345,False,11,,True,2025-01-25 19:38:00
20250125 19:27,A,Grand & Streeter,759,1168,6537,124,124,Westbound,Ogilvie & Union Stations,2025-01-25 19:39:00,124 -251,1033087,259637288,False,11,,True,2025-01-25 19:39:00
20250125 19:27,A,Grand & Franklin,769,8615,6570,65,65,Westbound,Nordica,2025-01-25 19:39:00,65 -801,1021920,259644020,False,12,,True,2025-01-25 19:39:00
20250125 19:27,A,Grand & Leclaire/Armitage,823,8414,12967,65,65,Westbound,Nordica,2025-01-25 19:39:00,65 -804,1021933,259644018,False,11,,False,2025-01-25 19:41:00
20250125 19:27,A,Grand & Sacramento,800,8553,15978,65,65,Westbound,Nordica,2025-01-25 19:39:00,65 -807,1021921,259644019,False,12,,False,2025-01-25 19:44:00
20250125 19:27,A,Grand & Kingsbury,771,8615,7818,65,65,Westbound,Nordica,2025-01-25 19:40:00,65 -801,1021920,259644020,False,13,,True,2025-01-25 19:40:00
20250125 19:27,A,Grand & Laramie,3883,8414,13966,65,65,Westbound,Nordica,2025-01-25 19:40:00,65 -804,1021933,259644018,False,13,,False,2025-01-25 19:42:00
20250125 19:27,A,Grand & Peshtigo,760,1168,7472,124,124,Westbound,Ogilvie & Union Stations,2025-01-25 19:40:00,124 -251,1033087,259637288,False,13,,True,2025-01-25 19:40:00
20250125 19:27,A,Grand & Kedzie,802,8553,17057,65,65,Westbound,Nordica,2025-01-25 19:40:00,65 -807,1021921,259644019,False,13,,False,2025-01-25 19:45:00
20250125 19:27,A,Grand & Peshtigo,760,8501,1663,66,66,Westbound,Austin,2025-01-25 19:40:00,66 -809,1078430,259644345,False,12,,True,2025-01-25 19:40:00
20250125 19:27,A,Grand & Homan,18377,8553,18708,65,65,Westbound,Nordica,2025-01-25 19:41:00,65 -807,1021921,259644019,False,14,,False,2025-01-25 19:46:00
20250125 19:27,A,530 W Grand,772,8615,8576,65,65,Westbound,Nordica,2025-01-25 19:41:00,65 -801,1021920,259644020,False,13,,True,2025-01-25 19:41:00
20250125 19:27,A,Grand & McClurg,589,1168,8125,124,124,Westbound,Ogilvie & Union Stations,2025-01-25 19:41:00,124 -251,1033087,259637288,False,14,,True,2025-01-25 19:41:00
20250125 19:27,A,Grand & Augusta,18376,8553,17843,65,65,Westbound,Nordica,2025-01-25 19:41:00,65 -807,1021921,259644019,False,13,,False,2025-01-25 19:46:00
20250125 19:27,A,Grand & Thomas,805,8553,19325,65,65,Westbound,Nordica,2025-01-25 19:41:00,65 -807,1021921,259644019,False,14,,False,2025-01-25 19:46:00
20250125 19:27,A,Grand & Normandy ,840,8418,14611,74,74,Westbound,Grand/Nordica,2025-01-25 19:41:00,74 -809,22224639,259645401,False,14,,True,2025-01-25 19:41:00
20250125 19:27,A,Grand & Desplaines,15672,8615,9126,65,65,Westbound,Nordica,2025-01-25 19:41:00,65 -801,1021920,259644020,False,14,,True,2025-01-25 19:41:00
20250125 19:27,A,Fullerton & Grand,15517,8418,13816,74,74,Westbound,Grand/Nordica,2025-01-25 19:41:00,74 -809,22224639,259645401,False,13,,True,2025-01-25 19:41:00
20250125 19:27,A,Grand & Fairbanks/Columbus,590,8501,2856,66,66,Westbound,Austin,2025-01-25 19:41:00,66 -809,1078430,259644345,False,14,,True,2025-01-25 19:41:00
20250125 19:27,A,Grand & Lockwood ,826,8414,14494,65,65,Westbound,Nordica,2025-01-25 19:41:00,65 -804,1021933,259644018,False,14,,True,2025-01-25 19:41:00
20250125 19:27,A,Grand & McClurg,589,8501,2316,66,66,Westbound,Austin,2025-01-25 19:41:00,66 -809,1078430,259644345,False,13,,True,2025-01-25 19:41:00
20250125 19:27,A,Grand & Division,808,8553,20510,65,65,Westbound,Nordica,2025-01-25 19:42:00,65 -807,1021921,259644019,False,15,,False,2025-01-25 19:48:00
20250125 19:27,A,Grand & Oak Park,14809,8418,15455,74,74,Westbound,Grand/Nordica,2025-01-25 19:42:00,74 -809,22224639,259645401,False,15,,True,2025-01-25 19:42:00
20250125 19:27,A,5500 W Grand,828,8414,15831,65,65,Westbound,Nordica,2025-01-25 19:42:00,65 -804,1021933,259644018,False,14,,True,2025-01-25 19:42:00
20250125 19:27,A,Grand & Long,15450,8414,15421,65,65,Westbound,Nordica,2025-01-25 19:42:00,65 -804,1021933,259644018,False,14,,True,2025-01-25 19:42:00
20250125 19:27,D,Grand & Nordica Terminal,668,8425,7714,74,74,Eastbound,Halsted,2025-01-25 19:42:00,74 -854,22224660,259645501,False,14,,True,2025-01-25 19:42:00
20250125 19:27,A,Grand & Major,830,8414,17246,65,65,Westbound,Nordica,2025-01-25 19:43:00,65 -804,1021933,259644018,False,16,,False,2025-01-25 19:45:00
20250125 19:27,A,Grand & Central ,829,8414,16733,65,65,Westbound,Nordica,2025-01-25 19:43:00,65 -804,1021933,259644018,False,15,,False,2025-01-25 19:45:00
20250125 19:27,A,Grand & Lawndale,809,8553,21191,65,65,Westbound,Nordica,2025-01-25 19:43:00,65 -807,1021921,259644019,False,15,,False,2025-01-25 19:48:00
20250125 19:27,A,Grand & Sacramento,800,1169,9002,52,52,Southbound,63rd Place,2025-01-25 19:43:00,52 -205,636,259641728,False,15,,True,2025-01-25 19:43:00
20250125 19:27,A,Grand & New England ,842,8418,15953,74,74,Westbound,Grand/Nordica,2025-01-25 19:43:00,74 -809,22224639,259645401,False,15,,True,2025-01-25 19:43:00
20250125 19:27,D,Navy Pier Terminal,14162,8619,1817,65,65,Westbound,Nordica,2025-01-25 19:43:00,65 -810,1021919,259644021,False,15,,True,2025-01-25 19:43:00
20250125 19:27,A,Grand & Streeter,759,8006,693,29,29,Southbound,95th Red Line,2025-01-25 19:43:00,29 -163,672,259639451,False,15,,True,2025-01-25 19:43:00
20250125 19:27,A,Grand & Milwaukee (Blue Line),14774,8615,10075,65,65,Westbound,Nordica,2025-01-25 19:43:00,65 -801,1021920,259644020,False,16,,True,2025-01-25 19:43:00
20250125 19:27,A,Grand & Hamlin,15557,8553,21931,65,65,Westbound,Nordica,2025-01-25 19:44:00,65 -807,1021921,259644019,False,16,,False,2025-01-25 19:49:00
20250125 19:27,A,Grand & Springfield,811,8553,22527,65,65,Westbound,Nordica,2025-01-25 19:44:00,65 -807,1021921,259644019,False,16,,False,2025-01-25 19:49:00
20250125 19:27,A,Grand & Menard,15337,8414,18066,65,65,Westbound,Nordica,2025-01-25 19:44:00,65 -804,1021933,259644018,False,16,,False,2025-01-25 19:46:00
20250125 19:27,A,Grand & Morgan,15174,8615,11267,65,65,Westbound,Nordica,2025-01-25 19:44:00,65 -801,1021920,259644020,False,17,,True,2025-01-25 19:44:00
20250125 19:27,A,Grand & Aberdeen,778,8615,11763,65,65,Westbound,Nordica,2025-01-25 19:44:00,65 -801,1021920,259644020,False,17,,True,2025-01-25 19:44:00
20250125 19:27,A,Grand & Peoria,776,8615,10509,65,65,Westbound,Nordica,2025-01-25 19:44:00,65 -801,1021920,259644020,False,16,,True,2025-01-25 19:44:00
20250125 19:27,A,Grand & Sayre,844,8418,16786,74,74,Westbound,Grand/Nordica,2025-01-25 19:44:00,74 -809,22224639,259645401,False,16,,True,2025-01-25 19:44:00
20250125 19:27,A,Grand & Marmora,832,8414,18614,65,65,Westbound,Nordica,2025-01-25 19:44:00,65 -804,1021933,259644018,False,17,,False,2025-01-25 19:46:00
20250125 19:27,A,Grand & Streeter,759,8619,2580,65,65,Westbound,Nordica,2025-01-25 19:45:00,65 -810,1021919,259644021,False,17,,True,2025-01-25 19:45:00
20250125 19:27,A,Grand & Racine,780,8615,12508,65,65,Westbound,Nordica,2025-01-25 19:45:00,65 -801,1021920,259644020,False,17,,True,2025-01-25 19:45:00
20250125 19:27,A,Grand & Peshtigo,760,8006,1628,29,29,Southbound,95th Red Line,2025-01-25 19:45:00,29 -163,672,259639451,False,17,,True,2025-01-25 19:45:00
20250125 19:27,A,Grand & Austin,833,8414,19296,65,65,Westbound,Nordica,2025-01-25 19:45:00,65 -804,1021933,259644018,False,18,,False,2025-01-25 19:48:00
20250125 19:27,A,Grand & Ogden,781,8615,12933,65,65,Westbound,Nordica,2025-01-25 19:46:00,65 -801,1021920,259644020,False,18,,True,2025-01-25 19:46:00
20250125 19:27,A,Grand & Noble,782,8615,13841,65,65,Westbound,Nordica,2025-01-25 19:46:00,65 -801,1021920,259644020,False,19,,True,2025-01-25 19:46:00
20250125 19:27,A,Grand & Pulaski,812,8553,23297,65,65,Westbound,Nordica,2025-01-25 19:46:00,65 -807,1021921,259644019,False,18,,False,2025-01-25 19:52:00
20250125 19:27,A,Grand & Streeter,759,8119,4650,66,66,Westbound,Austin,2025-01-25 19:46:00,66 -803,1078431,259644346,False,18,,True,2025-01-25 19:46:00
20250125 19:27,A,Grand & Meade,834,8414,19986,65,65,Westbound,Nordica,2025-01-25 19:46:00,65 -804,1021933,259644018,False,18,,False,2025-01-25 19:48:00
20250125 19:27,A,Grand & Peshtigo,760,8619,3515,65,65,Westbound,Nordica,2025-01-25 19:46:00,65 -810,1021919,259644021,False,19,,True,2025-01-25 19:46:00
20250125 19:27,A,Grand & McClurg,589,8006,2281,29,29,Southbound,95th Red Line,2025-01-25 19:46:00,29 -163,672,259639451,False,18,,True,2025-01-25 19:46:00
20250125 19:27,A,Grand & Armour,783,8615,14747,65,65,Westbound,Nordica,2025-01-25 19:47:00,65 -801,1021920,259644020,False,19,,True,2025-01-25 19:47:00
20250125 19:27,A,Grand & Peshtigo,760,8119,5585,66,66,Westbound,Austin,2025-01-25 19:47:00,66 -803,1078431,259644346,False,20,,True,2025-01-25 19:47:00
20250125 19:27,A,Grand & Fairbanks/Columbus,590,8006,2821,29,29,Southbound,95th Red Line,2025-01-25 19:47:00,29 -163,672,259639451,False,19,,True,2025-01-25 19:47:00
20250125 19:27,A,Grand & McClurg,589,8619,4168,65,65,Westbound,Nordica,2025-01-25 19:47:00,65 -810,1021919,259644021,False,19,,True,2025-01-25 19:47:00
20250125 19:27,A,Grand & Karlov,813,8553,24076,65,65,Westbound,Nordica,2025-01-25 19:47:00,65 -807,1021921,259644019,False,19,,False,2025-01-25 19:53:00
20250125 19:27,A,Grand & Keeler,814,8553,24831,65,65,Westbound,Nordica,2025-01-25 19:47:00,65 -807,1021921,259644019,False,20,,False,2025-01-25 19:54:00
20250125 19:27,A,Grand & Melvina,15335,8414,20862,65,65,Westbound,Nordica,2025-01-25 19:47:00,65 -804,1021933,259644018,False,19,,False,2025-01-25 19:50:00
20250125 19:27,A,Grand & Mobile,836,8414,21360,65,65,Westbound,Nordica,2025-01-25 19:47:00,65 -804,1021933,259644018,False,20,,False,2025-01-25 19:50:00
20250125 19:27,A,Grand & Ashland,784,8615,15172,65,65,Westbound,Nordica,2025-01-25 19:47:00,65 -801,1021920,259644020,False,20,,False,2025-01-25 19:49:00
20250125 19:27,A,Grand & Fairbanks/Columbus,590,8619,4708,65,65,Westbound,Nordica,2025-01-25 19:48:00,65 -810,1021919,259644021,False,21,,True,2025-01-25 19:48:00
20250125 19:27,A,Grand & St. Clair,761,8006,3485,29,29,Southbound,95th Red Line,2025-01-25 19:48:00,29 -163,672,259639451,False,20,,True,2025-01-25 19:48:00
20250125 19:27,A,Grand & McClurg,589,8119,6238,66,66,Westbound,Austin,2025-01-25 19:48:00,66 -803,1078431,259644346,False,21,,True,2025-01-25 19:48:00
20250125 19:27,A,Grand & Paulina,785,8615,15859,65,65,Westbound,Nordica,2025-01-25 19:48:00,65 -801,1021920,259644020,False,21,,True,2025-01-25 19:48:00
20250125 19:27,A,Grand & Wood,786,8615,16512,65,65,Westbound,Nordica,2025-01-25 19:48:00,65 -801,1021920,259644020,False,21,,True,2025-01-25 19:48:00
20250125 19:27,A,Grand & Wolcott,787,8615,17180,65,65,Westbound,Nordica,2025-01-25 19:48:00,65 -801,1021920,259644020,False,21,,True,2025-01-25 19:48:00
20250125 19:27,A,Grand & Narragansett,837,8414,22083,65,65,Westbound,Nordica,2025-01-25 19:48:00,65 -804,1021933,259644018,False,21,,False,2025-01-25 19:51:00
20250125 19:27,A,Grand & Kildare,815,8553,25576,65,65,Westbound,Nordica,2025-01-25 19:48:00,65 -807,1021921,259644019,False,20,,False,2025-01-25 19:54:00
20250125 19:27,A,Grand & St. Clair,761,8619,5372,65,65,Westbound,Nordica,2025-01-25 19:49:00,65 -810,1021919,259644021,False,22,,True,2025-01-25 19:49:00
20250125 19:27,A,Grand & Fairbanks/Columbus,590,8119,6778,66,66,Westbound,Austin,2025-01-25 19:49:00,66 -803,1078431,259644346,False,21,,True,2025-01-25 19:49:00
20250125 19:27,A,Fullerton & Grand,15517,8722,21227,74,74,Westbound,Grand/Nordica,2025-01-25 19:49:00,74 -806,22224640,259645402,False,22,,True,2025-01-25 19:49:00
20250125 19:27,A,Grand & Natchez,838,8414,22669,65,65,Westbound,Nordica,2025-01-25 19:49:00,65 -804,1021933,259644018,False,21,,False,2025-01-25 19:52:00
20250125 19:27,A,Grand & Rush,16028,8006,4360,29,29,Southbound,95th Red Line,2025-01-25 19:49:00,29 -163,672,259639451,False,22,,True,2025-01-25 19:49:00
20250125 19:27,A,Grand & Kenton ,819,8553,27577,65,65,Westbound,Nordica,2025-01-25 19:49:00,65 -807,1021921,259644019,False,21,,False,2025-01-25 19:56:00
20250125 19:27,A,Grand & Kilbourn,818,8553,27044,65,65,Westbound,Nordica,2025-01-25 19:49:00,65 -807,1021921,259644019,False,21,,False,2025-01-25 19:56:00
20250125 19:27,A,Grand & Hoyne,789,8615,18491,65,65,Westbound,Nordica,2025-01-25 19:49:00,65 -801,1021920,259644020,False,22,,True,2025-01-25 19:49:00
20250125 19:27,A,4700 W Grand,820,8553,28461,65,65,Westbound,Nordica,2025-01-25 19:49:00,65 -807,1021921,259644019,False,22,,False,2025-01-25 19:56:00
20250125 19:27,A,Fullerton & Grand,15517,8414,23368,65,65,Westbound,Nordica,2025-01-25 19:49:00,65 -804,1021933,259644018,False,22,,False,2025-01-25 19:52:00
20250125 19:27,A,Grand & Damen,18669,8615,17973,65,65,Westbound,Nordica,2025-01-25 19:49:00,65 -801,1021920,259644020,False,21,,True,2025-01-25 19:49:00
20250125 19:27,A,Grand & Kostner,817,8553,26474,65,65,Westbound,Nordica,2025-01-25 19:49:00,65 -807,1021921,259644019,False,21,,False,2025-01-25 19:56:00
20250125 19:27,A,Grand & Oakley,791,8615,19818,65,65,Westbound,Nordica,2025-01-25 19:50:00,65 -801,1021920,259644020,False,22,,True,2025-01-25 19:50:00
20250125 19:27,A,Grand & Leavitt,790,8615,19148,65,65,Westbound,Nordica,2025-01-25 19:50:00,65 -801,1021920,259644020,False,22,,True,2025-01-25 19:50:00
20250125 19:27,A,Grand & Cicero,821,8553,29350,65,65,Westbound,Nordica,2025-01-25 19:50:00,65 -807,1021921,259644019,False,23,,False,2025-01-25 19:57:00
20250125 19:27,A,Grand & Normandy ,840,8722,22022,74,74,Westbound,Grand/Nordica,2025-01-25 19:50:00,74 -806,22224640,259645402,False,23,,True,2025-01-25 19:50:00
20250125 19:27,A,Grand & Normandy ,840,8414,24163,65,65,Westbound,Nordica,2025-01-25 19:50:00,65 -804,1021933,259644018,False,23,,False,2025-01-25 19:53:00
20250125 19:27,A,Grand & Campbell,15338,8615,21527,65,65,Westbound,Nordica,2025-01-25 19:51:00,65 -801,1021920,259644020,False,24,,False,2025-01-25 19:53:00
20250125 19:27,A,Grand & Western,15340,8615,20705,65,65,Westbound,Nordica,2025-01-25 19:51:00,65 -801,1021920,259644020,False,23,,True,2025-01-25 19:51:00
20250125 19:27,A,Grand & Oak Park,14809,8722,22866,74,74,Westbound,Grand/Nordica,2025-01-25 19:51:00,74 -806,22224640,259645402,False,24,,True,2025-01-25 19:27:00
20250125 19:27,A,Grand & Lamon,822,8553,30457,65,65,Westbound,Nordica,2025-01-25 19:51:00,65 -807,1021921,259644019,False,23,,False,2025-01-25 19:57:00
20250125 19:27,A,Grand & Oak Park,14809,8414,25007,65,65,Westbound,Nordica,2025-01-25 19:51:00,65 -804,1021933,259644018,False,23,,False,2025-01-25 19:53:00
20250125 19:27,A,Grand & Rush,16028,8619,6247,65,65,Westbound,Nordica,2025-01-25 19:51:00,65 -810,1021919,259644021,False,23,,True,2025-01-25 19:51:00
20250125 19:27,A,Grand & New England ,842,8722,23364,74,74,Westbound,Grand/Nordica,2025-01-25 19:52:00,74 -806,22224640,259645402,False,24,,True,2025-01-25 19:27:00
20250125 19:27,A,Grand & New England ,842,8414,25505,65,65,Westbound,Nordica,2025-01-25 19:52:00,65 -804,1021933,259644018,False,24,,False,2025-01-25 19:54:00
20250125 19:27,A,Grand & Sayre,844,8414,26338,65,65,Westbound,Nordica,2025-01-25 19:52:00,65 -804,1021933,259644018,False,24,,False,2025-01-25 19:54:00
20250125 19:27,A,Grand & Leclaire/Armitage,823,8553,31569,65,65,Westbound,Nordica,2025-01-25 19:52:00,65 -807,1021921,259644019,False,25,,False,2025-01-25 19:57:00
20250125 19:27,A,Grand & Rockwell,794,8615,22046,65,65,Westbound,Nordica,2025-01-25 19:52:00,65 -801,1021920,259644020,False,24,,True,2025-01-25 19:52:00
20250125 19:27,A,Grand & Washtenaw,796,8615,22821,65,65,Westbound,Nordica,2025-01-25 19:52:00,65 -801,1021920,259644020,False,25,,False,2025-01-25 19:54:00
20250125 19:27,A,Grand & Sayre,844,8722,24197,74,74,Westbound,Grand/Nordica,2025-01-25 19:53:00,74 -806,22224640,259645402,False,25,,True,2025-01-25 19:27:00
20250125 19:27,A,Grand & Chicago,798,8615,24354,65,65,Westbound,Nordica,2025-01-25 19:53:00,65 -801,1021920,259644020,False,25,,True,2025-01-25 19:53:00
20250125 19:27,A,Grand & State (Red Line),764,8619,6851,65,65,Westbound,Nordica,2025-01-25 19:53:00,65 -810,1021919,259644021,False,25,,True,2025-01-25 19:53:00
20250125 19:27,A,Grand & Laramie,3883,8553,32568,65,65,Westbound,Nordica,2025-01-25 19:53:00,65 -807,1021921,259644019,False,26,,False,2025-01-25 19:58:00
20250125 19:27,A,Grand & California,797,8615,23545,65,65,Westbound,Nordica,2025-01-25 19:53:00,65 -801,1021920,259644020,False,25,,True,2025-01-25 19:53:00
20250125 19:27,A,Grand & Clark,766,8619,7681,65,65,Westbound,Nordica,2025-01-25 19:54:00,65 -810,1021919,259644021,False,27,,True,2025-01-25 19:54:00
20250125 19:27,A,Grand & Dearborn,765,8619,7277,65,65,Westbound,Nordica,2025-01-25 19:54:00,65 -810,1021919,259644021,False,26,,True,2025-01-25 19:54:00
20250125 19:27,A,Grand & Streeter,759,8584,8651,66,66,Westbound,Austin,2025-01-25 19:54:00,66 -810,1078432,259644347,False,26,,True,2025-01-25 19:54:00
20250125 19:27,A,Grand & Lockwood ,826,8553,33096,65,65,Westbound,Nordica,2025-01-25 19:54:00,65 -807,1021921,259644019,False,27,,False,2025-01-25 20:00:00
20250125 19:27,A,Grand & Sacramento,800,8615,25525,65,65,Westbound,Nordica,2025-01-25 19:54:00,65 -801,1021920,259644020,False,26,,True,2025-01-25 19:54:00
20250125 19:27,A,Grand & Long,15450,8553,34023,65,65,Westbound,Nordica,2025-01-25 19:54:00,65 -807,1021921,259644019,False,27,,False,2025-01-25 20:00:00
20250125 19:27,A,Grand & Peshtigo,760,8584,9586,66,66,Westbound,Austin,2025-01-25 19:55:00,66 -810,1078432,259644347,False,28,,True,2025-01-25 19:55:00
20250125 19:27,A,5500 W Grand,828,8553,34433,65,65,Westbound,Nordica,2025-01-25 19:55:00,65 -807,1021921,259644019,False,27,,False,2025-01-25 20:01:00
20250125 19:27,A,Grand & Kedzie,802,8615,26604,65,65,Westbound,Nordica,2025-01-25 19:55:00,65 -801,1021920,259644020,False,27,,False,2025-01-25 19:57:00
20250125 19:27,A,Grand & Laramie,3883,8671,27068,73,73,Westbound,Laramie,2025-01-25 19:55:00,73 -852,60,259645331,False,27,,False,2025-01-25 20:02:00
20250125 19:27,A,Grand & McClurg,589,8584,10239,66,66,Westbound,Austin,2025-01-25 19:56:00,66 -810,1078432,259644347,False,29,,True,2025-01-25 19:56:00
20250125 19:27,A,Grand & Central ,829,8553,35335,65,65,Westbound,Nordica,2025-01-25 19:56:00,65 -807,1021921,259644019,False,28,,False,2025-01-25 20:02:00
20250125 19:27,A,Grand & Major,830,8553,35848,65,65,Westbound,Nordica,2025-01-25 19:56:00,65 -807,1021921,259644019,False,28,,False,2025-01-25 20:02:00
20250125 19:27,A,Grand & Menard,15337,8553,36668,65,65,Westbound,Nordica,2025-01-25 19:56:00,65 -807,1021921,259644019,False,29,,False,2025-01-25 20:03:00
20250125 19:27,A,Grand & Franklin,769,8619,8894,65,65,Westbound,Nordica,2025-01-25 19:56:00,65 -810,1021919,259644021,False,29,,True,2025-01-25 19:56:00
20250125 19:27,A,Grand & Thomas,805,8615,28872,65,65,Westbound,Nordica,2025-01-25 19:56:00,65 -801,1021920,259644020,False,29,,False,2025-01-25 19:58:00
20250125 19:27,A,Grand & Homan,18377,8615,28255,65,65,Westbound,Nordica,2025-01-25 19:56:00,65 -801,1021920,259644020,False,28,,False,2025-01-25 19:58:00
20250125 19:27,A,Grand & Augusta,18376,8615,27390,65,65,Westbound,Nordica,2025-01-25 19:56:00,65 -801,1021920,259644020,False,28,,False,2025-01-25 19:58:00
20250125 19:27,A,Grand & Marmora,832,8553,37216,65,65,Westbound,Nordica,2025-01-25 19:57:00,65 -807,1021921,259644019,False,29,,False,2025-01-25 20:03:00
20250125 19:27,A,Grand & Streeter,759,8265,16499,124,124,Westbound,Ogilvie & Union Stations,2025-01-25 19:57:00,124 -203,1033088,259637289,False,29,,False,2025-01-25 19:59:00
20250125 19:58,A,Grand & Cicero,821,8553,77,65,65,Westbound,Nordica,2025-01-25 19:58:00,65 -807,1021921,259644019,False,DUE,,True,2025-01-25 19:58:00
20250125 19:57,A,Grand & Augusta,18376,8615,941,65,65,Westbound,Nordica,2025-01-25 19:58:00,65 -801,1021920,259644020,False,DUE,,True,2025-01-25 19:58:00
20250125 19:57,A,Grand & Desplaines,15672,8619,1464,65,65,Westbound,Nordica,2025-01-25 19:58:00,65 -810,1021919,259644021,False,DUE,,True,2025-01-25 19:58:00
20250125 19:58,A,Grand & Lamon,822,8553,1184,65,65,Westbound,Nordica,2025-01-25 19:58:00,65 -807,1021921,259644019,False,DUE,,True,2025-01-25 19:58:00
20250125 19:57,A,530 W Grand,772,8619,914,65,65,Westbound,Nordica,2025-01-25 19:58:00,65 -810,1021919,259644021,False,DUE,,True,2025-01-25 19:58:00
20250125 19:57,A,Grand & Thomas,805,8615,2423,65,65,Westbound,Nordica,2025-01-25 19:59:00,65 -801,1021920,259644020,False,DUE,,True,2025-01-25 19:59:00
20250125 19:57,A,Grand & Streeter,759,8534,640,29,29,Southbound,95th Red Line,2025-01-25 19:59:00,29 -172,671,259639570,True,DLY,,True,2025-01-25 00:00:00
20250125 19:57,A,Grand & Homan,18377,8615,1806,65,65,Westbound,Nordica,2025-01-25 19:59:00,65 -801,1021920,259644020,False,DUE,,True,2025-01-25 19:59:00
20250125 19:58,A,Grand & Leclaire/Armitage,823,8553,2296,65,65,Westbound,Nordica,2025-01-25 19:59:00,65 -807,1021921,259644019,False,DUE,,True,2025-01-25 19:59:00
20250125 19:57,A,Grand & Peshtigo,760,8534,1575,29,29,Southbound,95th Red Line,2025-01-25 20:00:00,29 -172,671,259639570,True,DLY,,True,2025-01-25 00:00:00
20250125 19:57,A,Grand & Division,808,8615,3608,65,65,Westbound,Nordica,2025-01-25 20:00:00,65 -801,1021920,259644020,False,2,,True,2025-01-25 20:00:00
20250125 19:57,A,Grand & Streeter,759,8265,873,124,124,Westbound,Ogilvie & Union Stations,2025-01-25 20:00:00,124 -203,1033088,259637289,False,2,,True,2025-01-25 20:00:00
20250125 19:57,A,Grand & Lawndale,809,8615,4289,65,65,Westbound,Nordica,2025-01-25 20:00:00,65 -801,1021920,259644020,False,2,,True,2025-01-25 20:00:00
20250125 19:57,A,Grand & Milwaukee (Blue Line),14774,8619,2413,65,65,Westbound,Nordica,2025-01-25 20:01:00,65 -810,1021919,259644021,False,3,,True,2025-01-25 20:01:00
20250125 19:57,A,Grand & Sacramento,800,8273,1471,52,52,Southbound,63rd Place,2025-01-25 20:01:00,52 -208,638,259641729,False,3,,True,2025-01-25 20:01:00
20250125 19:57,A,Grand & Hamlin,15557,8615,5029,65,65,Westbound,Nordica,2025-01-25 20:01:00,65 -801,1021920,259644020,False,3,,True,2025-01-25 20:01:00
20250125 19:57,A,Grand & Springfield,811,8615,5625,65,65,Westbound,Nordica,2025-01-25 20:01:00,65 -801,1021920,259644020,False,3,,True,2025-01-25 20:01:00
20250125 19:58,D,Grand & Nordica Terminal,668,8418,157,74,74,Eastbound,Halsted,2025-01-25 20:01:00,74 -809,22224659,259645502,False,3,,True,2025-01-25 20:01:00
20250125 19:58,A,Grand & Laramie,3883,8553,3295,65,65,Westbound,Nordica,2025-01-25 20:01:00,65 -807,1021921,259644019,False,3,,True,2025-01-25 20:01:00
20250125 19:58,A,Grand & Lockwood ,826,8553,3823,65,65,Westbound,Nordica,2025-01-25 20:01:00,65 -807,1021921,259644019,False,3,,True,2025-01-25 20:01:00
20250125 19:57,D,Grand & Nordica Terminal,668,8414,430,65,65,Eastbound,Navy Pier,2025-01-25 20:01:00,65 -804,1021928,259643951,False,3,,True,2025-01-25 20:01:00
20250125 19:58,A,Grand & Long,15450,8553,4750,65,65,Westbound,Nordica,2025-01-25 20:02:00,65 -807,1021921,259644019,False,4,,True,2025-01-25 20:02:00
20250125 19:57,A,Grand & Aberdeen,778,8619,4101,65,65,Westbound,Nordica,2025-01-25 20:02:00,65 -810,1021919,259644021,False,4,,True,2025-01-25 20:02:00
20250125 19:57,A,Grand & Morgan,15174,8619,3605,65,65,Westbound,Nordica,2025-01-25 20:02:00,65 -810,1021919,259644021,False,4,,True,2025-01-25 20:02:00
20250125 19:57,A,Grand & Peoria,776,8619,2847,65,65,Westbound,Nordica,2025-01-25 20:02:00,65 -810,1021919,259644021,False,4,,True,2025-01-25 20:02:00
20250125 19:58,A,5500 W Grand,828,8553,5160,65,65,Westbound,Nordica,2025-01-25 20:02:00,65 -807,1021921,259644019,False,4,,True,2025-01-25 20:02:00
20250125 19:58,A,Fullerton & Grand,15517,8578,6057,74,74,Westbound,Grand/Nordica,2025-01-25 20:02:00,74 -810,22224680,259645403,False,4,,True,2025-01-25 20:02:00
20250125 19:57,D,Navy Pier Terminal,14162,8579,58,65,65,Westbound,Nordica,2025-01-25 20:02:00,65 -806,1021918,259644022,False,4,,True,2025-01-25 20:02:00
20250125 19:57,A,Grand & Streeter,759,8617,719,66,66,Westbound,Austin,2025-01-25 20:02:00,66 -811,1078433,259644348,True,DLY,,True,2025-01-25 20:02:00
20250125 19:57,A,Grand & McClurg,589,8534,2228,29,29,Southbound,95th Red Line,2025-01-25 20:02:00,29 -172,671,259639570,True,DLY,,True,2025-01-25 00:00:00
20250125 19:57,A,Grand & Peshtigo,760,8265,1808,124,124,Westbound,Ogilvie & Union Stations,2025-01-25 20:02:00,124 -203,1033088,259637289,False,4,,True,2025-01-25 20:02:00
20250125 19:58,A,Grand & Major,830,8553,6575,65,65,Westbound,Nordica,2025-01-25 20:03:00,65 -807,1021921,259644019,False,5,,True,2025-01-25 20:03:00
20250125 19:58,A,Grand & Normandy ,840,8578,6852,74,74,Westbound,Grand/Nordica,2025-01-25 20:03:00,74 -810,22224680,259645403,False,5,,True,2025-01-25 20:03:00
20250125 19:57,A,Grand & Fairbanks/Columbus,590,8534,2768,29,29,Southbound,95th Red Line,2025-01-25 20:03:00,29 -172,671,259639570,True,DLY,,True,2025-01-25 00:00:00
20250125 19:58,A,Grand & Central ,829,8553,6062,65,65,Westbound,Nordica,2025-01-25 20:03:00,65 -807,1021921,259644019,False,5,,True,2025-01-25 20:03:00
20250125 19:58,A,Grand & Laramie,3883,8671,5503,73,73,Westbound,Laramie,2025-01-25 20:03:00,73 -852,60,259645331,False,5,,True,2025-01-25 20:03:00
20250125 19:57,A,Grand & Racine,780,8619,4846,65,65,Westbound,Nordica,2025-01-25 20:03:00,65 -810,1021919,259644021,False,5,,True,2025-01-25 20:03:00
20250125 19:57,A,Grand & McClurg,589,8265,2461,124,124,Westbound,Ogilvie & Union Stations,2025-01-25 20:03:00,124 -203,1033088,259637289,False,5,,True,2025-01-25 20:03:00
20250125 19:57,A,Grand & Peshtigo,760,8617,1654,66,66,Westbound,Austin,2025-01-25 20:03:00,66 -811,1078433,259644348,True,DLY,,True,2025-01-25 20:03:00
20250125 19:57,A,Grand & Pulaski,812,8615,6395,65,65,Westbound,Nordica,2025-01-25 20:03:00,65 -801,1021920,259644020,False,5,,True,2025-01-25 20:03:00
20250125 19:57,A,Grand & Ogden,781,8619,5271,65,65,Westbound,Nordica,2025-01-25 20:04:00,65 -810,1021919,259644021,False,6,,True,2025-01-25 20:04:00
20250125 19:58,A,Grand & Menard,15337,8553,7395,65,65,Westbound,Nordica,2025-01-25 20:04:00,65 -807,1021921,259644019,False,6,,True,2025-01-25 20:04:00
20250125 19:58,A,Grand & Oak Park,14809,8578,7696,74,74,Westbound,Grand/Nordica,2025-01-25 20:04:00,74 -810,22224680,259645403,False,6,,False,2025-01-25 20:06:00
20250125 19:57,A,Grand & St. Clair,761,8534,3432,29,29,Southbound,95th Red Line,2025-01-25 20:04:00,29 -172,671,259639570,True,DLY,,True,2025-01-25 00:00:00
20250125 19:58,A,Grand & Marmora,832,8553,7943,65,65,Westbound,Nordica,2025-01-25 20:04:00,65 -807,1021921,259644019,False,6,,True,2025-01-25 20:04:00
20250125 19:57,A,Grand & Streeter,759,8579,821,65,65,Westbound,Nordica,2025-01-25 20:04:00,65 -806,1021918,259644022,False,6,,True,2025-01-25 20:04:00
20250125 19:57,A,Grand & Noble,782,8619,6179,65,65,Westbound,Nordica,2025-01-25 20:04:00,65 -810,1021919,259644021,False,6,,True,2025-01-25 20:04:00
20250125 19:57,A,Grand & McClurg,589,8617,2307,66,66,Westbound,Austin,2025-01-25 20:04:00,66 -811,1078433,259644348,True,DLY,,True,2025-01-25 20:04:00
20250125 19:58,A,Grand & New England ,842,8578,8194,74,74,Westbound,Grand/Nordica,2025-01-25 20:04:00,74 -810,22224680,259645403,False,6,,False,2025-01-25 20:06:00
20250125 19:57,A,Grand & Ashland,784,8619,7510,65,65,Westbound,Nordica,2025-01-25 20:05:00,65 -810,1021919,259644021,False,7,,True,2025-01-25 20:05:00
20250125 19:57,A,Grand & Armour,783,8619,7085,65,65,Westbound,Nordica,2025-01-25 20:05:00,65 -810,1021919,259644021,False,7,,True,2025-01-25 20:05:00
20250125 19:58,A,Grand & Austin,833,8553,8625,65,65,Westbound,Nordica,2025-01-25 20:05:00,65 -807,1021921,259644019,False,7,,True,2025-01-25 20:05:00
20250125 19:58,A,Grand & Meade,834,8553,9315,65,65,Westbound,Nordica,2025-01-25 20:05:00,65 -807,1021921,259644019,False,7,,True,2025-01-25 20:05:00
20250125 19:57,A,Grand & Karlov,813,8615,7174,65,65,Westbound,Nordica,2025-01-25 20:05:00,65 -801,1021920,259644020,False,7,,True,2025-01-25 20:05:00
20250125 19:58,A,Grand & Sayre,844,8578,9027,74,74,Westbound,Grand/Nordica,2025-01-25 20:05:00,74 -810,22224680,259645403,False,7,,True,2025-01-25 20:05:00
20250125 19:57,A,Grand & Rush,16028,8534,4307,29,29,Southbound,95th Red Line,2025-01-25 20:05:00,29 -172,671,259639570,True,DLY,,True,2025-01-25 00:00:00
20250125 19:57,A,Grand & Fairbanks/Columbus,590,8617,2847,66,66,Westbound,Austin,2025-01-25 20:05:00,66 -811,1078433,259644348,True,DLY,,True,2025-01-25 20:05:00
20250125 19:57,A,Grand & Peshtigo,760,8579,1756,65,65,Westbound,Nordica,2025-01-25 20:06:00,65 -806,1021918,259644022,False,8,,True,2025-01-25 20:06:00
20250125 19:57,A,Grand & Wood,786,8619,8850,65,65,Westbound,Nordica,2025-01-25 20:06:00,65 -810,1021919,259644021,False,8,,True,2025-01-25 20:06:00
20250125 19:57,A,Grand & Paulina,785,8619,8197,65,65,Westbound,Nordica,2025-01-25 20:06:00,65 -810,1021919,259644021,False,8,,True,2025-01-25 20:06:00
20250125 19:57,A,Grand & Kildare,815,8615,8674,65,65,Westbound,Nordica,2025-01-25 20:06:00,65 -801,1021920,259644020,False,8,,True,2025-01-25 20:06:00
20250125 19:57,A,Grand & Keeler,814,8615,7929,65,65,Westbound,Nordica,2025-01-25 20:06:00,65 -801,1021920,259644020,False,8,,True,2025-01-25 20:06:00
20250125 19:58,A,Grand & Melvina,15335,8553,10191,65,65,Westbound,Nordica,2025-01-25 20:06:00,65 -807,1021921,259644019,False,8,,False,2025-01-25 20:08:00
20250125 19:57,A,Grand & McClurg,589,8579,2409,65,65,Westbound,Nordica,2025-01-25 20:07:00,65 -806,1021918,259644022,False,9,,True,2025-01-25 20:07:00
20250125 19:57,A,Grand & Wolcott,787,8619,9518,65,65,Westbound,Nordica,2025-01-25 20:07:00,65 -810,1021919,259644021,False,9,,True,2025-01-25 20:07:00
20250125 19:58,A,Grand & Mobile,836,8553,10689,65,65,Westbound,Nordica,2025-01-25 20:07:00,65 -807,1021921,259644019,False,9,,True,2025-01-25 20:07:00
20250125 19:57,A,Grand & Damen,18669,8619,10311,65,65,Westbound,Nordica,2025-01-25 20:08:00,65 -810,1021919,259644021,False,10,,True,2025-01-25 20:08:00
20250125 19:57,A,Grand & Fairbanks/Columbus,590,8579,2949,65,65,Westbound,Nordica,2025-01-25 20:08:00,65 -806,1021918,259644022,False,10,,True,2025-01-25 20:08:00
20250125 19:58,A,Grand & Natchez,838,8553,11998,65,65,Westbound,Nordica,2025-01-25 20:08:00,65 -807,1021921,259644019,False,10,,True,2025-01-25 20:08:00
20250125 19:57,A,Grand & Kostner,817,8615,9572,65,65,Westbound,Nordica,2025-01-25 20:08:00,65 -801,1021920,259644020,False,10,,True,2025-01-25 20:08:00
20250125 19:57,A,Grand & Kilbourn,818,8615,10142,65,65,Westbound,Nordica,2025-01-25 20:08:00,65 -801,1021920,259644020,False,10,,True,2025-01-25 20:08:00
20250125 19:58,A,Grand & Narragansett,837,8553,11412,65,65,Westbound,Nordica,2025-01-25 20:08:00,65 -807,1021921,259644019,False,10,,True,2025-01-25 20:08:00
20250125 19:57,A,Grand & Kenton ,819,8615,10675,65,65,Westbound,Nordica,2025-01-25 20:08:00,65 -801,1021920,259644020,False,10,,True,2025-01-25 20:08:00
20250125 19:57,A,Grand & Hoyne,789,8619,10829,65,65,Westbound,Nordica,2025-01-25 20:08:00,65 -810,1021919,259644021,False,10,,True,2025-01-25 20:08:00
20250125 19:57,A,Grand & Oakley,791,8619,12156,65,65,Westbound,Nordica,2025-01-25 20:09:00,65 -810,1021919,259644021,False,11,,True,2025-01-25 20:09:00
20250125 19:57,A,Grand & St. Clair,761,8579,3613,65,65,Westbound,Nordica,2025-01-25 20:09:00,65 -806,1021918,259644022,False,11,,True,2025-01-25 20:09:00
20250125 19:57,A,4700 W Grand,820,8615,11559,65,65,Westbound,Nordica,2025-01-25 20:09:00,65 -801,1021920,259644020,False,11,,True,2025-01-25 20:09:00
20250125 19:58,A,Fullerton & Grand,15517,8553,12697,65,65,Westbound,Nordica,2025-01-25 20:09:00,65 -807,1021921,259644019,False,11,,True,2025-01-25 20:09:00
20250125 19:57,A,Grand & Leavitt,790,8619,11486,65,65,Westbound,Nordica,2025-01-25 20:09:00,65 -810,1021919,259644021,False,11,,True,2025-01-25 20:09:00
20250125 19:57,A,Grand & Western,15340,8619,13043,65,65,Westbound,Nordica,2025-01-25 20:10:00,65 -810,1021919,259644021,False,12,,True,2025-01-25 20:10:00
20250125 19:57,A,Grand & Campbell,15338,8619,13865,65,65,Westbound,Nordica,2025-01-25 20:10:00,65 -810,1021919,259644021,False,12,,True,2025-01-25 20:10:00
20250125 19:57,A,Grand & Cicero,821,8615,12448,65,65,Westbound,Nordica,2025-01-25 20:10:00,65 -801,1021920,259644020,False,12,,True,2025-01-25 20:10:00
20250125 19:57,A,Grand & Rush,16028,8579,4488,65,65,Westbound,Nordica,2025-01-25 20:10:00,65 -806,1021918,259644022,False,12,,True,2025-01-25 20:10:00
20250125 19:57,A,Grand & Streeter,759,7902,914,66,66,Westbound,Austin,2025-01-25 20:10:00,66 -816,1078434,259644349,False,12,,True,2025-01-25 20:10:00
20250125 19:57,A,Grand & Lamon,822,8615,13555,65,65,Westbound,Nordica,2025-01-25 20:10:00,65 -801,1021920,259644020,False,12,,True,2025-01-25 20:10:00
20250125 19:58,A,Grand & Normandy ,840,8553,13492,65,65,Westbound,Nordica,2025-01-25 20:10:00,65 -807,1021921,259644019,False,12,,True,2025-01-25 20:10:00
20250125 19:57,A,Grand & Peshtigo,760,7902,1849,66,66,Westbound,Austin,2025-01-25 20:11:00,66 -816,1078434,259644349,False,13,,True,2025-01-25 20:11:00
20250125 19:57,A,Grand & Rockwell,794,8619,14384,65,65,Westbound,Nordica,2025-01-25 20:11:00,65 -810,1021919,259644021,False,13,,True,2025-01-25 20:11:00
20250125 19:57,A,Grand & State (Red Line),764,8579,5092,65,65,Westbound,Nordica,2025-01-25 20:11:00,65 -806,1021918,259644022,False,13,,True,2025-01-25 20:11:00
20250125 19:57,A,Grand & Washtenaw,796,8619,15159,65,65,Westbound,Nordica,2025-01-25 20:11:00,65 -810,1021919,259644021,False,13,,True,2025-01-25 20:11:00
20250125 19:58,A,Grand & New England ,842,8553,14834,65,65,Westbound,Nordica,2025-01-25 20:11:00,65 -807,1021921,259644019,False,13,,True,2025-01-25 20:11:00
20250125 19:58,A,Grand & Oak Park,14809,8553,14336,65,65,Westbound,Nordica,2025-01-25 20:11:00,65 -807,1021921,259644019,False,13,,True,2025-01-25 20:11:00
20250125 19:57,A,Grand & Leclaire/Armitage,823,8615,14667,65,65,Westbound,Nordica,2025-01-25 20:11:00,65 -801,1021920,259644020,False,13,,True,2025-01-25 20:11:00
20250125 19:57,A,Grand & Dearborn,765,8579,5518,65,65,Westbound,Nordica,2025-01-25 20:12:00,65 -806,1021918,259644022,False,14,,True,2025-01-25 20:12:00
20250125 19:57,A,Grand & Laramie,3883,8615,15666,65,65,Westbound,Nordica,2025-01-25 20:12:00,65 -801,1021920,259644020,False,14,,True,2025-01-25 20:12:00
20250125 19:57,A,Grand & Chicago,798,8619,16692,65,65,Westbound,Nordica,2025-01-25 20:12:00,65 -810,1021919,259644021,False,14,,True,2025-01-25 20:12:00
20250125 19:58,A,Grand & Sayre,844,8553,15667,65,65,Westbound,Nordica,2025-01-25 20:12:00,65 -807,1021921,259644019,False,14,,True,2025-01-25 20:12:00
20250125 19:57,A,Grand & California,797,8619,15883,65,65,Westbound,Nordica,2025-01-25 20:12:00,65 -810,1021919,259644021,False,14,,True,2025-01-25 20:12:00
20250125 19:57,A,Grand & Lockwood ,826,8615,16194,65,65,Westbound,Nordica,2025-01-25 20:12:00,65 -801,1021920,259644020,False,14,,True,2025-01-25 20:12:00
20250125 19:57,A,Grand & McClurg,589,7902,2502,66,66,Westbound,Austin,2025-01-25 20:12:00,66 -816,1078434,259644349,False,14,,True,2025-01-25 20:12:00
20250125 19:57,A,Grand & Long,15450,8615,17121,65,65,Westbound,Nordica,2025-01-25 20:13:00,65 -801,1021920,259644020,False,15,,True,2025-01-25 20:13:00
20250125 19:57,A,5500 W Grand,828,8615,17531,65,65,Westbound,Nordica,2025-01-25 20:13:00,65 -801,1021920,259644020,False,15,,True,2025-01-25 20:13:00
20250125 19:56,A,Fullerton & Grand,15517,8136,17333,74,74,Westbound,Grand/Nordica,2025-01-25 20:13:00,74 -801,22224679,259645404,False,15,,False,2025-01-25 20:16:00
20250125 19:57,A,Grand & Fairbanks/Columbus,590,7902,3042,66,66,Westbound,Austin,2025-01-25 20:13:00,66 -816,1078434,259644349,False,15,,True,2025-01-25 20:13:00
20250125 19:57,A,Grand & Sacramento,800,8619,17863,65,65,Westbound,Nordica,2025-01-25 20:13:00,65 -810,1021919,259644021,False,15,,True,2025-01-25 20:13:00
20250125 19:57,A,Grand & Clark,766,8579,5922,65,65,Westbound,Nordica,2025-01-25 20:13:00,65 -806,1021918,259644022,False,15,,True,2025-01-25 20:13:00
20250125 19:57,A,Grand & Major,830,8615,18946,65,65,Westbound,Nordica,2025-01-25 20:14:00,65 -801,1021920,259644020,False,16,,True,2025-01-25 20:14:00
20250125 19:57,A,Grand & Central ,829,8615,18433,65,65,Westbound,Nordica,2025-01-25 20:14:00,65 -801,1021920,259644020,False,16,,True,2025-01-25 20:14:00
20250125 19:57,A,Grand & Streeter,759,8475,693,29,29,Southbound,95th Red Line,2025-01-25 20:14:00,29 -170,670,259639526,False,16,,True,2025-01-25 20:14:00
20250125 19:57,A,Grand & Kedzie,802,8619,18942,65,65,Westbound,Nordica,2025-01-25 20:14:00,65 -810,1021919,259644021,False,16,,True,2025-01-25 20:14:00
20250125 19:56,A,Grand & Normandy ,840,8136,18128,74,74,Westbound,Grand/Nordica,2025-01-25 20:14:00,74 -801,22224679,259645404,False,16,,False,2025-01-25 20:17:00
20250125 19:57,A,Grand & Menard,15337,8615,19766,65,65,Westbound,Nordica,2025-01-25 20:15:00,65 -801,1021920,259644020,False,17,,True,2025-01-25 20:15:00
20250125 19:57,A,Grand & Streeter,759,8297,9898,124,124,Westbound,Ogilvie & Union Stations,2025-01-25 20:15:00,124 -202,1033089,259637290,False,17,,True,2025-01-25 20:15:00
20250125 19:56,A,Grand & Oak Park,14809,8136,18972,74,74,Westbound,Grand/Nordica,2025-01-25 20:15:00,74 -801,22224679,259645404,False,17,,False,2025-01-25 20:18:00
20250125 19:57,A,Grand & Augusta,18376,8619,19728,65,65,Westbound,Nordica,2025-01-25 20:15:00,65 -810,1021919,259644021,False,17,,True,2025-01-25 20:15:00
20250125 19:57,A,Grand & Franklin,769,8579,7135,65,65,Westbound,Nordica,2025-01-25 20:15:00,65 -806,1021918,259644022,False,17,,True,2025-01-25 20:15:00
20250125 19:57,A,Grand & Peshtigo,760,8475,1628,29,29,Southbound,95th Red Line,2025-01-25 20:15:00,29 -170,670,259639526,False,17,,True,2025-01-25 20:15:00
20250125 19:57,A,Grand & Marmora,832,8615,20314,65,65,Westbound,Nordica,2025-01-25 20:15:00,65 -801,1021920,259644020,False,17,,True,2025-01-25 20:15:00
20250125 19:57,A,Grand & McClurg,589,8475,2281,29,29,Southbound,95th Red Line,2025-01-25 20:16:00,29 -170,670,259639526,False,18,,True,2025-01-25 20:16:00
20250125 19:57,A,Grand & Thomas,805,8619,21210,65,65,Westbound,Nordica,2025-01-25 20:16:00,65 -810,1021919,259644021,False,18,,True,2025-01-25 20:16:00
20250125 19:57,A,Grand & Meade,834,8615,21686,65,65,Westbound,Nordica,2025-01-25 20:16:00,65 -801,1021920,259644020,False,18,,True,2025-01-25 20:16:00
20250125 19:57,A,Grand & Homan,18377,8619,20593,65,65,Westbound,Nordica,2025-01-25 20:16:00,65 -810,1021919,259644021,False,18,,True,2025-01-25 20:16:00
20250125 19:57,A,Grand & Austin,833,8615,20996,65,65,Westbound,Nordica,2025-01-25 20:16:00,65 -801,1021920,259644020,False,18,,True,2025-01-25 20:16:00
20250125 19:56,A,Grand & New England ,842,8136,19470,74,74,Westbound,Grand/Nordica,2025-01-25 20:16:00,74 -801,22224679,259645404,False,18,,False,2025-01-25 20:18:00
20250125 19:56,A,Grand & Sayre,844,8136,20303,74,74,Westbound,Grand/Nordica,2025-01-25 20:16:00,74 -801,22224679,259645404,False,18,,False,2025-01-25 20:19:00
20250125 19:57,A,Grand & Narragansett,837,8615,23783,65,65,Westbound,Nordica,2025-01-25 20:17:00,65 -801,1021920,259644020,False,19,,True,2025-01-25 20:17:00
20250125 19:57,A,Grand & Mobile,836,8615,23060,65,65,Westbound,Nordica,2025-01-25 20:17:00,65 -801,1021920,259644020,False,19,,True,2025-01-25 20:17:00
20250125 19:57,A,Grand & Laramie,3883,8162,15969,73,73,Westbound,Laramie,2025-01-25 20:17:00,73 -853,52,259645332,False,19,,True,2025-01-25 20:17:00
20250125 19:57,A,Grand & Fairbanks/Columbus,590,8475,2821,29,29,Southbound,95th Red Line,2025-01-25 20:17:00,29 -170,670,259639526,False,19,,True,2025-01-25 20:17:00
20250125 19:57,A,Grand & Kingsbury,771,8579,8383,65,65,Westbound,Nordica,2025-01-25 20:17:00,65 -806,1021918,259644022,False,19,,True,2025-01-25 20:17:00
20250125 19:57,A,Grand & Peshtigo,760,8297,10833,124,124,Westbound,Ogilvie & Union Stations,2025-01-25 20:17:00,124 -202,1033089,259637290,False,19,,True,2025-01-25 20:17:00
20250125 19:58,D,Grand & Nordica Terminal,668,8578,9795,74,74,Eastbound,Halsted,2025-01-25 20:17:00,74 -810,22224658,259645503,False,18,,True,2025-01-25 20:17:00
20250125 19:57,A,Grand & Melvina,15335,8615,22562,65,65,Westbound,Nordica,2025-01-25 20:17:00,65 -801,1021920,259644020,False,19,,True,2025-01-25 20:17:00
20250125 19:57,A,Grand & St. Clair,761,8475,3485,29,29,Southbound,95th Red Line,2025-01-25 20:18:00,29 -170,670,259639526,False,20,,True,2025-01-25 20:18:00
20250125 19:57,A,530 W Grand,772,8579,9141,65,65,Westbound,Nordica,2025-01-25 20:18:00,65 -806,1021918,259644022,False,20,,False,2025-01-25 20:20:00
20250125 19:57,A,Grand & Streeter,759,8682,4801,66,66,Westbound,Austin,2025-01-25 20:18:00,66 -812,1078435,259644350,False,20,,True,2025-01-25 20:18:00
20250125 19:57,A,Grand & McClurg,589,8297,11486,124,124,Westbound,Ogilvie & Union Stations,2025-01-25 20:18:00,124 -202,1033089,259637290,False,20,,True,2025-01-25 20:18:00
20250125 19:57,A,Grand & Division,808,8619,22395,65,65,Westbound,Nordica,2025-01-25 20:18:00,65 -810,1021919,259644021,False,20,,True,2025-01-25 20:18:00
20250125 19:57,A,Grand & Lawndale,809,8619,23076,65,65,Westbound,Nordica,2025-01-25 20:18:00,65 -810,1021919,259644021,False,20,,True,2025-01-25 20:18:00
20250125 19:57,A,Grand & Desplaines,15672,8579,9691,65,65,Westbound,Nordica,2025-01-25 20:18:00,65 -806,1021918,259644022,False,20,,False,2025-01-25 20:20:00
20250125 19:57,A,Grand & Natchez,838,8615,24369,65,65,Westbound,Nordica,2025-01-25 20:18:00,65 -801,1021920,259644020,False,20,,True,2025-01-25 20:18:00
20250125 19:57,A,Fullerton & Grand,15517,8615,25068,65,65,Westbound,Nordica,2025-01-25 20:18:00,65 -801,1021920,259644020,False,20,,True,2025-01-25 20:18:00
20250125 19:57,A,Grand & Rush,16028,8475,4360,29,29,Southbound,95th Red Line,2025-01-25 20:19:00,29 -170,670,259639526,False,21,,True,2025-01-25 20:19:00
20250125 19:57,A,Grand & Normandy ,840,8615,25863,65,65,Westbound,Nordica,2025-01-25 20:19:00,65 -801,1021920,259644020,False,21,,True,2025-01-25 20:19:00
20250125 19:57,A,Grand & Pulaski,812,8619,25182,65,65,Westbound,Nordica,2025-01-25 20:19:00,65 -810,1021919,259644021,False,21,,True,2025-01-25 20:19:00
20250125 19:57,A,Grand & Sacramento,800,8638,14294,52,52,Southbound,63rd Place,2025-01-25 20:19:00,52 -209,639,259641730,False,21,,True,2025-01-25 20:19:00
20250125 19:57,A,Grand & Springfield,811,8619,24412,65,65,Westbound,Nordica,2025-01-25 20:19:00,65 -810,1021919,259644021,False,21,,True,2025-01-25 20:19:00
20250125 19:57,A,Grand & Hamlin,15557,8619,23816,65,65,Westbound,Nordica,2025-01-25 20:19:00,65 -810,1021919,259644021,False,21,,True,2025-01-25 20:19:00
20250125 19:57,A,Grand & Peshtigo,760,8682,5736,66,66,Westbound,Austin,2025-01-25 20:19:00,66 -812,1078435,259644350,False,21,,True,2025-01-25 20:19:00
20250125 19:58,D,Grand & Nordica Terminal,668,8553,16435,65,65,Eastbound,Navy Pier,2025-01-25 20:19:00,65 -807,1021929,259643952,False,20,,True,2025-01-25 20:19:00
20250125 19:57,A,Grand & Milwaukee (Blue Line),14774,8579,10640,65,65,Westbound,Nordica,2025-01-25 20:20:00,65 -806,1021918,259644022,False,22,,False,2025-01-25 20:23:00
20250125 19:57,A,Grand & New England ,842,8615,27205,65,65,Westbound,Nordica,2025-01-25 20:20:00,65 -801,1021920,259644020,False,22,,True,2025-01-25 20:20:00
20250125 19:57,A,Grand & McClurg,589,8682,6389,66,66,Westbound,Austin,2025-01-25 20:20:00,66 -812,1078435,259644350,False,22,,True,2025-01-25 20:20:00
20250125 19:57,A,Grand & Peoria,776,8579,11074,65,65,Westbound,Nordica,2025-01-25 20:20:00,65 -806,1021918,259644022,False,22,,False,2025-01-25 20:24:00
20250125 19:57,A,Grand & Karlov,813,8619,25961,65,65,Westbound,Nordica,2025-01-25 20:20:00,65 -810,1021919,259644021,False,22,,True,2025-01-25 20:20:00
20250125 19:57,A,Grand & Oak Park,14809,8615,26707,65,65,Westbound,Nordica,2025-01-25 20:20:00,65 -801,1021920,259644020,False,22,,True,2025-01-25 20:20:00
20250125 19:57,A,Grand & Keeler,814,8619,26716,65,65,Westbound,Nordica,2025-01-25 20:20:00,65 -810,1021919,259644021,False,22,,True,2025-01-25 20:20:00
20250125 19:57,A,Grand & Fairbanks/Columbus,590,8682,6929,66,66,Westbound,Austin,2025-01-25 20:21:00,66 -812,1078435,259644350,False,23,,True,2025-01-25 20:21:00
20250125 19:57,A,Grand & Morgan,15174,8579,11832,65,65,Westbound,Nordica,2025-01-25 20:21:00,65 -806,1021918,259644022,False,23,,False,2025-01-25 20:24:00
20250125 19:57,A,Grand & Kildare,815,8619,27461,65,65,Westbound,Nordica,2025-01-25 20:21:00,65 -810,1021919,259644021,False,23,,True,2025-01-25 20:21:00
20250125 19:57,A,Grand & Aberdeen,778,8579,12328,65,65,Westbound,Nordica,2025-01-25 20:21:00,65 -806,1021918,259644022,False,23,,False,2025-01-25 20:24:00
20250125 19:57,A,Grand & Sayre,844,8615,28038,65,65,Westbound,Nordica,2025-01-25 20:21:00,65 -801,1021920,259644020,False,23,,True,2025-01-25 20:21:00
20250125 19:57,A,Grand & Kostner,817,8619,28359,65,65,Westbound,Nordica,2025-01-25 20:22:00,65 -810,1021919,259644021,False,24,,True,2025-01-25 20:22:00
20250125 19:57,A,Grand & Ogden,781,8579,13498,65,65,Westbound,Nordica,2025-01-25 20:22:00,65 -806,1021918,259644022,False,24,,False,2025-01-25 20:26:00
20250125 19:57,A,Grand & Racine,780,8579,13073,65,65,Westbound,Nordica,2025-01-25 20:22:00,65 -806,1021918,259644022,False,24,,False,2025-01-25 20:25:00
20250125 19:57,A,4700 W Grand,820,8619,30346,65,65,Westbound,Nordica,2025-01-25 20:23:00,65 -810,1021919,259644021,False,25,,True,2025-01-25 20:23:00
20250125 19:57,A,Grand & Kilbourn,818,8619,28929,65,65,Westbound,Nordica,2025-01-25 20:23:00,65 -810,1021919,259644021,False,25,,True,2025-01-25 20:23:00
20250125 19:57,A,Grand & Kenton ,819,8619,29462,65,65,Westbound,Nordica,2025-01-25 20:23:00,65 -810,1021919,259644021,False,25,,True,2025-01-25 20:23:00
20250125 19:57,A,Grand & Noble,782,8579,14406,65,65,Westbound,Nordica,2025-01-25 20:23:00,65 -806,1021918,259644022,False,25,,False,2025-01-25 20:26:00
20250125 19:57,A,Grand & Paulina,785,8579,16424,65,65,Westbound,Nordica,2025-01-25 20:24:00,65 -806,1021918,259644022,False,26,,False,2025-01-25 20:28:00
20250125 19:57,A,Grand & Armour,783,8579,15312,65,65,Westbound,Nordica,2025-01-25 20:24:00,65 -806,1021918,259644022,False,26,,False,2025-01-25 20:27:00
20250125 19:57,A,Grand & Ashland,784,8579,15737,65,65,Westbound,Nordica,2025-01-25 20:24:00,65 -806,1021918,259644022,False,26,,False,2025-01-25 20:28:00
20250125 19:57,A,Grand & Cicero,821,8619,31235,65,65,Westbound,Nordica,2025-01-25 20:24:00,65 -810,1021919,259644021,False,26,,True,2025-01-25 20:24:00
20250125 19:57,A,Grand & Lamon,822,8619,32342,65,65,Westbound,Nordica,2025-01-25 20:25:00,65 -810,1021919,259644021,False,27,,True,2025-01-25 20:25:00
20250125 19:57,A,Grand & Leclaire/Armitage,823,8619,33454,65,65,Westbound,Nordica,2025-01-25 20:25:00,65 -810,1021919,259644021,False,27,,True,2025-01-25 20:25:00
20250125 19:57,A,Grand & Wood,786,8579,17077,65,65,Westbound,Nordica,2025-01-25 20:25:00,65 -806,1021918,259644022,False,27,,False,2025-01-25 20:29:00
20250125 19:57,A,Grand & Laramie,3883,8619,34453,65,65,Westbound,Nordica,2025-01-25 20:26:00,65 -810,1021919,259644021,False,28,,True,2025-01-25 20:26:00
20250125 19:57,A,Grand & Wolcott,787,8579,17745,65,65,Westbound,Nordica,2025-01-25 20:26:00,65 -806,1021918,259644022,False,28,,False,2025-01-25 20:30:00
20250125 19:57,A,Grand & Hoyne,789,8579,19056,65,65,Westbound,Nordica,2025-01-25 20:27:00,65 -806,1021918,259644022,False,29,,False,2025-01-25 20:31:00
20250125 19:57,A,Grand & Lockwood ,826,8619,34981,65,65,Westbound,Nordica,2025-01-25 20:27:00,65 -810,1021919,259644021,False,29,,True,2025-01-25 20:27:00
20250125 19:57,A,Grand & Damen,18669,8579,18538,65,65,Westbound,Nordica,2025-01-25 20:27:00,65 -806,1021918,259644022,False,29,,False,2025-01-25 20:31:00
20250125 20:27,A,Grand & Major,830,8619,803,65,65,Westbound,Nordica,2025-01-25 20:27:00,65 -810,1021919,259644021,False,DUE,,True,2025-01-25 20:27:00
20250125 20:27,A,Grand & Noble,782,8579,856,65,65,Westbound,Nordica,2025-01-25 20:27:00,65 -806,1021918,259644022,False,DUE,,True,2025-01-25 20:27:00
20250125 20:26,A,Grand & Peshtigo,760,8603,541,66,66,Westbound,Austin,2025-01-25 20:27:00,66 -855,1078442,259644351,False,DUE,,True,2025-01-25 20:27:00
20250125 20:27,A,Grand & Streeter,759,1200,383,29,29,Southbound,95th Red Line,2025-01-25 20:28:00,29 -166,669,259639469,False,DUE,,True,2025-01-25 20:28:00
20250125 20:27,A,Grand & Marmora,832,8619,2171,65,65,Westbound,Nordica,2025-01-25 20:28:00,65 -810,1021919,259644021,False,DUE,,True,2025-01-25 20:28:00
20250125 20:27,A,Grand & Menard,15337,8619,1623,65,65,Westbound,Nordica,2025-01-25 20:28:00,65 -810,1021919,259644021,False,DUE,,True,2025-01-25 20:28:00
20250125 20:27,A,Grand & Armour,783,8579,1762,65,65,Westbound,Nordica,2025-01-25 20:28:00,65 -806,1021918,259644022,False,DUE,,True,2025-01-25 20:28:00
20250125 20:27,A,Grand & Ashland,784,8579,2187,65,65,Westbound,Nordica,2025-01-25 20:28:00,65 -806,1021918,259644022,False,DUE,,True,2025-01-25 20:28:00
20250125 20:26,A,Grand & McClurg,589,8603,1194,66,66,Westbound,Austin,2025-01-25 20:28:00,66 -855,1078442,259644351,False,DUE,,True,2025-01-25 20:28:00
20250125 20:26,A,Grand & Fairbanks/Columbus,590,8603,1734,66,66,Westbound,Austin,2025-01-25 20:29:00,66 -855,1078442,259644351,False,2,,True,2025-01-25 20:29:00
20250125 20:27,A,Grand & Paulina,785,8579,2874,65,65,Westbound,Nordica,2025-01-25 20:29:00,65 -806,1021918,259644022,False,DUE,,True,2025-01-25 20:29:00
20250125 20:27,A,Grand & Wood,786,8579,3527,65,65,Westbound,Nordica,2025-01-25 20:29:00,65 -806,1021918,259644022,False,2,,True,2025-01-25 20:29:00
20250125 20:27,A,Grand & Meade,834,8619,3543,65,65,Westbound,Nordica,2025-01-25 20:29:00,65 -810,1021919,259644021,False,2,,True,2025-01-25 20:29:00
20250125 20:27,A,Grand & Austin,833,8619,2853,65,65,Westbound,Nordica,2025-01-25 20:29:00,65 -810,1021919,259644021,False,DUE,,True,2025-01-25 20:29:00
20250125 20:27,A,Grand & Peshtigo,760,1200,1318,29,29,Southbound,95th Red Line,2025-01-25 20:29:00,29 -166,669,259639469,False,2,,True,2025-01-25 20:29:00
20250125 20:27,A,Grand & Mobile,836,8619,4917,65,65,Westbound,Nordica,2025-01-25 20:30:00,65 -810,1021919,259644021,False,3,,True,2025-01-25 20:30:00
20250125 20:27,A,Grand & Narragansett,837,8619,5640,65,65,Westbound,Nordica,2025-01-25 20:30:00,65 -810,1021919,259644021,False,3,,True,2025-01-25 20:30:00
20250125 20:27,A,Grand & McClurg,589,1200,1971,29,29,Southbound,95th Red Line,2025-01-25 20:30:00,29 -166,669,259639469,False,3,,True,2025-01-25 20:30:00
20250125 20:27,A,Grand & Wolcott,787,8579,4195,65,65,Westbound,Nordica,2025-01-25 20:30:00,65 -806,1021918,259644022,False,3,,True,2025-01-25 20:30:00
20250125 20:27,A,Grand & Melvina,15335,8619,4419,65,65,Westbound,Nordica,2025-01-25 20:30:00,65 -810,1021919,259644021,False,2,,True,2025-01-25 20:30:00
20250125 20:27,A,Fullerton & Grand,15517,8652,3194,74,74,Westbound,Grand/Nordica,2025-01-25 20:30:00,74 -853,22224678,259645405,False,2,,True,2025-01-25 20:30:00
20250125 20:27,A,Grand & Natchez,838,8619,6226,65,65,Westbound,Nordica,2025-01-25 20:31:00,65 -810,1021919,259644021,False,3,,True,2025-01-25 20:31:00
20250125 20:27,A,Fullerton & Grand,15517,8619,6925,65,65,Westbound,Nordica,2025-01-25 20:31:00,65 -810,1021919,259644021,False,4,,True,2025-01-25 20:31:00
20250125 20:27,A,Grand & Normandy ,840,8652,3989,74,74,Westbound,Grand/Nordica,2025-01-25 20:31:00,74 -853,22224678,259645405,False,4,,True,2025-01-25 20:31:00
20250125 20:27,A,Grand & Hoyne,789,8579,5506,65,65,Westbound,Nordica,2025-01-25 20:31:00,65 -806,1021918,259644022,False,4,,True,2025-01-25 20:31:00
20250125 20:27,A,Grand & Damen,18669,8579,4988,65,65,Westbound,Nordica,2025-01-25 20:31:00,65 -806,1021918,259644022,False,4,,True,2025-01-25 20:31:00
20250125 20:27,A,Grand & Leavitt,790,8579,6163,65,65,Westbound,Nordica,2025-01-25 20:32:00,65 -806,1021918,259644022,False,4,,True,2025-01-25 20:32:00
20250125 20:27,A,Grand & Normandy ,840,8619,7720,65,65,Westbound,Nordica,2025-01-25 20:32:00,65 -810,1021919,259644021,False,4,,True,2025-01-25 20:32:00
20250125 20:27,A,Grand & Oak Park,14809,8652,4833,74,74,Westbound,Grand/Nordica,2025-01-25 20:32:00,74 -853,22224678,259645405,False,4,,True,2025-01-25 20:27:00
20250125 20:27,A,Grand & St. Clair,761,1200,3175,29,29,Southbound,95th Red Line,2025-01-25 20:32:00,29 -166,669,259639469,False,5,,True,2025-01-25 20:32:00
20250125 20:27,A,Grand & New England ,842,8652,5331,74,74,Westbound,Grand/Nordica,2025-01-25 20:32:00,74 -853,22224678,259645405,False,5,,True,2025-01-25 20:27:00
20250125 20:27,A,Grand & Oakley,791,8579,6833,65,65,Westbound,Nordica,2025-01-25 20:32:00,65 -806,1021918,259644022,False,5,,True,2025-01-25 20:32:00
20250125 20:27,A,Grand & Fairbanks/Columbus,590,1200,2511,29,29,Southbound,95th Red Line,2025-01-25 20:32:00,29 -166,669,259639469,False,4,,True,2025-01-25 20:32:00
20250125 20:27,A,Grand & Oak Park,14809,8619,8564,65,65,Westbound,Nordica,2025-01-25 20:33:00,65 -810,1021919,259644021,False,5,,True,2025-01-25 20:33:00
20250125 20:27,A,Grand & New England ,842,8619,9062,65,65,Westbound,Nordica,2025-01-25 20:33:00,65 -810,1021919,259644021,False,6,,True,2025-01-25 20:33:00
20250125 20:27,A,Grand & Sayre,844,8652,6164,74,74,Westbound,Grand/Nordica,2025-01-25 20:33:00,74 -853,22224678,259645405,False,5,,True,2025-01-25 20:27:00
20250125 20:27,A,Grand & Western,15340,8579,7720,65,65,Westbound,Nordica,2025-01-25 20:33:00,65 -806,1021918,259644022,False,6,,True,2025-01-25 20:33:00
20250125 20:27,A,Grand & Campbell,15338,8579,8542,65,65,Westbound,Nordica,2025-01-25 20:34:00,65 -806,1021918,259644022,False,6,,True,2025-01-25 20:34:00
20250125 20:27,A,Grand & Rockwell,794,8579,9061,65,65,Westbound,Nordica,2025-01-25 20:34:00,65 -806,1021918,259644022,False,6,,True,2025-01-25 20:34:00
20250125 20:27,A,Grand & Washtenaw,796,8579,9836,65,65,Westbound,Nordica,2025-01-25 20:34:00,65 -806,1021918,259644022,False,7,,True,2025-01-25 20:34:00
20250125 20:27,A,Grand & Rush,16028,1200,4050,29,29,Southbound,95th Red Line,2025-01-25 20:34:00,29 -166,669,259639469,False,6,,True,2025-01-25 20:34:00
20250125 20:22,A,Grand & Streeter,759,8179,705,66,66,Westbound,Austin,2025-01-25 20:34:00,66 -856,1078601,259644352,False,6,,True,2025-01-25 20:34:00
20250125 20:27,A,Grand & Sayre,844,8619,9895,65,65,Westbound,Nordica,2025-01-25 20:34:00,65 -810,1021919,259644021,False,6,,True,2025-01-25 20:34:00
20250125 20:27,A,Grand & Chicago,798,8579,11369,65,65,Westbound,Nordica,2025-01-25 20:35:00,65 -806,1021918,259644022,False,8,,True,2025-01-25 20:35:00
20250125 20:27,A,Grand & Streeter,759,1168,4870,124,124,Westbound,Ogilvie & Union Stations,2025-01-25 20:35:00,124 -251,1033095,259637291,False,7,,False,2025-01-25 20:37:00
20250125 20:22,A,Grand & Peshtigo,760,8179,1640,66,66,Westbound,Austin,2025-01-25 20:35:00,66 -856,1078601,259644352,False,8,,False,2025-01-25 20:37:00
20250125 20:27,D,Grand & Nordica Terminal,668,8136,120,74,74,Eastbound,Halsted,2025-01-25 20:35:00,74 -801,22224657,259645504,False,7,,True,2025-01-25 20:35:00
20250125 20:27,A,Grand & California,797,8579,10560,65,65,Westbound,Nordica,2025-01-25 20:35:00,65 -806,1021918,259644022,False,7,,True,2025-01-25 20:35:00
20250125 20:22,A,Grand & McClurg,589,8179,2293,66,66,Westbound,Austin,2025-01-25 20:36:00,66 -856,1078601,259644352,False,9,,False,2025-01-25 20:39:00
20250125 20:27,A,Grand & Peshtigo,760,1168,5805,124,124,Westbound,Ogilvie & Union Stations,2025-01-25 20:36:00,124 -251,1033095,259637291,False,9,,False,2025-01-25 20:40:00
20250125 20:27,D,Grand & Nordica Terminal,668,8619,10663,65,65,Eastbound,Pulaski,2025-01-25 20:36:00,65 -810,1021989,259643953,False,8,,True,2025-01-25 20:36:00
20250125 20:22,A,Grand & Fairbanks/Columbus,590,8179,2833,66,66,Westbound,Austin,2025-01-25 20:37:00,66 -856,1078601,259644352,False,9,,False,2025-01-25 20:40:00
20250125 20:27,A,Grand & McClurg,589,1168,6458,124,124,Westbound,Ogilvie & Union Stations,2025-01-25 20:37:00,124 -251,1033095,259637291,False,10,,False,2025-01-25 20:42:00
20250125 20:27,A,Grand & Sacramento,800,8579,12540,65,65,Westbound,Nordica,2025-01-25 20:37:00,65 -806,1021918,259644022,False,9,,True,2025-01-25 20:37:00
20250125 20:27,A,Grand & Kedzie,802,8579,13619,65,65,Westbound,Nordica,2025-01-25 20:38:00,65 -806,1021918,259644022,False,10,,True,2025-01-25 20:38:00
20250125 20:27,A,Grand & Sacramento,800,8627,4729,52,52,Southbound,63rd Place,2025-01-25 20:38:00,52 -201,622,259641731,False,11,,True,2025-01-25 20:38:00
20250125 20:27,A,Grand & Augusta,18376,8579,14405,65,65,Westbound,Nordica,2025-01-25 20:38:00,65 -806,1021918,259644022,False,11,,True,2025-01-25 20:38:00
20250125 20:27,A,Fullerton & Grand,15517,8173,12003,74,74,Westbound,Grand/Nordica,2025-01-25 20:38:00,74 -852,22224674,259645406,False,11,,True,2025-01-25 20:38:00
20250125 20:27,D,Grand & Nordica Terminal,668,8615,65,65,65,Eastbound,Navy Pier,2025-01-25 20:39:00,65 -801,1021930,259643954,False,11,,True,2025-01-25 20:39:00
20250125 20:27,A,Grand & Homan,18377,8579,15270,65,65,Westbound,Nordica,2025-01-25 20:39:00,65 -806,1021918,259644022,False,11,,False,2025-01-25 20:41:00
20250125 20:27,A,Grand & Thomas,805,8579,15887,65,65,Westbound,Nordica,2025-01-25 20:39:00,65 -806,1021918,259644022,False,12,,False,2025-01-25 20:41:00
20250125 20:27,A,Grand & Normandy ,840,8173,12798,74,74,Westbound,Grand/Nordica,2025-01-25 20:39:00,74 -852,22224674,259645406,False,12,,True,2025-01-25 20:39:00
20250125 20:27,A,Grand & Oak Park,14809,8173,13642,74,74,Westbound,Grand/Nordica,2025-01-25 20:40:00,74 -852,22224674,259645406,False,13,,True,2025-01-25 20:40:00
20250125 20:27,A,Grand & Sayre,844,8173,14973,74,74,Westbound,Grand/Nordica,2025-01-25 20:41:00,74 -852,22224674,259645406,False,14,,True,2025-01-25 20:41:00
20250125 20:27,A,Grand & Division,808,8579,17072,65,65,Westbound,Nordica,2025-01-25 20:41:00,65 -806,1021918,259644022,False,14,,True,2025-01-25 20:41:00
20250125 20:27,A,Grand & Lawndale,809,8579,17753,65,65,Westbound,Nordica,2025-01-25 20:41:00,65 -806,1021918,259644022,False,14,,True,2025-01-25 20:41:00
20250125 20:27,A,Grand & New England ,842,8173,14140,74,74,Westbound,Grand/Nordica,2025-01-25 20:41:00,74 -852,22224674,259645406,False,13,,True,2025-01-25 20:41:00
20250125 20:27,A,Grand & Streeter,759,8176,2786,66,66,Westbound,Austin,2025-01-25 20:42:00,66 -813,1078602,259644353,False,14,,True,2025-01-25 20:42:00
20250125 20:27,A,Grand & Hamlin,15557,8579,18493,65,65,Westbound,Nordica,2025-01-25 20:42:00,65 -806,1021918,259644022,False,14,,True,2025-01-25 20:42:00
20250125 20:27,A,Grand & Springfield,811,8579,19089,65,65,Westbound,Nordica,2025-01-25 20:42:00,65 -806,1021918,259644022,False,15,,True,2025-01-25 20:42:00
20250125 20:26,D,Navy Pier Terminal,14162,8721,6538,65,65,Westbound,Nordica,2025-01-25 20:43:00,65 -803,1021916,259644024,False,16,,True,2025-01-25 20:43:00
20250125 20:27,A,Grand & Peshtigo,760,8176,3721,66,66,Westbound,Austin,2025-01-25 20:43:00,66 -813,1078602,259644353,False,16,,True,2025-01-25 20:43:00
20250125 20:27,A,Grand & Pulaski,812,8579,19859,65,65,Westbound,Nordica,2025-01-25 20:43:00,65 -806,1021918,259644022,False,15,,True,2025-01-25 20:43:00
20250125 20:27,A,Grand & Karlov,813,8579,20638,65,65,Westbound,Nordica,2025-01-25 20:43:00,65 -806,1021918,259644022,False,15,,True,2025-01-25 20:43:00
20250125 20:27,A,Grand & McClurg,589,8176,4374,66,66,Westbound,Austin,2025-01-25 20:44:00,66 -813,1078602,259644353,False,17,,True,2025-01-25 20:44:00
20250125 20:27,A,Grand & Keeler,814,8579,21393,65,65,Westbound,Nordica,2025-01-25 20:44:00,65 -806,1021918,259644022,False,16,,True,2025-01-25 20:44:00
20250125 20:27,A,Grand & Kildare,815,8579,22138,65,65,Westbound,Nordica,2025-01-25 20:44:00,65 -806,1021918,259644022,False,17,,True,2025-01-25 20:44:00
20250125 20:27,A,Grand & Fairbanks/Columbus,590,8176,4914,66,66,Westbound,Austin,2025-01-25 20:45:00,66 -813,1078602,259644353,False,17,,True,2025-01-25 20:45:00
20250125 20:26,A,Grand & Streeter,759,8721,7301,65,65,Westbound,Nordica,2025-01-25 20:45:00,65 -803,1021916,259644024,False,18,,True,2025-01-25 20:45:00
20250125 20:27,A,Grand & Streeter,759,1196,2112,29,29,Southbound,95th Red Line,2025-01-25 20:45:00,29 -168,668,259639556,True,DLY,,True,2025-01-25 00:00:00
20250125 20:27,A,Grand & Kostner,817,8579,23036,65,65,Westbound,Nordica,2025-01-25 20:46:00,65 -806,1021918,259644022,False,18,,True,2025-01-25 20:46:00
20250125 20:27,A,Grand & Kenton ,819,8579,24139,65,65,Westbound,Nordica,2025-01-25 20:46:00,65 -806,1021918,259644022,False,19,,True,2025-01-25 20:46:00
20250125 20:27,A,Grand & Peshtigo,760,1196,3047,29,29,Southbound,95th Red Line,2025-01-25 20:46:00,29 -168,668,259639556,True,DLY,,True,2025-01-25 00:00:00
20250125 20:27,A,Grand & Kilbourn,818,8579,23606,65,65,Westbound,Nordica,2025-01-25 20:46:00,65 -806,1021918,259644022,False,18,,True,2025-01-25 20:46:00
20250125 20:27,A,Grand & McClurg,589,1196,3700,29,29,Southbound,95th Red Line,2025-01-25 20:47:00,29 -168,668,259639556,True,DLY,,True,2025-01-25 00:00:00
20250125 20:27,A,4700 W Grand,820,8579,25023,65,65,Westbound,Nordica,2025-01-25 20:47:00,65 -806,1021918,259644022,False,19,,True,2025-01-25 20:47:00
20250125 20:26,A,Grand & Peshtigo,760,8721,8236,65,65,Westbound,Nordica,2025-01-25 20:47:00,65 -803,1021916,259644024,False,20,,True,2025-01-25 20:47:00
20250125 20:26,A,Grand & McClurg,589,8721,8889,65,65,Westbound,Nordica,2025-01-25 20:48:00,65 -803,1021916,259644024,False,21,,True,2025-01-25 20:48:00
20250125 20:27,A,Grand & Fairbanks/Columbus,590,1196,4240,29,29,Southbound,95th Red Line,2025-01-25 20:48:00,29 -168,668,259639556,True,DLY,,True,2025-01-25 00:00:00
20250125 20:27,A,Grand & Lamon,822,8579,27019,65,65,Westbound,Nordica,2025-01-25 20:48:00,65 -806,1021918,259644022,False,21,,True,2025-01-25 20:48:00
20250125 20:27,A,Grand & Cicero,821,8579,25912,65,65,Westbound,Nordica,2025-01-25 20:48:00,65 -806,1021918,259644022,False,20,,True,2025-01-25 20:48:00
20250125 20:27,A,Grand & Leclaire/Armitage,823,8579,28131,65,65,Westbound,Nordica,2025-01-25 20:49:00,65 -806,1021918,259644022,False,21,,True,2025-01-25 20:49:00
20250125 20:26,A,Grand & Fairbanks/Columbus,590,8721,9429,65,65,Westbound,Nordica,2025-01-25 20:49:00,65 -803,1021916,259644024,False,22,,True,2025-01-25 20:49:00
20250125 20:27,A,Grand & St. Clair,761,1196,4904,29,29,Southbound,95th Red Line,2025-01-25 20:49:00,29 -168,668,259639556,True,DLY,,True,2025-01-25 00:00:00
20250125 20:27,A,Grand & Laramie,3883,8579,29130,65,65,Westbound,Nordica,2025-01-25 20:50:00,65 -806,1021918,259644022,False,22,,True,2025-01-25 20:50:00
20250125 20:26,A,Grand & St. Clair,761,8721,10093,65,65,Westbound,Nordica,2025-01-25 20:50:00,65 -803,1021916,259644024,False,23,,True,2025-01-25 20:50:00
20250125 20:27,A,Grand & Lockwood ,826,8579,29658,65,65,Westbound,Nordica,2025-01-25 20:50:00,65 -806,1021918,259644022,False,23,,True,2025-01-25 20:50:00
20250125 20:27,A,Grand & Streeter,759,8424,4602,66,66,Westbound,Austin,2025-01-25 20:50:00,66 -801,1078603,259644354,False,22,,True,2025-01-25 20:50:00
20250125 20:27,A,Grand & Rush,16028,1196,5779,29,29,Southbound,95th Red Line,2025-01-25 20:51:00,29 -168,668,259639556,True,DLY,,True,2025-01-25 00:00:00
20250125 20:27,A,Grand & Long,15450,8579,30585,65,65,Westbound,Nordica,2025-01-25 20:51:00,65 -806,1021918,259644022,False,23,,True,2025-01-25 20:51:00
20250125 20:27,A,Grand & Peshtigo,760,8424,5537,66,66,Westbound,Austin,2025-01-25 20:51:00,66 -801,1078603,259644354,False,24,,True,2025-01-25 20:51:00
20250125 20:26,A,Grand & Rush,16028,8721,10968,65,65,Westbound,Nordica,2025-01-25 20:51:00,65 -803,1021916,259644024,False,24,,True,2025-01-25 20:51:00
20250125 20:27,A,5500 W Grand,828,8579,30995,65,65,Westbound,Nordica,2025-01-25 20:51:00,65 -806,1021918,259644022,False,23,,False,2025-01-25 20:53:00
20250125 20:27,A,Grand & Major,830,8579,32410,65,65,Westbound,Nordica,2025-01-25 20:52:00,65 -806,1021918,259644022,False,25,,False,2025-01-25 20:54:00
20250125 20:27,A,Grand & Central ,829,8579,31897,65,65,Westbound,Nordica,2025-01-25 20:52:00,65 -806,1021918,259644022,False,24,,True,2025-01-25 20:52:00
20250125 20:27,A,Grand & McClurg,589,8424,6190,66,66,Westbound,Austin,2025-01-25 20:52:00,66 -801,1078603,259644354,False,25,,True,2025-01-25 20:52:00
20250125 20:26,A,Grand & State (Red Line),764,8721,11572,65,65,Westbound,Nordica,2025-01-25 20:53:00,65 -803,1021916,259644024,False,25,,True,2025-01-25 20:53:00
20250125 20:27,A,Grand & Fairbanks/Columbus,590,8424,6730,66,66,Westbound,Austin,2025-01-25 20:53:00,66 -801,1078603,259644354,False,25,,True,2025-01-25 20:53:00
20250125 20:27,A,Grand & Austin,833,8579,34460,65,65,Westbound,Nordica,2025-01-25 20:53:00,65 -806,1021918,259644022,False,26,,False,2025-01-25 20:55:00
20250125 20:27,A,Grand & Marmora,832,8579,33778,65,65,Westbound,Nordica,2025-01-25 20:53:00,65 -806,1021918,259644022,False,25,,False,2025-01-25 20:55:00
20250125 20:27,A,Grand & Menard,15337,8579,33230,65,65,Westbound,Nordica,2025-01-25 20:53:00,65 -806,1021918,259644022,False,25,,True,2025-01-25 20:53:00
20250125 20:27,D,Grand & Nordica Terminal,668,8547,0,74,74,Eastbound,Halsted,2025-01-25 20:54:00,74 -855,22224656,259645505,False,26,,True,2025-01-25 20:54:00
20250125 20:26,A,Grand & Dearborn,765,8721,11998,65,65,Westbound,Nordica,2025-01-25 20:54:00,65 -803,1021916,259644024,False,26,,True,2025-01-25 20:54:00
20250125 20:27,A,Grand & Meade,834,8579,35150,65,65,Westbound,Nordica,2025-01-25 20:54:00,65 -806,1021918,259644022,False,26,,False,2025-01-25 20:56:00
20250125 20:27,A,Grand & Narragansett,837,8579,37247,65,65,Westbound,Nordica,2025-01-25 20:55:00,65 -806,1021918,259644022,False,28,,False,2025-01-25 20:57:00
20250125 20:27,A,Grand & Melvina,15335,8579,36026,65,65,Westbound,Nordica,2025-01-25 20:55:00,65 -806,1021918,259644022,False,27,,False,2025-01-25 20:57:00
20250125 20:26,A,Grand & Clark,766,8721,12402,65,65,Westbound,Nordica,2025-01-25 20:55:00,65 -803,1021916,259644024,False,27,,True,2025-01-25 20:55:00
20250125 20:27,A,Grand & Mobile,836,8579,36524,65,65,Westbound,Nordica,2025-01-25 20:55:00,65 -806,1021918,259644022,False,28,,False,2025-01-25 20:57:00
20250125 20:27,A,Grand & Natchez,838,8579,37833,65,65,Westbound,Nordica,2025-01-25 20:56:00,65 -806,1021918,259644022,False,28,,False,2025-01-25 20:58:00
20250125 20:27,A,Fullerton & Grand,15517,8579,38532,65,65,Westbound,Nordica,2025-01-25 20:56:00,65 -806,1021918,259644022,False,29,,False,2025-01-25 20:59:00
20250125 20:56,A,Grand & Streeter,759,8265,295,124,124,Westbound,Ogilvie & Union Stations,2025-01-25 20:57:00,124 -203,1033097,259637292,False,DUE,,True,2025-01-25 20:57:00
20250125 20:56,A,Grand & Austin,833,8579,845,65,65,Westbound,Nordica,2025-01-25 20:57:00,65 -806,1021918,259644022,False,DUE,,True,2025-01-25 20:57:00
20250125 20:56,A,Grand & Meade,834,8579,1535,65,65,Westbound,Nordica,2025-01-25 20:57:00,65 -806,1021918,259644022,False,DUE,,True,2025-01-25 20:57:00
20250125 20:56,A,Grand & Kingsbury,771,8721,1244,65,65,Westbound,Nordica,2025-01-25 20:58:00,65 -803,1021916,259644024,False,DUE,,True,2025-01-25 20:58:00
20250125 20:56,A,Grand & Streeter,759,8611,651,66,66,Westbound,Austin,2025-01-25 20:58:00,66 -814,1078604,259644355,False,DUE,,True,2025-01-25 20:58:00
20250125 20:56,A,530 W Grand,772,8721,2002,65,65,Westbound,Nordica,2025-01-25 20:58:00,65 -803,1021916,259644024,False,2,,True,2025-01-25 20:58:00
20250125 20:56,A,Grand & Sacramento,800,8105,1462,52,52,Southbound,63rd Place,2025-01-25 20:58:00,52 -206,624,259641732,False,DUE,,True,2025-01-25 20:58:00
20250125 20:56,A,Grand & Melvina,15335,8579,2411,65,65,Westbound,Nordica,2025-01-25 20:58:00,65 -806,1021918,259644022,False,DUE,,True,2025-01-25 20:58:00
20250125 20:56,A,Grand & Mobile,836,8579,2909,65,65,Westbound,Nordica,2025-01-25 20:58:00,65 -806,1021918,259644022,False,DUE,,True,2025-01-25 20:58:00
20250125 20:56,A,Grand & Desplaines,15672,8721,2552,65,65,Westbound,Nordica,2025-01-25 20:59:00,65 -803,1021916,259644024,False,2,,True,2025-01-25 20:59:00
20250125 20:56,A,Fullerton & Grand,15517,8579,4917,65,65,Westbound,Nordica,2025-01-25 20:59:00,65 -806,1021918,259644022,False,2,,True,2025-01-25 20:59:00
20250125 20:56,A,Grand & Natchez,838,8579,4218,65,65,Westbound,Nordica,2025-01-25 20:59:00,65 -806,1021918,259644022,False,2,,True,2025-01-25 20:59:00
20250125 20:56,A,Grand & Peshtigo,760,8265,1230,124,124,Westbound,Ogilvie & Union Stations,2025-01-25 20:59:00,124 -203,1033097,259637292,False,2,,True,2025-01-25 20:59:00
20250125 20:56,A,Grand & Peshtigo,760,8611,1586,66,66,Westbound,Austin,2025-01-25 20:59:00,66 -814,1078604,259644355,False,2,,True,2025-01-25 20:59:00
20250125 20:56,A,Grand & Narragansett,837,8579,3632,65,65,Westbound,Nordica,2025-01-25 20:59:00,65 -806,1021918,259644022,False,2,,True,2025-01-25 20:59:00
20250125 20:56,A,Grand & McClurg,589,8611,2239,66,66,Westbound,Austin,2025-01-25 21:00:00,66 -814,1078604,259644355,False,3,,True,2025-01-25 21:00:00
20250125 20:56,A,Grand & McClurg,589,8265,1883,124,124,Westbound,Ogilvie & Union Stations,2025-01-25 21:00:00,124 -203,1033097,259637292,False,3,,True,2025-01-25 21:00:00
20250125 20:56,A,Grand & Normandy ,840,8579,5712,65,65,Westbound,Nordica,2025-01-25 21:00:00,65 -806,1021918,259644022,False,3,,True,2025-01-25 21:00:00
20250125 20:56,A,Grand & Streeter,759,8540,640,29,29,Southbound,95th Red Line,2025-01-25 21:00:00,29 -157,667,259639582,False,3,,True,2025-01-25 21:00:00
20250125 20:56,A,Grand & Milwaukee (Blue Line),14774,8721,3501,65,65,Westbound,Nordica,2025-01-25 21:01:00,65 -803,1021916,259644024,False,4,,True,2025-01-25 21:01:00
20250125 20:56,A,Grand & Oak Park,14809,8579,6556,65,65,Westbound,Nordica,2025-01-25 21:01:00,65 -806,1021918,259644022,False,4,,True,2025-01-25 21:01:00
20250125 20:56,A,Grand & New England ,842,8579,7054,65,65,Westbound,Nordica,2025-01-25 21:01:00,65 -806,1021918,259644022,False,4,,False,2025-01-25 21:03:00
20250125 20:56,A,Grand & Peoria,776,8721,3935,65,65,Westbound,Nordica,2025-01-25 21:01:00,65 -803,1021916,259644024,False,4,,True,2025-01-25 21:01:00
20250125 20:56,A,Grand & Fairbanks/Columbus,590,8611,2779,66,66,Westbound,Austin,2025-01-25 21:01:00,66 -814,1078604,259644355,False,4,,True,2025-01-25 21:01:00
20250125 20:56,A,Grand & Peshtigo,760,8540,1575,29,29,Southbound,95th Red Line,2025-01-25 21:02:00,29 -157,667,259639582,False,5,,True,2025-01-25 21:02:00
20250125 20:57,A,Grand & Sayre,844,8579,7584,65,65,Westbound,Nordica,2025-01-25 21:02:00,65 -806,1021918,259644022,False,5,,True,2025-01-25 21:02:00
20250125 20:56,A,Grand & Morgan,15174,8721,4693,65,65,Westbound,Nordica,2025-01-25 21:02:00,65 -803,1021916,259644024,False,5,,True,2025-01-25 21:02:00
20250125 20:56,A,Grand & Aberdeen,778,8721,5189,65,65,Westbound,Nordica,2025-01-25 21:02:00,65 -803,1021916,259644024,False,5,,True,2025-01-25 21:02:00
20250125 20:56,A,Grand & Noble,782,8721,7267,65,65,Westbound,Nordica,2025-01-25 21:03:00,65 -803,1021916,259644024,False,6,,False,2025-01-25 21:05:00
20250125 20:56,A,Grand & Racine,780,8721,5934,65,65,Westbound,Nordica,2025-01-25 21:03:00,65 -803,1021916,259644024,False,6,,True,2025-01-25 21:03:00
20250125 20:56,A,Grand & Ogden,781,8721,6359,65,65,Westbound,Nordica,2025-01-25 21:03:00,65 -803,1021916,259644024,False,6,,True,2025-01-25 21:03:00
20250125 20:56,A,Grand & McClurg,589,8540,2228,29,29,Southbound,95th Red Line,2025-01-25 21:03:00,29 -157,667,259639582,False,6,,True,2025-01-25 21:03:00
20250125 20:56,A,Grand & Armour,783,8721,8173,65,65,Westbound,Nordica,2025-01-25 21:04:00,65 -803,1021916,259644024,False,7,,False,2025-01-25 21:06:00
20250125 20:56,A,Grand & Ashland,784,8721,8598,65,65,Westbound,Nordica,2025-01-25 21:04:00,65 -803,1021916,259644024,False,7,,False,2025-01-25 21:06:00
20250125 20:56,A,Grand & Fairbanks/Columbus,590,8540,2768,29,29,Southbound,95th Red Line,2025-01-25 21:04:00,29 -157,667,259639582,False,8,,True,2025-01-25 21:04:00
20250125 20:56,A,Grand & St. Clair,761,8540,3432,29,29,Southbound,95th Red Line,2025-01-25 21:05:00,29 -157,667,259639582,False,9,,True,2025-01-25 21:05:00
20250125 20:56,A,Grand & Wood,786,8721,9938,65,65,Westbound,Nordica,2025-01-25 21:05:00,65 -803,1021916,259644024,False,8,,False,2025-01-25 21:08:00
20250125 20:56,A,Grand & Paulina,785,8721,9285,65,65,Westbound,Nordica,2025-01-25 21:05:00,65 -803,1021916,259644024,False,8,,False,2025-01-25 21:07:00
20250125 20:56,A,Grand & Wolcott,787,8721,10606,65,65,Westbound,Nordica,2025-01-25 21:06:00,65 -803,1021916,259644024,False,9,,False,2025-01-25 21:09:00
20250125 20:56,A,Grand & Streeter,759,8548,1223,66,66,Westbound,Austin,2025-01-25 21:06:00,66 -817,1078605,259644356,False,9,,True,2025-01-25 21:06:00
20250125 20:56,A,Grand & Damen,18669,8721,11399,65,65,Westbound,Nordica,2025-01-25 21:07:00,65 -803,1021916,259644024,False,10,,False,2025-01-25 21:10:00
20250125 20:56,A,Grand & Rush,16028,8540,4307,29,29,Southbound,95th Red Line,2025-01-25 21:07:00,29 -157,667,259639582,False,10,,True,2025-01-25 21:07:00
20250125 20:56,A,Grand & Peshtigo,760,8548,2158,66,66,Westbound,Austin,2025-01-25 21:08:00,66 -817,1078605,259644356,False,11,,True,2025-01-25 21:08:00
20250125 20:56,A,Grand & Hoyne,789,8721,11917,65,65,Westbound,Nordica,2025-01-25 21:08:00,65 -803,1021916,259644024,False,11,,False,2025-01-25 21:11:00
20250125 20:56,A,Grand & Leavitt,790,8721,12574,65,65,Westbound,Nordica,2025-01-25 21:08:00,65 -803,1021916,259644024,False,11,,False,2025-01-25 21:11:00
20250125 20:56,A,Grand & Oakley,791,8721,13244,65,65,Westbound,Nordica,2025-01-25 21:09:00,65 -803,1021916,259644024,False,12,,False,2025-01-25 21:13:00
20250125 20:56,A,Grand & Western,15340,8721,14131,65,65,Westbound,Nordica,2025-01-25 21:09:00,65 -803,1021916,259644024,False,13,,False,2025-01-25 21:14:00
20250125 20:56,A,Grand & Normandy ,840,1964,12725,74,74,Westbound,Grand/Nordica,2025-01-25 21:09:00,74 -811,22224671,259645408,False,12,,True,2025-01-25 21:09:00
20250125 20:56,A,Fullerton & Grand,15517,1964,11930,74,74,Westbound,Grand/Nordica,2025-01-25 21:09:00,74 -811,22224671,259645408,False,12,,True,2025-01-25 21:09:00
20250125 20:57,D,Grand & Nordica Terminal,668,8579,8352,65,65,Eastbound,Navy Pier,2025-01-25 21:09:00,65 -806,1021931,259643955,False,12,,True,2025-01-25 21:09:00
20250125 20:56,A,Grand & Streeter,759,1196,2113,29,29,Southbound,95th Red Line,2025-01-25 21:09:00,29 -168,668,259639556,True,DLY,,True,2025-01-25 00:00:00
20250125 20:56,A,Grand & McClurg,589,8548,2811,66,66,Westbound,Austin,2025-01-25 21:09:00,66 -817,1078605,259644356,False,12,,True,2025-01-25 21:09:00
20250125 20:56,A,Grand & Fairbanks/Columbus,590,8548,3351,66,66,Westbound,Austin,2025-01-25 21:09:00,66 -817,1078605,259644356,False,13,,True,2025-01-25 21:09:00
20250125 20:56,A,Grand & Peshtigo,760,1196,3048,29,29,Southbound,95th Red Line,2025-01-25 21:10:00,29 -168,668,259639556,True,DLY,,True,2025-01-25 00:00:00
20250125 20:56,A,Grand & Campbell,15338,8721,14953,65,65,Westbound,Nordica,2025-01-25 21:10:00,65 -803,1021916,259644024,False,13,,False,2025-01-25 21:15:00
20250125 20:56,A,Grand & Rockwell,794,8721,15472,65,65,Westbound,Nordica,2025-01-25 21:11:00,65 -803,1021916,259644024,False,14,,False,2025-01-25 21:16:00
20250125 20:56,A,Grand & Sayre,844,1964,14900,74,74,Westbound,Grand/Nordica,2025-01-25 21:11:00,74 -811,22224671,259645408,False,14,,True,2025-01-25 20:57:00
20250125 20:56,A,Grand & New England ,842,1964,14067,74,74,Westbound,Grand/Nordica,2025-01-25 21:11:00,74 -811,22224671,259645408,False,14,,True,2025-01-25 20:57:00
20250125 20:56,A,Grand & Oak Park,14809,1964,13569,74,74,Westbound,Grand/Nordica,2025-01-25 21:11:00,74 -811,22224671,259645408,False,14,,True,2025-01-25 20:57:00
20250125 20:56,A,Grand & Washtenaw,796,8721,16247,65,65,Westbound,Nordica,2025-01-25 21:11:00,65 -803,1021916,259644024,False,14,,False,2025-01-25 21:17:00
20250125 20:56,A,Grand & McClurg,589,1196,3701,29,29,Southbound,95th Red Line,2025-01-25 21:12:00,29 -168,668,259639556,True,DLY,,True,2025-01-25 00:00:00
20250125 20:56,A,Grand & California,797,8721,16971,65,65,Westbound,Nordica,2025-01-25 21:12:00,65 -803,1021916,259644024,False,15,,False,2025-01-25 21:17:00
20250125 20:56,A,Grand & Chicago,798,8721,17780,65,65,Westbound,Nordica,2025-01-25 21:13:00,65 -803,1021916,259644024,False,16,,False,2025-01-25 21:17:00
20250125 20:56,A,Grand & Fairbanks/Columbus,590,1196,4241,29,29,Southbound,95th Red Line,2025-01-25 21:13:00,29 -168,668,259639556,True,DLY,,True,2025-01-25 00:00:00
20250125 20:56,D,Navy Pier Terminal,14162,8414,6291,65,65,Westbound,Nordica,2025-01-25 21:13:00,65 -804,1021915,259644025,False,16,,True,2025-01-25 21:13:00
20250125 20:56,A,Grand & Kedzie,802,8721,20030,65,65,Westbound,Nordica,2025-01-25 21:14:00,65 -803,1021916,259644024,False,17,,False,2025-01-25 21:19:00
20250125 20:56,A,Grand & Sacramento,800,8721,18951,65,65,Westbound,Nordica,2025-01-25 21:14:00,65 -803,1021916,259644024,False,17,,False,2025-01-25 21:19:00
20250125 20:56,A,Grand & St. Clair,761,1196,4905,29,29,Southbound,95th Red Line,2025-01-25 21:14:00,29 -168,668,259639556,True,DLY,,True,2025-01-25 00:00:00
20250125 20:56,A,Grand & Augusta,18376,8721,20816,65,65,Westbound,Nordica,2025-01-25 21:15:00,65 -803,1021916,259644024,False,18,,False,2025-01-25 21:20:00
20250125 20:56,A,Grand & Streeter,759,8546,1049,29,29,Southbound,95th Red Line,2025-01-25 21:15:00,29 -158,666,259639484,False,18,,True,2025-01-25 21:15:00
20250125 20:56,A,Grand & Streeter,759,8433,7532,66,66,Westbound,Austin,2025-01-25 21:15:00,66 -802,1078606,259644357,False,18,,True,2025-01-25 21:15:00
20250125 20:56,A,Grand & Streeter,759,8414,7054,65,65,Westbound,Nordica,2025-01-25 21:15:00,65 -804,1021915,259644025,False,18,,True,2025-01-25 21:15:00
20250125 20:56,A,Grand & Rush,16028,1196,5780,29,29,Southbound,95th Red Line,2025-01-25 21:15:00,29 -168,668,259639556,True,DLY,,False,2025-01-25 21:26:00
20250125 20:56,A,Grand & Peshtigo,760,8414,7989,65,65,Westbound,Nordica,2025-01-25 21:16:00,65 -804,1021915,259644025,False,19,,True,2025-01-25 21:16:00
20250125 20:56,A,Grand & Homan,18377,8721,21681,65,65,Westbound,Nordica,2025-01-25 21:16:00,65 -803,1021916,259644024,False,19,,False,2025-01-25 21:21:00
20250125 20:56,A,Grand & Peshtigo,760,8433,8467,66,66,Westbound,Austin,2025-01-25 21:16:00,66 -802,1078606,259644357,False,19,,True,2025-01-25 21:16:00
20250125 20:56,A,Grand & Thomas,805,8721,22298,65,65,Westbound,Nordica,2025-01-25 21:16:00,65 -803,1021916,259644024,False,20,,False,2025-01-25 21:21:00
20250125 20:56,A,Grand & McClurg,589,8414,8642,65,65,Westbound,Nordica,2025-01-25 21:17:00,65 -804,1021915,259644025,False,20,,True,2025-01-25 21:17:00
20250125 20:56,A,Grand & Peshtigo,760,8546,1984,29,29,Southbound,95th Red Line,2025-01-25 21:17:00,29 -158,666,259639484,False,20,,True,2025-01-25 21:17:00
20250125 20:56,A,Grand & McClurg,589,8433,9120,66,66,Westbound,Austin,2025-01-25 21:17:00,66 -802,1078606,259644357,False,20,,True,2025-01-25 21:17:00
20250125 20:56,A,Grand & Lawndale,809,8721,24164,65,65,Westbound,Nordica,2025-01-25 21:18:00,65 -803,1021916,259644024,False,21,,False,2025-01-25 21:23:00
20250125 20:56,A,Grand & McClurg,589,8546,2637,29,29,Southbound,95th Red Line,2025-01-25 21:18:00,29 -158,666,259639484,False,21,,True,2025-01-25 21:18:00
20250125 20:56,A,Grand & Fairbanks/Columbus,590,8433,9660,66,66,Westbound,Austin,2025-01-25 21:18:00,66 -802,1078606,259644357,False,21,,True,2025-01-25 21:18:00
20250125 20:56,A,Grand & Division,808,8721,23483,65,65,Westbound,Nordica,2025-01-25 21:18:00,65 -803,1021916,259644024,False,21,,False,2025-01-25 21:22:00
20250125 20:56,A,Grand & St. Clair,761,8414,9846,65,65,Westbound,Nordica,2025-01-25 21:19:00,65 -804,1021915,259644025,False,23,,True,2025-01-25 21:19:00
20250125 20:56,A,Grand & Springfield,811,8721,25500,65,65,Westbound,Nordica,2025-01-25 21:19:00,65 -803,1021916,259644024,False,22,,False,2025-01-25 21:24:00
20250125 20:56,A,Grand & Fairbanks/Columbus,590,8414,9182,65,65,Westbound,Nordica,2025-01-25 21:19:00,65 -804,1021915,259644025,False,22,,True,2025-01-25 21:19:00
20250125 20:56,A,Grand & Hamlin,15557,8721,24904,65,65,Westbound,Nordica,2025-01-25 21:19:00,65 -803,1021916,259644024,False,22,,False,2025-01-25 21:24:00
20250125 20:56,A,Grand & Sacramento,800,8628,18239,52,52,Southbound,63rd Place,2025-01-25 21:19:00,52 -251,625,259641733,False,22,,True,2025-01-25 21:19:00
20250125 20:56,A,Grand & Pulaski,812,8721,26270,65,65,Westbound,Nordica,2025-01-25 21:20:00,65 -803,1021916,259644024,False,23,,False,2025-01-25 21:25:00
20250125 20:56,A,Grand & Karlov,813,8721,27049,65,65,Westbound,Nordica,2025-01-25 21:20:00,65 -803,1021916,259644024,False,23,,False,2025-01-25 21:26:00
20250125 20:56,A,Grand & Fairbanks/Columbus,590,8546,3177,29,29,Southbound,95th Red Line,2025-01-25 21:20:00,29 -158,666,259639484,False,23,,True,2025-01-25 21:20:00
20250125 20:56,D,Navy Pier Terminal,14162,8553,13286,65,65,Westbound,Nordica,2025-01-25 21:20:00,65 -807,1021914,259644026,False,23,,True,2025-01-25 21:20:00
20250125 20:56,A,Grand & St. Clair,761,8546,3841,29,29,Southbound,95th Red Line,2025-01-25 21:21:00,29 -158,666,259639484,False,24,,True,2025-01-25 21:21:00
20250125 20:56,A,Grand & Rush,16028,8414,10721,65,65,Westbound,Nordica,2025-01-25 21:21:00,65 -804,1021915,259644025,False,24,,True,2025-01-25 21:21:00
20250125 20:56,A,Grand & Keeler,814,8721,27804,65,65,Westbound,Nordica,2025-01-25 21:21:00,65 -803,1021916,259644024,False,24,,False,2025-01-25 21:26:00
20250125 20:56,A,Fullerton & Grand,15517,8425,22215,74,74,Westbound,Grand/Nordica,2025-01-25 21:21:00,74 -854,22224668,259645409,False,24,,True,2025-01-25 21:21:00
20250125 20:56,A,Grand & Streeter,759,8553,14049,65,65,Westbound,Nordica,2025-01-25 21:22:00,65 -807,1021914,259644026,False,25,,True,2025-01-25 21:22:00
20250125 20:56,A,Grand & Normandy ,840,8425,23010,74,74,Westbound,Grand/Nordica,2025-01-25 21:22:00,74 -854,22224668,259645409,False,25,,True,2025-01-25 21:22:00
20250125 20:56,A,Grand & State (Red Line),764,8414,11325,65,65,Westbound,Nordica,2025-01-25 21:22:00,65 -804,1021915,259644025,False,25,,True,2025-01-25 21:22:00
20250125 20:56,A,Grand & Kildare,815,8721,28549,65,65,Westbound,Nordica,2025-01-25 21:22:00,65 -803,1021916,259644024,False,25,,False,2025-01-25 21:27:00
20250125 20:56,A,Grand & Rush,16028,8546,4716,29,29,Southbound,95th Red Line,2025-01-25 21:22:00,29 -158,666,259639484,False,26,,True,2025-01-25 21:22:00
20250125 20:56,A,Grand & Dearborn,765,8414,11751,65,65,Westbound,Nordica,2025-01-25 21:23:00,65 -804,1021915,259644025,False,26,,True,2025-01-25 21:23:00
20250125 20:56,A,Grand & New England ,842,8425,24352,74,74,Westbound,Grand/Nordica,2025-01-25 21:23:00,74 -854,22224668,259645409,False,26,,False,2025-01-25 21:25:00
20250125 20:56,A,Grand & Oak Park,14809,8425,23854,74,74,Westbound,Grand/Nordica,2025-01-25 21:23:00,74 -854,22224668,259645409,False,26,,True,2025-01-25 21:23:00
20250125 20:56,A,Grand & Kostner,817,8721,29447,65,65,Westbound,Nordica,2025-01-25 21:23:00,65 -803,1021916,259644024,False,26,,False,2025-01-25 21:28:00
20250125 20:56,A,Grand & Kilbourn,818,8721,30017,65,65,Westbound,Nordica,2025-01-25 21:23:00,65 -803,1021916,259644024,False,26,,False,2025-01-25 21:28:00
20250125 20:56,A,Grand & Peshtigo,760,8553,14984,65,65,Westbound,Nordica,2025-01-25 21:23:00,65 -807,1021914,259644026,False,26,,True,2025-01-25 21:23:00
20250125 20:56,A,Grand & Streeter,759,1168,16471,124,124,Westbound,Ogilvie & Union Stations,2025-01-25 21:23:00,124 -251,1033101,259637293,False,26,,True,2025-01-25 21:23:00
20250125 20:56,A,Grand & Streeter,759,8137,11578,66,66,Westbound,Austin,2025-01-25 21:24:00,66 -808,1078607,259644358,False,27,,True,2025-01-25 21:24:00
20250125 20:56,A,Grand & Sayre,844,8425,25185,74,74,Westbound,Grand/Nordica,2025-01-25 21:24:00,74 -854,22224668,259645409,False,27,,True,2025-01-25 21:24:00
20250125 20:56,A,Grand & McClurg,589,8553,15637,65,65,Westbound,Nordica,2025-01-25 21:24:00,65 -807,1021914,259644026,False,27,,True,2025-01-25 21:24:00
20250125 20:56,A,Grand & Kenton ,819,8721,30550,65,65,Westbound,Nordica,2025-01-25 21:24:00,65 -803,1021916,259644024,False,27,,False,2025-01-25 21:29:00
20250125 20:56,A,Grand & Clark,766,8414,12155,65,65,Westbound,Nordica,2025-01-25 21:24:00,65 -804,1021915,259644025,False,27,,True,2025-01-25 21:24:00
20250125 20:56,A,4700 W Grand,820,8721,31434,65,65,Westbound,Nordica,2025-01-25 21:24:00,65 -803,1021916,259644024,False,27,,False,2025-01-25 21:29:00
20250125 20:56,A,Grand & Fairbanks/Columbus,590,8553,16177,65,65,Westbound,Nordica,2025-01-25 21:25:00,65 -807,1021914,259644026,False,29,,True,2025-01-25 21:25:00
20250125 20:56,A,Grand & Peshtigo,760,8137,12513,66,66,Westbound,Austin,2025-01-25 21:25:00,66 -808,1078607,259644358,False,28,,True,2025-01-25 21:25:00
20250125 20:56,A,Grand & Peshtigo,760,1168,17406,124,124,Westbound,Ogilvie & Union Stations,2025-01-25 21:25:00,124 -251,1033101,259637293,False,28,,True,2025-01-25 21:25:00
20250125 20:56,A,Grand & Cicero,821,8721,32323,65,65,Westbound,Nordica,2025-01-25 21:25:00,65 -803,1021916,259644024,False,28,,False,2025-01-25 21:31:00
20250125 20:56,A,Grand & McClurg,589,1168,18059,124,124,Westbound,Ogilvie & Union Stations,2025-01-25 21:26:00,124 -251,1033101,259637293,False,29,,True,2025-01-25 21:26:00
20250125 20:56,A,Grand & Franklin,769,8414,13368,65,65,Westbound,Nordica,2025-01-25 21:26:00,65 -804,1021915,259644025,False,29,,True,2025-01-25 21:26:00
20250125 20:56,A,Grand & Lamon,822,8721,33430,65,65,Westbound,Nordica,2025-01-25 21:26:00,65 -803,1021916,259644024,False,29,,False,2025-01-25 21:31:00
20250125 21:26,A,Grand & Racine,780,8414,886,65,65,Westbound,Nordica,2025-01-25 21:26:00,65 -804,1021915,259644025,False,DUE,,True,2025-01-25 21:26:00
20250125 21:26,A,Grand & Kildare,815,8721,802,65,65,Westbound,Nordica,2025-01-25 21:26:00,65 -803,1021916,259644024,False,DUE,,True,2025-01-25 21:26:00
20250125 21:26,A,Grand & Aberdeen,778,8414,141,65,65,Westbound,Nordica,2025-01-25 21:26:00,65 -804,1021915,259644025,False,DUE,,True,2025-01-25 21:26:00
20250125 21:25,A,Grand & Rush,16028,1196,942,29,29,Southbound,95th Red Line,2025-01-25 21:27:00,29 -168,668,259639556,False,DUE,,True,2025-01-25 21:27:00
20250125 21:26,A,Grand & Ogden,781,8414,1311,65,65,Westbound,Nordica,2025-01-25 21:27:00,65 -804,1021915,259644025,False,DUE,,True,2025-01-25 21:27:00
20250125 21:25,A,Grand & Rush,16028,8553,875,65,65,Westbound,Nordica,2025-01-25 21:27:00,65 -807,1021914,259644026,False,DUE,,True,2025-01-25 21:27:00
20250125 21:26,A,Grand & Peshtigo,760,8137,583,66,66,Westbound,Austin,2025-01-25 21:27:00,66 -808,1078607,259644358,False,DUE,,True,2025-01-25 21:27:00
20250125 21:26,A,Grand & Noble,782,8414,2219,65,65,Westbound,Nordica,2025-01-25 21:28:00,65 -804,1021915,259644025,False,DUE,,True,2025-01-25 21:28:00
20250125 21:26,A,Grand & Armour,783,8414,3125,65,65,Westbound,Nordica,2025-01-25 21:28:00,65 -804,1021915,259644025,False,2,,True,2025-01-25 21:28:00
20250125 21:26,A,Grand & Kenton ,819,8721,2803,65,65,Westbound,Nordica,2025-01-25 21:28:00,65 -803,1021916,259644024,False,2,,True,2025-01-25 21:28:00
20250125 21:25,A,Grand & State (Red Line),764,8553,1479,65,65,Westbound,Nordica,2025-01-25 21:28:00,65 -807,1021914,259644026,False,2,,True,2025-01-25 21:28:00
20250125 21:26,A,Grand & McClurg,589,8137,1236,66,66,Westbound,Austin,2025-01-25 21:28:00,66 -808,1078607,259644358,False,DUE,,True,2025-01-25 21:28:00
20250125 21:26,A,Grand & Kilbourn,818,8721,2270,65,65,Westbound,Nordica,2025-01-25 21:28:00,65 -803,1021916,259644024,False,2,,True,2025-01-25 21:28:00
20250125 21:26,A,Grand & Kostner,817,8721,1700,65,65,Westbound,Nordica,2025-01-25 21:28:00,65 -803,1021916,259644024,False,DUE,,True,2025-01-25 21:28:00
20250125 21:25,A,Grand & Dearborn,765,8553,1905,65,65,Westbound,Nordica,2025-01-25 21:29:00,65 -807,1021914,259644026,False,3,,True,2025-01-25 21:29:00
20250125 21:26,A,4700 W Grand,820,8721,3687,65,65,Westbound,Nordica,2025-01-25 21:29:00,65 -803,1021916,259644024,False,3,,True,2025-01-25 21:29:00
20250125 21:26,A,Grand & Paulina,785,8414,4237,65,65,Westbound,Nordica,2025-01-25 21:29:00,65 -804,1021915,259644025,False,3,,True,2025-01-25 21:29:00
20250125 21:26,A,Grand & Fairbanks/Columbus,590,8137,1776,66,66,Westbound,Austin,2025-01-25 21:29:00,66 -808,1078607,259644358,False,2,,True,2025-01-25 21:29:00
20250125 21:26,A,Grand & Ashland,784,8414,3550,65,65,Westbound,Nordica,2025-01-25 21:29:00,65 -804,1021915,259644025,False,3,,True,2025-01-25 21:29:00
20250125 21:25,A,Grand & Clark,766,8553,2309,65,65,Westbound,Nordica,2025-01-25 21:30:00,65 -807,1021914,259644026,False,3,,True,2025-01-25 21:30:00
20250125 21:26,A,Grand & Wood,786,8414,4890,65,65,Westbound,Nordica,2025-01-25 21:30:00,65 -804,1021915,259644025,False,4,,True,2025-01-25 21:30:00
20250125 21:26,A,Grand & Streeter,759,8342,693,29,29,Southbound,95th Red Line,2025-01-25 21:30:00,29 -159,665,259639598,False,4,,True,2025-01-25 21:30:00
20250125 21:26,A,Grand & Cicero,821,8721,4576,65,65,Westbound,Nordica,2025-01-25 21:30:00,65 -803,1021916,259644024,False,4,,True,2025-01-25 21:30:00
20250125 21:26,A,Grand & Wolcott,787,8414,5558,65,65,Westbound,Nordica,2025-01-25 21:31:00,65 -804,1021915,259644025,False,4,,True,2025-01-25 21:31:00
20250125 21:26,D,Grand & Nordica Terminal,668,8722,0,74,74,Eastbound,Halsted,2025-01-25 21:31:00,74 -857,22224654,259645507,False,4,,True,2025-01-25 21:31:00
20250125 21:26,A,Grand & Lamon,822,8721,5683,65,65,Westbound,Nordica,2025-01-25 21:31:00,65 -803,1021916,259644024,False,4,,True,2025-01-25 21:31:00
20250125 21:26,A,Grand & Damen,18669,8414,6351,65,65,Westbound,Nordica,2025-01-25 21:32:00,65 -804,1021915,259644025,False,6,,False,2025-01-25 21:34:00
20250125 21:26,A,Grand & Leclaire/Armitage,823,8721,6795,65,65,Westbound,Nordica,2025-01-25 21:32:00,65 -803,1021916,259644024,False,6,,True,2025-01-25 21:32:00
20250125 21:25,A,Grand & Franklin,769,8553,3522,65,65,Westbound,Nordica,2025-01-25 21:32:00,65 -807,1021914,259644026,False,6,,True,2025-01-25 21:32:00
20250125 21:26,A,Grand & Leavitt,790,8414,7526,65,65,Westbound,Nordica,2025-01-25 21:33:00,65 -804,1021915,259644025,False,7,,True,2025-01-25 21:33:00
20250125 21:25,A,Grand & Kingsbury,771,8553,4770,65,65,Westbound,Nordica,2025-01-25 21:33:00,65 -807,1021914,259644026,False,7,,True,2025-01-25 21:33:00
20250125 21:26,A,Grand & Laramie,3883,8721,7794,65,65,Westbound,Nordica,2025-01-25 21:33:00,65 -803,1021916,259644024,False,6,,True,2025-01-25 21:33:00
20250125 21:26,A,Grand & Hoyne,789,8414,6869,65,65,Westbound,Nordica,2025-01-25 21:33:00,65 -804,1021915,259644025,False,6,,True,2025-01-25 21:33:00
20250125 21:26,A,Grand & Lockwood ,826,8721,8322,65,65,Westbound,Nordica,2025-01-25 21:33:00,65 -803,1021916,259644024,False,7,,True,2025-01-25 21:33:00
20250125 21:26,A,Grand & Streeter,759,8759,705,66,66,Westbound,Austin,2025-01-25 21:33:00,66 -818,1078608,259644359,False,7,,True,2025-01-25 21:33:00
20250125 21:26,A,Grand & Oakley,791,8414,8196,65,65,Westbound,Nordica,2025-01-25 21:33:00,65 -804,1021915,259644025,False,7,,True,2025-01-25 21:33:00
20250125 21:26,A,Grand & Peshtigo,760,8342,1628,29,29,Southbound,95th Red Line,2025-01-25 21:33:00,29 -159,665,259639598,False,6,,True,2025-01-25 21:33:00
20250125 21:25,A,530 W Grand,772,8553,5528,65,65,Westbound,Nordica,2025-01-25 21:34:00,65 -807,1021914,259644026,False,7,,True,2025-01-25 21:34:00
20250125 21:26,A,Grand & Long,15450,8721,9249,65,65,Westbound,Nordica,2025-01-25 21:34:00,65 -803,1021916,259644024,False,7,,True,2025-01-25 21:34:00
20250125 21:26,A,Grand & McClurg,589,8342,2281,29,29,Southbound,95th Red Line,2025-01-25 21:34:00,29 -159,665,259639598,False,7,,True,2025-01-25 21:34:00
20250125 21:26,A,Grand & Western,15340,8414,9083,65,65,Westbound,Nordica,2025-01-25 21:34:00,65 -804,1021915,259644025,False,8,,True,2025-01-25 21:34:00
20250125 21:25,A,Grand & Desplaines,15672,8553,6078,65,65,Westbound,Nordica,2025-01-25 21:34:00,65 -807,1021914,259644026,False,8,,True,2025-01-25 21:34:00
20250125 21:26,A,5500 W Grand,828,8721,9659,65,65,Westbound,Nordica,2025-01-25 21:34:00,65 -803,1021916,259644024,False,8,,True,2025-01-25 21:34:00
20250125 21:26,A,Grand & Major,830,8721,11074,65,65,Westbound,Nordica,2025-01-25 21:35:00,65 -803,1021916,259644024,False,9,,True,2025-01-25 21:35:00
20250125 21:26,A,Grand & Fairbanks/Columbus,590,8342,2821,29,29,Southbound,95th Red Line,2025-01-25 21:35:00,29 -159,665,259639598,False,9,,True,2025-01-25 21:35:00
20250125 21:26,A,Grand & Rockwell,794,8414,10424,65,65,Westbound,Nordica,2025-01-25 21:35:00,65 -804,1021915,259644025,False,9,,True,2025-01-25 21:35:00
20250125 21:26,A,Grand & Peshtigo,760,8759,1640,66,66,Westbound,Austin,2025-01-25 21:35:00,66 -818,1078608,259644359,False,8,,True,2025-01-25 21:35:00
20250125 21:26,A,Grand & Campbell,15338,8414,9905,65,65,Westbound,Nordica,2025-01-25 21:35:00,65 -804,1021915,259644025,False,9,,True,2025-01-25 21:35:00
20250125 21:25,A,Grand & Milwaukee (Blue Line),14774,8553,7027,65,65,Westbound,Nordica,2025-01-25 21:35:00,65 -807,1021914,259644026,False,9,,True,2025-01-25 21:35:00
20250125 21:26,A,Grand & Central ,829,8721,10561,65,65,Westbound,Nordica,2025-01-25 21:35:00,65 -803,1021916,259644024,False,9,,True,2025-01-25 21:35:00
20250125 21:25,A,Grand & Morgan,15174,8553,8219,65,65,Westbound,Nordica,2025-01-25 21:36:00,65 -807,1021914,259644026,False,10,,True,2025-01-25 21:36:00
20250125 21:25,A,Grand & Peoria,776,8553,7461,65,65,Westbound,Nordica,2025-01-25 21:36:00,65 -807,1021914,259644026,False,10,,True,2025-01-25 21:36:00
20250125 21:26,A,Grand & Marmora,832,8721,12442,65,65,Westbound,Nordica,2025-01-25 21:36:00,65 -803,1021916,259644024,False,10,,True,2025-01-25 21:36:00
20250125 21:26,A,Grand & McClurg,589,8759,2293,66,66,Westbound,Austin,2025-01-25 21:36:00,66 -818,1078608,259644359,False,9,,True,2025-01-25 21:36:00
20250125 21:26,A,Grand & St. Clair,761,8342,3485,29,29,Southbound,95th Red Line,2025-01-25 21:36:00,29 -159,665,259639598,False,10,,True,2025-01-25 21:36:00
20250125 21:26,A,Grand & Washtenaw,796,8414,11199,65,65,Westbound,Nordica,2025-01-25 21:36:00,65 -804,1021915,259644025,False,10,,True,2025-01-25 21:36:00
20250125 21:26,A,Grand & Fairbanks/Columbus,590,8759,2833,66,66,Westbound,Austin,2025-01-25 21:36:00,66 -818,1078608,259644359,False,10,,False,2025-01-25 21:38:00
20250125 21:26,A,Grand & Menard,15337,8721,11894,65,65,Westbound,Nordica,2025-01-25 21:36:00,65 -803,1021916,259644024,False,9,,True,2025-01-25 21:36:00
20250125 21:26,A,Grand & Chicago,798,8414,12732,65,65,Westbound,Nordica,2025-01-25 21:37:00,65 -804,1021915,259644025,False,11,,True,2025-01-25 21:37:00
20250125 21:26,A,Grand & California,797,8414,11923,65,65,Westbound,Nordica,2025-01-25 21:37:00,65 -804,1021915,259644025,False,10,,True,2025-01-25 21:37:00
20250125 21:26,A,Grand & Austin,833,8721,13124,65,65,Westbound,Nordica,2025-01-25 21:37:00,65 -803,1021916,259644024,False,10,,True,2025-01-25 21:37:00
20250125 21:25,A,Grand & Racine,780,8553,9460,65,65,Westbound,Nordica,2025-01-25 21:37:00,65 -807,1021914,259644026,False,11,,False,2025-01-25 21:39:00
20250125 21:25,A,Grand & Aberdeen,778,8553,8715,65,65,Westbound,Nordica,2025-01-25 21:37:00,65 -807,1021914,259644026,False,10,,True,2025-01-25 21:37:00
20250125 21:26,A,Grand & Meade,834,8721,13814,65,65,Westbound,Nordica,2025-01-25 21:37:00,65 -803,1021916,259644024,False,11,,True,2025-01-25 21:37:00
20250125 21:25,A,Grand & Ogden,781,8553,9885,65,65,Westbound,Nordica,2025-01-25 21:38:00,65 -807,1021914,259644026,False,12,,False,2025-01-25 21:40:00
20250125 21:26,A,Grand & Mobile,836,8721,15188,65,65,Westbound,Nordica,2025-01-25 21:38:00,65 -803,1021916,259644024,False,12,,True,2025-01-25 21:38:00
20250125 21:26,A,Grand & Melvina,15335,8721,14690,65,65,Westbound,Nordica,2025-01-25 21:38:00,65 -803,1021916,259644024,False,11,,True,2025-01-25 21:38:00
20250125 21:26,A,Grand & Rush,16028,8342,4360,29,29,Southbound,95th Red Line,2025-01-25 21:38:00,29 -159,665,259639598,False,12,,True,2025-01-25 21:38:00
20250125 21:26,A,Grand & Sacramento,800,8414,13903,65,65,Westbound,Nordica,2025-01-25 21:38:00,65 -804,1021915,259644025,False,12,,True,2025-01-25 21:38:00
20250125 21:26,A,Grand & Natchez,838,8721,16497,65,65,Westbound,Nordica,2025-01-25 21:39:00,65 -803,1021916,259644024,False,13,,False,2025-01-25 21:41:00
20250125 21:25,A,Grand & Noble,782,8553,10793,65,65,Westbound,Nordica,2025-01-25 21:39:00,65 -807,1021914,259644026,False,12,,False,2025-01-25 21:42:00
20250125 21:25,A,Grand & Armour,783,8553,11699,65,65,Westbound,Nordica,2025-01-25 21:39:00,65 -807,1021914,259644026,False,13,,False,2025-01-25 21:42:00
20250125 21:26,A,Grand & Sacramento,800,1169,3774,52,52,Southbound,63rd Place,2025-01-25 21:39:00,52 -205,626,259641734,False,13,,True,2025-01-25 21:39:00
20250125 21:26,A,Grand & Kedzie,802,8414,14982,65,65,Westbound,Nordica,2025-01-25 21:39:00,65 -804,1021915,259644025,False,13,,True,2025-01-25 21:39:00
20250125 21:26,A,Grand & Narragansett,837,8721,15911,65,65,Westbound,Nordica,2025-01-25 21:39:00,65 -803,1021916,259644024,False,13,,False,2025-01-25 21:41:00
20250125 21:25,A,Fullerton & Grand,15517,8418,12489,74,74,Westbound,Grand/Nordica,2025-01-25 21:39:00,74 -809,22224667,259645410,False,13,,True,2025-01-25 21:39:00
20250125 21:26,A,Grand & Augusta,18376,8414,15768,65,65,Westbound,Nordica,2025-01-25 21:40:00,65 -804,1021915,259644025,False,14,,True,2025-01-25 21:26:00
20250125 21:26,D,Navy Pier Terminal,14162,8615,4409,65,65,Westbound,Nordica,2025-01-25 21:40:00,65 -801,1021913,259644027,False,13,,True,2025-01-25 21:26:00
20250125 21:26,A,Fullerton & Grand,15517,8721,17196,65,65,Westbound,Nordica,2025-01-25 21:40:00,65 -803,1021916,259644024,False,14,,True,2025-01-25 21:26:00
20250125 21:25,A,Grand & Normandy ,840,8418,13284,74,74,Westbound,Grand/Nordica,2025-01-25 21:40:00,74 -809,22224667,259645410,False,14,,True,2025-01-26 05:29:00
20250125 21:25,A,Grand & Ashland,784,8553,12124,65,65,Westbound,Nordica,2025-01-25 21:40:00,65 -807,1021914,259644026,False,13,,True,2025-01-25 21:26:00
20250125 21:25,A,Grand & Paulina,785,8553,12811,65,65,Westbound,Nordica,2025-01-25 21:40:00,65 -807,1021914,259644026,False,14,,True,2025-01-25 21:26:00
20250125 21:26,A,Grand & Streeter,759,8615,5172,65,65,Westbound,Nordica,2025-01-25 21:41:00,65 -801,1021913,259644027,False,15,,True,2025-01-25 21:26:00
20250125 21:25,A,Grand & Oak Park,14809,8418,14128,74,74,Westbound,Grand/Nordica,2025-01-25 21:41:00,74 -809,22224667,259645410,False,15,,True,2025-01-26 05:29:00
20250125 21:26,A,Grand & Normandy ,840,8721,17991,65,65,Westbound,Nordica,2025-01-25 21:41:00,65 -803,1021916,259644024,False,14,,True,2025-01-25 21:26:00
20250125 21:25,A,Grand & New England ,842,8418,14626,74,74,Westbound,Grand/Nordica,2025-01-25 21:41:00,74 -809,22224667,259645410,False,15,,True,2025-01-26 05:29:00
20250125 21:25,A,Grand & Wood,786,8553,13464,65,65,Westbound,Nordica,2025-01-25 21:41:00,65 -807,1021914,259644026,False,14,,True,2025-01-25 21:26:00
20250125 21:26,A,Grand & Thomas,805,8414,17250,65,65,Westbound,Nordica,2025-01-25 21:41:00,65 -804,1021915,259644025,False,15,,True,2025-01-25 21:26:00
20250125 21:25,A,Grand & Wolcott,787,8553,14132,65,65,Westbound,Nordica,2025-01-25 21:41:00,65 -807,1021914,259644026,False,15,,True,2025-01-25 21:26:00
20250125 21:26,A,Grand & Homan,18377,8414,16633,65,65,Westbound,Nordica,2025-01-25 21:41:00,65 -804,1021915,259644025,False,14,,True,2025-01-25 21:26:00
20250125 21:26,A,Grand & Lawndale,809,8414,19116,65,65,Westbound,Nordica,2025-01-25 21:42:00,65 -804,1021915,259644025,False,16,,True,2025-01-25 21:26:00
20250125 21:26,A,Grand & Sayre,844,8721,20166,65,65,Westbound,Nordica,2025-01-25 21:42:00,65 -803,1021916,259644024,False,16,,True,2025-01-25 21:26:00
20250125 21:26,A,Grand & Division,808,8414,18435,65,65,Westbound,Nordica,2025-01-25 21:42:00,65 -804,1021915,259644025,False,16,,True,2025-01-25 21:26:00
20250125 21:26,A,Grand & Oak Park,14809,8721,18835,65,65,Westbound,Nordica,2025-01-25 21:42:00,65 -803,1021916,259644024,False,15,,True,2025-01-25 21:26:00
20250125 21:26,A,Grand & New England ,842,8721,19333,65,65,Westbound,Nordica,2025-01-25 21:42:00,65 -803,1021916,259644024,False,15,,True,2025-01-25 21:26:00
20250125 21:25,A,Grand & Sayre,844,8418,15459,74,74,Westbound,Grand/Nordica,2025-01-25 21:42:00,74 -809,22224667,259645410,False,16,,True,2025-01-26 05:29:00
20250125 21:25,A,Grand & Streeter,759,8151,6724,66,66,Westbound,Austin,2025-01-25 21:43:00,66 -853,1078609,259644360,False,16,,True,2025-01-25 21:26:00
20250125 21:25,A,Grand & Damen,18669,8553,14925,65,65,Westbound,Nordica,2025-01-25 21:43:00,65 -807,1021914,259644026,False,17,,True,2025-01-25 21:26:00
20250125 21:25,A,Grand & Hoyne,789,8553,15443,65,65,Westbound,Nordica,2025-01-25 21:43:00,65 -807,1021914,259644026,False,17,,True,2025-01-25 21:26:00
20250125 21:26,D,Grand & Nordica Terminal,668,8721,20934,65,65,Eastbound,Navy Pier,2025-01-25 21:43:00,65 -803,88365510,259643957,False,16,,True,2025-01-25 21:26:00
20250125 21:26,A,Grand & Peshtigo,760,8615,6107,65,65,Westbound,Nordica,2025-01-25 21:43:00,65 -801,1021913,259644027,False,16,,True,2025-01-25 21:26:00
20250125 21:26,A,Grand & Hamlin,15557,8414,19856,65,65,Westbound,Nordica,2025-01-25 21:43:00,65 -804,1021915,259644025,False,17,,True,2025-01-25 21:26:00
20250125 21:25,A,Grand & Peshtigo,760,8151,7659,66,66,Westbound,Austin,2025-01-25 21:44:00,66 -853,1078609,259644360,False,18,,True,2025-01-25 21:26:00
20250125 21:26,A,Grand & McClurg,589,8615,6760,65,65,Westbound,Nordica,2025-01-25 21:44:00,65 -801,1021913,259644027,False,17,,True,2025-01-25 21:26:00
20250125 21:25,A,Grand & Oakley,791,8553,16770,65,65,Westbound,Nordica,2025-01-25 21:44:00,65 -807,1021914,259644026,False,18,,True,2025-01-25 21:26:00
20250125 21:25,A,Grand & Leavitt,790,8553,16100,65,65,Westbound,Nordica,2025-01-25 21:44:00,65 -807,1021914,259644026,False,17,,True,2025-01-25 21:26:00
20250125 21:26,A,Grand & Springfield,811,8414,20452,65,65,Westbound,Nordica,2025-01-25 21:44:00,65 -804,1021915,259644025,False,17,,True,2025-01-25 21:26:00
20250125 21:26,A,Grand & Karlov,813,8414,22001,65,65,Westbound,Nordica,2025-01-25 21:45:00,65 -804,1021915,259644025,False,19,,True,2025-01-25 21:26:00
20250125 21:26,A,Grand & Pulaski,812,8414,21222,65,65,Westbound,Nordica,2025-01-25 21:45:00,65 -804,1021915,259644025,False,18,,True,2025-01-25 21:26:00
20250125 21:25,A,Grand & Western,15340,8553,17657,65,65,Westbound,Nordica,2025-01-25 21:45:00,65 -807,1021914,259644026,False,19,,True,2025-01-25 21:26:00
20250125 21:25,A,Grand & McClurg,589,8151,8312,66,66,Westbound,Austin,2025-01-25 21:45:00,66 -853,1078609,259644360,False,19,,True,2025-01-25 21:26:00
20250125 21:26,A,Grand & Fairbanks/Columbus,590,8615,7300,65,65,Westbound,Nordica,2025-01-25 21:45:00,65 -801,1021913,259644027,False,19,,True,2025-01-25 21:26:00
20250125 21:25,A,Grand & Rockwell,794,8553,18998,65,65,Westbound,Nordica,2025-01-25 21:46:00,65 -807,1021914,259644026,False,20,,True,2025-01-25 21:26:00
20250125 21:22,A,Grand & Streeter,759,8265,15133,124,124,Westbound,Ogilvie & Union Stations,2025-01-25 21:46:00,124 -203,1033099,259637294,False,20,,True,2025-01-26 05:29:00
20250125 21:26,A,Grand & Streeter,759,8455,6253,29,29,Southbound,95th Red Line,2025-01-25 21:46:00,29 -171,664,259639571,False,20,,True,2025-01-25 21:26:00
20250125 21:26,A,Grand & Keeler,814,8414,22756,65,65,Westbound,Nordica,2025-01-25 21:46:00,65 -804,1021915,259644025,False,19,,True,2025-01-25 21:26:00
20250125 21:26,A,Grand & St. Clair,761,8615,7964,65,65,Westbound,Nordica,2025-01-25 21:46:00,65 -801,1021913,259644027,False,20,,True,2025-01-25 21:26:00
20250125 21:26,A,Grand & Kildare,815,8414,23501,65,65,Westbound,Nordica,2025-01-25 21:46:00,65 -804,1021915,259644025,False,20,,True,2025-01-25 21:26:00
20250125 21:25,A,Grand & Fairbanks/Columbus,590,8151,8852,66,66,Westbound,Austin,2025-01-25 21:46:00,66 -853,1078609,259644360,False,20,,True,2025-01-25 21:26:00
20250125 21:25,A,Grand & Campbell,15338,8553,18479,65,65,Westbound,Nordica,2025-01-25 21:46:00,65 -807,1021914,259644026,False,19,,True,2025-01-25 21:26:00
20250125 21:25,A,Grand & Washtenaw,796,8553,19773,65,65,Westbound,Nordica,2025-01-25 21:47:00,65 -807,1021914,259644026,False,21,,True,2025-01-25 21:26:00
20250125 21:26,A,Grand & Rush,16028,8615,8839,65,65,Westbound,Nordica,2025-01-25 21:47:00,65 -801,1021913,259644027,False,21,,True,2025-01-25 21:26:00
20250125 21:25,A,Grand & California,797,8553,20497,65,65,Westbound,Nordica,2025-01-25 21:47:00,65 -807,1021914,259644026,False,21,,True,2025-01-25 21:26:00
20250125 21:25,A,Grand & Chicago,798,8553,21306,65,65,Westbound,Nordica,2025-01-25 21:48:00,65 -807,1021914,259644026,False,22,,True,2025-01-25 21:26:00
20250125 21:26,A,Grand & Kilbourn,818,8414,24969,65,65,Westbound,Nordica,2025-01-25 21:48:00,65 -804,1021915,259644025,False,22,,True,2025-01-25 21:26:00
20250125 21:22,A,Grand & Peshtigo,760,8265,16068,124,124,Westbound,Ogilvie & Union Stations,2025-01-25 21:48:00,124 -203,1033099,259637294,False,22,,True,2025-01-26 05:29:00
20250125 21:26,A,Grand & Peshtigo,760,8455,7188,29,29,Southbound,95th Red Line,2025-01-25 21:48:00,29 -171,664,259639571,False,22,,True,2025-01-25 21:26:00
20250125 21:26,A,Grand & Kenton ,819,8414,25502,65,65,Westbound,Nordica,2025-01-25 21:48:00,65 -804,1021915,259644025,False,22,,True,2025-01-25 21:26:00
20250125 21:26,A,Grand & Kostner,817,8414,24399,65,65,Westbound,Nordica,2025-01-25 21:48:00,65 -804,1021915,259644025,False,21,,True,2025-01-25 21:26:00
20250125 21:26,A,Grand & State (Red Line),764,8615,9443,65,65,Westbound,Nordica,2025-01-25 21:49:00,65 -801,1021913,259644027,False,22,,True,2025-01-25 21:26:00
20250125 21:22,A,Grand & McClurg,589,8265,16721,124,124,Westbound,Ogilvie & Union Stations,2025-01-25 21:49:00,124 -203,1033099,259637294,False,23,,True,2025-01-26 05:29:00
20250125 21:25,A,Grand & Sacramento,800,8553,22477,65,65,Westbound,Nordica,2025-01-25 21:49:00,65 -807,1021914,259644026,False,23,,True,2025-01-25 21:26:00
20250125 21:26,A,Grand & Dearborn,765,8615,9869,65,65,Westbound,Nordica,2025-01-25 21:49:00,65 -801,1021913,259644027,False,23,,True,2025-01-25 21:26:00
20250125 21:26,A,4700 W Grand,820,8414,26386,65,65,Westbound,Nordica,2025-01-25 21:49:00,65 -804,1021915,259644025,False,22,,True,2025-01-25 21:26:00
20250125 21:26,A,Grand & McClurg,589,8455,7841,29,29,Southbound,95th Red Line,2025-01-25 21:49:00,29 -171,664,259639571,False,23,,True,2025-01-25 21:26:00
20250125 21:26,A,Grand & Clark,766,8615,10273,65,65,Westbound,Nordica,2025-01-25 21:50:00,65 -801,1021913,259644027,False,24,,True,2025-01-25 21:26:00
20250125 21:26,D,Grand & Nordica Terminal,668,1964,101,74,74,Eastbound,Halsted,2025-01-25 21:50:00,74 -811,22224653,259645508,False,23,,True,2025-01-25 21:26:00
20250125 21:25,A,Grand & Kedzie,802,8553,23556,65,65,Westbound,Nordica,2025-01-25 21:50:00,65 -807,1021914,259644026,False,24,,True,2025-01-25 21:26:00
20250125 21:26,A,Grand & Lamon,822,8414,28382,65,65,Westbound,Nordica,2025-01-25 21:50:00,65 -804,1021915,259644025,False,24,,True,2025-01-25 21:26:00
20250125 21:26,A,Grand & Cicero,821,8414,27275,65,65,Westbound,Nordica,2025-01-25 21:50:00,65 -804,1021915,259644025,False,23,,True,2025-01-25 21:26:00
20250125 21:26,A,Grand & Fairbanks/Columbus,590,8455,8381,29,29,Southbound,95th Red Line,2025-01-25 21:51:00,29 -171,664,259639571,False,25,,True,2025-01-25 21:26:00
20250125 21:25,A,Grand & Augusta,18376,8553,24342,65,65,Westbound,Nordica,2025-01-25 21:51:00,65 -807,1021914,259644026,False,24,,True,2025-01-25 21:26:00
20250125 21:25,A,Grand & Homan,18377,8553,25207,65,65,Westbound,Nordica,2025-01-25 21:51:00,65 -807,1021914,259644026,False,25,,True,2025-01-25 21:26:00
20250125 21:26,A,Grand & St. Clair,761,8455,9045,29,29,Southbound,95th Red Line,2025-01-25 21:52:00,29 -171,664,259639571,False,26,,True,2025-01-25 21:26:00
20250125 21:25,A,Grand & Streeter,759,8119,11799,66,66,Westbound,Austin,2025-01-25 21:52:00,66 -803,1078610,259644361,False,26,,True,2025-01-25 21:26:00
20250125 21:26,A,Grand & Franklin,769,8615,11486,65,65,Westbound,Nordica,2025-01-25 21:52:00,65 -801,1021913,259644027,False,26,,True,2025-01-25 21:26:00
20250125 21:25,A,Grand & Thomas,805,8553,25824,65,65,Westbound,Nordica,2025-01-25 21:52:00,65 -807,1021914,259644026,False,25,,True,2025-01-25 21:26:00
20250125 21:26,A,Grand & Leclaire/Armitage,823,8414,29494,65,65,Westbound,Nordica,2025-01-25 21:52:00,65 -804,1021915,259644025,False,25,,True,2025-01-25 21:26:00
20250125 21:26,A,Grand & Laramie,3883,8414,30493,65,65,Westbound,Nordica,2025-01-25 21:52:00,65 -804,1021915,259644025,False,26,,True,2025-01-25 21:26:00
20250125 21:26,A,Grand & Lockwood ,826,8414,31021,65,65,Westbound,Nordica,2025-01-25 21:52:00,65 -804,1021915,259644025,False,26,,True,2025-01-25 21:26:00
20250125 21:26,A,Grand & Rush,16028,8455,9920,29,29,Southbound,95th Red Line,2025-01-25 21:53:00,29 -171,664,259639571,False,27,,True,2025-01-25 21:26:00
20250125 21:25,A,Grand & Division,808,8553,27009,65,65,Westbound,Nordica,2025-01-25 21:53:00,65 -807,1021914,259644026,False,26,,True,2025-01-25 21:26:00
20250125 21:26,A,5500 W Grand,828,8414,32358,65,65,Westbound,Nordica,2025-01-25 21:53:00,65 -804,1021915,259644025,False,27,,True,2025-01-25 21:26:00
20250125 21:25,A,Grand & Lawndale,809,8553,27690,65,65,Westbound,Nordica,2025-01-25 21:53:00,65 -807,1021914,259644026,False,27,,True,2025-01-25 21:26:00
20250125 21:26,A,Grand & Long,15450,8414,31948,65,65,Westbound,Nordica,2025-01-25 21:53:00,65 -804,1021915,259644025,False,26,,True,2025-01-25 21:26:00
20250125 21:25,A,Grand & Springfield,811,8553,29026,65,65,Westbound,Nordica,2025-01-25 21:54:00,65 -807,1021914,259644026,False,28,,True,2025-01-25 21:26:00
20250125 21:26,A,Grand & Desplaines,15672,8615,14042,65,65,Westbound,Nordica,2025-01-25 21:54:00,65 -801,1021913,259644027,False,28,,True,2025-01-25 21:26:00
20250125 21:25,A,Grand & Peshtigo,760,8119,12734,66,66,Westbound,Austin,2025-01-25 21:54:00,66 -803,1078610,259644361,False,27,,True,2025-01-25 21:26:00
20250125 21:25,A,Grand & Hamlin,15557,8553,28430,65,65,Westbound,Nordica,2025-01-25 21:54:00,65 -807,1021914,259644026,False,28,,True,2025-01-25 21:26:00
20250125 21:26,A,Grand & Kingsbury,771,8615,12734,65,65,Westbound,Nordica,2025-01-25 21:54:00,65 -801,1021913,259644027,False,27,,True,2025-01-25 21:26:00
20250125 21:26,A,Grand & Central ,829,8414,33260,65,65,Westbound,Nordica,2025-01-25 21:54:00,65 -804,1021915,259644025,False,28,,True,2025-01-25 21:26:00
20250125 21:26,A,Grand & Major,830,8414,33773,65,65,Westbound,Nordica,2025-01-25 21:54:00,65 -804,1021915,259644025,False,28,,True,2025-01-25 21:26:00
20250125 21:26,A,530 W Grand,772,8615,13492,65,65,Westbound,Nordica,2025-01-25 21:54:00,65 -801,1021913,259644027,False,28,,True,2025-01-25 21:26:00
20250125 21:26,A,Grand & Menard,15337,8414,34593,65,65,Westbound,Nordica,2025-01-25 21:55:00,65 -804,1021915,259644025,False,29,,True,2025-01-25 21:26:00
20250125 21:25,A,Grand & Fairbanks/Columbus,590,8119,13927,66,66,Westbound,Austin,2025-01-25 21:55:00,66 -803,1078610,259644361,False,29,,True,2025-01-25 21:26:00
20250125 21:26,A,Grand & Marmora,832,8414,35141,65,65,Westbound,Nordica,2025-01-25 21:55:00,65 -804,1021915,259644025,False,29,,True,2025-01-25 21:26:00
20250125 21:25,A,Grand & McClurg,589,8119,13387,66,66,Westbound,Austin,2025-01-25 21:55:00,66 -803,1078610,259644361,False,28,,True,2025-01-25 21:26:00
20250125 21:26,A,Grand & Austin,833,8414,35823,65,65,Westbound,Nordica,2025-01-25 21:56:00,65 -804,1021915,259644025,False,29,,True,2025-01-25 21:26:00
20250126 05:29,A,Grand & Streeter,759,8336,907,29,29,Southbound,95th Red Line,2025-01-26 05:32:00,29 -102,1021707,259601620,False,3,,True,2025-01-26 05:32:00
20250126 05:30,A,Fullerton & Grand,15517,8619,2555,74,74,Westbound,Grand/Nordica,2025-01-26 05:32:00,74 -801,252,259606365,False,2,,True,2025-01-26 05:32:00
20250126 05:30,A,Grand & Normandy ,840,8619,3350,74,74,Westbound,Grand/Nordica,2025-01-26 05:33:00,74 -801,252,259606365,False,3,,True,2025-01-26 05:33:00
20250126 05:30,A,Grand & Sayre,844,8619,5525,74,74,Westbound,Grand/Nordica,2025-01-26 05:34:00,74 -801,252,259606365,False,4,,False,2025-01-26 10:51:00
20250126 05:30,A,Grand & New England ,842,8619,4692,74,74,Westbound,Grand/Nordica,2025-01-26 05:34:00,74 -801,252,259606365,False,4,,False,2025-01-26 10:50:00
20250126 05:29,A,Grand & Peshtigo,760,8336,1842,29,29,Southbound,95th Red Line,2025-01-26 05:34:00,29 -102,1021707,259601620,False,4,,True,2025-01-26 10:40:00
20250126 05:30,A,Grand & Oak Park,14809,8619,4194,74,74,Westbound,Grand/Nordica,2025-01-26 05:34:00,74 -801,252,259606365,False,4,,False,2025-01-26 10:50:00
20250126 05:29,A,Grand & McClurg,589,8336,2495,29,29,Southbound,95th Red Line,2025-01-26 05:34:00,29 -102,1021707,259601620,False,4,,True,2025-01-26 10:40:00
20250126 05:29,A,Grand & Fairbanks/Columbus,590,8336,3035,29,29,Southbound,95th Red Line,2025-01-26 05:35:00,29 -102,1021707,259601620,False,5,,True,2025-01-26 10:40:00
20250126 05:29,A,Grand & St. Clair,761,8336,3699,29,29,Southbound,95th Red Line,2025-01-26 05:35:00,29 -102,1021707,259601620,False,5,,True,2025-01-26 10:40:00
20250126 05:29,A,Grand & Rush,16028,8336,4574,29,29,Southbound,95th Red Line,2025-01-26 05:36:00,29 -102,1021707,259601620,False,6,,True,2025-01-26 10:40:00
20250126 05:30,D,Grand & Nordica Terminal,668,8619,6293,74,74,Eastbound,Halsted,2025-01-26 05:40:00,74 -801,101,259606370,False,9,,False,2025-01-26 11:04:00
20250126 05:29,A,Grand & Streeter,759,8135,13062,66,66,Westbound,Austin,2025-01-26 05:53:00,66 -805,1078727,259605392,False,23,,True,2025-01-26 10:40:00
20250126 05:29,A,Fullerton & Grand,15517,8170,17177,74,74,Westbound,Grand/Nordica,2025-01-26 05:54:00,74 -802,253,259606366,False,24,,True,2025-01-26 10:40:00
20250126 05:29,A,Grand & Peshtigo,760,8135,13997,66,66,Westbound,Austin,2025-01-26 05:54:00,66 -805,1078727,259605392,False,24,,True,2025-01-26 10:40:00
20250126 05:29,A,Grand & Fairbanks/Columbus,590,8135,15190,66,66,Westbound,Austin,2025-01-26 05:55:00,66 -805,1078727,259605392,False,25,,True,2025-01-26 10:40:00
20250126 05:29,A,Grand & McClurg,589,8135,14650,66,66,Westbound,Austin,2025-01-26 05:55:00,66 -805,1078727,259605392,False,25,,True,2025-01-26 10:40:00
20250126 05:29,A,Grand & Normandy ,840,8170,17972,74,74,Westbound,Grand/Nordica,2025-01-26 05:55:00,74 -802,253,259606366,False,25,,True,2025-01-26 10:40:00
20250126 05:29,A,Grand & Streeter,759,8330,14276,29,29,Southbound,95th Red Line,2025-01-26 05:55:00,29 -103,1021708,259601628,False,25,,True,2025-01-26 10:40:00
20250126 05:29,A,Grand & Sayre,844,8170,20147,74,74,Westbound,Grand/Nordica,2025-01-26 05:56:00,74 -802,253,259606366,False,26,,True,2025-01-26 10:40:00
20250126 05:29,A,Grand & McClurg,589,8330,15864,29,29,Southbound,95th Red Line,2025-01-26 05:56:00,29 -103,1021708,259601628,False,26,,True,2025-01-26 10:40:00
20250126 05:29,A,Grand & Peshtigo,760,8330,15211,29,29,Southbound,95th Red Line,2025-01-26 05:56:00,29 -103,1021708,259601628,False,26,,True,2025-01-26 10:40:00
20250126 05:29,A,Grand & Oak Park,14809,8170,18816,74,74,Westbound,Grand/Nordica,2025-01-26 05:56:00,74 -802,253,259606366,False,26,,True,2025-01-26 10:40:00
20250126 05:29,A,Grand & New England ,842,8170,19314,74,74,Westbound,Grand/Nordica,2025-01-26 05:56:00,74 -802,253,259606366,False,26,,True,2025-01-26 10:40:00
20250126 05:29,A,Grand & Fairbanks/Columbus,590,8330,16404,29,29,Southbound,95th Red Line,2025-01-26 05:57:00,29 -103,1021708,259601628,False,27,,True,2025-01-26 10:40:00
20250126 05:29,A,Grand & St. Clair,761,8330,17068,29,29,Southbound,95th Red Line,2025-01-26 05:57:00,29 -103,1021708,259601628,False,27,,True,2025-01-26 10:40:00
20250126 05:29,A,Grand & Rush,16028,8330,17943,29,29,Southbound,95th Red Line,2025-01-26 05:58:00,29 -103,1021708,259601628,False,28,,True,2025-01-26 10:40:00
