tmstmp,typ,stpnm,stpid,vid,dstp,rt,rtdd,rtdir,des,prdtm,tablockid,tatripid,origtatripno,dly,prdctdn,zone,crt_prd,dep_time
20250126 12:40,A,Grand & Mobile,836,8547,2064,65,65,Westbound,Nordica,2025-01-26 12:40:00,65 -851,1022088,259605153,False,DUE,,True,2025-01-26 12:40:00
20250126 12:40,A,Grand & State (Red Line),764,8129,132,65,65,Westbound,Nordica,2025-01-26 12:40:00,65 -802,1022015,259605226,False,DUE,,True,2025-01-26 12:40:00
20250126 12:40,A,Grand & Meade,834,8547,690,65,65,Westbound,Nordica,2025-01-26 12:40:00,65 -851,1022088,259605153,False,DUE,,True,2025-01-26 12:40:00
20250126 12:40,A,Grand & Melvina,15335,8547,1566,65,65,Westbound,Nordica,2025-01-26 12:40:00,65 -851,1022088,259605153,False,DUE,,True,2025-01-26 12:40:00
20250126 12:40,A,Grand & Narragansett,837,8547,2787,65,65,Westbound,Nordica,2025-01-26 12:40:00,65 -851,1022088,259605153,False,DUE,,True,2025-01-26 12:40:00
20250126 12:40,A,Grand & Natchez,838,8547,3373,65,65,Westbound,Nordica,2025-01-26 12:41:00,65 -851,1022088,259605153,False,DUE,,True,2025-01-26 12:41:00
20250126 12:39,A,Grand & Laramie,3883,1966,1149,65,65,Westbound,Nordica,2025-01-26 12:41:00,65 -807,1022013,259605224,False,DUE,,True,2025-01-26 12:41:00
20250126 12:40,A,Grand & Dearborn,765,8129,558,65,65,Westbound,Nordica,2025-01-26 12:41:00,65 -802,1022015,259605226,False,DUE,,True,2025-01-26 12:41:00
20250126 12:39,A,Grand & Lockwood ,826,1966,1677,65,65,Westbound,Nordica,2025-01-26 12:41:00,65 -807,1022013,259605224,False,DUE,,True,2025-01-26 12:41:00
20250126 12:40,A,Grand & California,797,8689,705,65,65,Westbound,Nordica,2025-01-26 12:41:00,65 -806,1022014,259605225,False,DUE,,True,2025-01-26 12:41:00
20250126 12:40,A,Grand & Chicago,798,8689,1514,65,65,Westbound,Nordica,2025-01-26 12:41:00,65 -806,1022014,259605225,False,DUE,,True,2025-01-26 12:41:00
20250126 12:40,D,Grand & Nordica Terminal,668,8726,-1,74,74,Eastbound,Halsted,2025-01-26 12:41:00,74 -851,153,259606397,False,DUE,,True,2025-01-26 12:41:00
20250126 12:40,A,Fullerton & Grand,15517,8555,2336,74,74,Westbound,Grand/Nordica,2025-01-26 12:42:00,74 -807,146,259606314,False,2,,True,2025-01-26 12:42:00
20250126 12:40,A,Fullerton & Grand,15517,8547,4072,65,65,Westbound,Nordica,2025-01-26 12:42:00,65 -851,1022088,259605153,False,DUE,,True,2025-01-26 12:42:00
20250126 12:39,A,5500 W Grand,828,1966,3014,65,65,Westbound,Nordica,2025-01-26 12:42:00,65 -807,1022013,259605224,False,2,,True,2025-01-26 12:42:00
20250126 12:39,A,Grand & Sacramento,800,8451,1468,52,52,Southbound,63rd Place,2025-01-26 12:42:00,52 -206,1044,259603464,False,2,,True,2025-01-26 12:42:00
20250126 12:40,A,Grand & Clark,766,8129,962,65,65,Westbound,Nordica,2025-01-26 12:42:00,65 -802,1022015,259605226,False,2,,True,2025-01-26 12:42:00
20250126 12:40,A,Grand & Normandy ,840,8547,4867,65,65,Westbound,Nordica,2025-01-26 12:42:00,65 -851,1022088,259605153,False,2,,True,2025-01-26 12:42:00
20250126 12:40,A,Grand & Sacramento,800,8689,2685,65,65,Westbound,Nordica,2025-01-26 12:42:00,65 -806,1022014,259605225,False,DUE,,True,2025-01-26 12:42:00
20250126 12:40,A,Grand & Kedzie,802,8689,3764,65,65,Westbound,Nordica,2025-01-26 12:42:00,65 -806,1022014,259605225,False,2,,True,2025-01-26 12:42:00
20250126 12:39,A,Grand & Long,15450,1966,2604,65,65,Westbound,Nordica,2025-01-26 12:42:00,65 -807,1022013,259605224,False,2,,True,2025-01-26 12:42:00
20250126 12:39,A,Grand & Streeter,759,8666,750,66,66,Westbound,Austin,2025-01-26 12:42:00,66 -804,1078983,259605421,False,2,,True,2025-01-26 12:42:00
20250126 12:39,A,Grand & Central ,829,1966,3916,65,65,Westbound,Nordica,2025-01-26 12:43:00,65 -807,1022013,259605224,False,3,,True,2025-01-26 12:43:00
20250126 12:40,A,Grand & Oak Park,14809,8547,5711,65,65,Westbound,Nordica,2025-01-26 12:43:00,65 -851,1022088,259605153,False,3,,False,2025-01-26 12:45:00
20250126 12:40,A,Grand & Laramie,3883,8658,1992,73,73,Westbound,Laramie,2025-01-26 12:43:00,73 -801,36,259606270,False,2,,True,2025-01-26 12:43:00
20250126 12:40,A,Grand & Augusta,18376,8689,4550,65,65,Westbound,Nordica,2025-01-26 12:43:00,65 -806,1022014,259605225,False,3,,True,2025-01-26 12:43:00
20250126 12:40,A,Grand & Normandy ,840,8555,3131,74,74,Westbound,Grand/Nordica,2025-01-26 12:43:00,74 -807,146,259606314,False,3,,True,2025-01-26 12:43:00
20250126 12:40,A,Grand & Franklin,769,8129,2175,65,65,Westbound,Nordica,2025-01-26 12:44:00,65 -802,1022015,259605226,False,4,,True,2025-01-26 12:44:00
20250126 12:40,A,Grand & Oak Park,14809,8555,3975,74,74,Westbound,Grand/Nordica,2025-01-26 12:44:00,74 -807,146,259606314,False,3,,True,2025-01-26 12:44:00
20250126 12:39,A,Grand & Major,830,1966,4429,65,65,Westbound,Nordica,2025-01-26 12:44:00,65 -807,1022013,259605224,False,3,,True,2025-01-26 12:44:00
20250126 12:39,A,Grand & Menard,15337,1966,5249,65,65,Westbound,Nordica,2025-01-26 12:44:00,65 -807,1022013,259605224,False,4,,True,2025-01-26 12:44:00
20250126 12:40,A,Grand & Sayre,844,8555,5306,74,74,Westbound,Grand/Nordica,2025-01-26 12:44:00,74 -807,146,259606314,False,4,,True,2025-01-26 12:44:00
20250126 12:39,A,Grand & Peshtigo,760,8666,1685,66,66,Westbound,Austin,2025-01-26 12:44:00,66 -804,1078983,259605421,False,3,,False,2025-01-26 12:46:00
20250126 12:40,A,Grand & Homan,18377,8689,5415,65,65,Westbound,Nordica,2025-01-26 12:44:00,65 -806,1022014,259605225,False,4,,True,2025-01-26 12:44:00
20250126 12:40,A,Grand & New England ,842,8547,6209,65,65,Westbound,Nordica,2025-01-26 12:44:00,65 -851,1022088,259605153,False,3,,True,2025-01-26 12:44:00
20250126 12:40,A,Grand & New England ,842,8555,4473,74,74,Westbound,Grand/Nordica,2025-01-26 12:44:00,74 -807,146,259606314,False,4,,True,2025-01-26 12:44:00
20250126 12:39,D,Grand & Latrobe Terminal,3824,8722,0,57,57,Southbound,Cicero Blue Line,2025-01-26 12:44:00,57 -802,22,259604392,False,3,,True,2025-01-26 12:44:00
20250126 12:40,A,Grand & Thomas,805,8689,6032,65,65,Westbound,Nordica,2025-01-26 12:44:00,65 -806,1022014,259605225,False,4,,True,2025-01-26 12:44:00
20250126 12:40,A,Grand & Sayre,844,8547,7042,65,65,Westbound,Nordica,2025-01-26 12:44:00,65 -851,1022088,259605153,False,4,,False,2025-01-26 12:46:00
20250126 12:39,A,Grand & Marmora,832,1966,5797,65,65,Westbound,Nordica,2025-01-26 12:45:00,65 -807,1022013,259605224,False,5,,True,2025-01-26 12:45:00
20250126 12:40,A,Grand & Kingsbury,771,8129,3423,65,65,Westbound,Nordica,2025-01-26 12:45:00,65 -802,1022015,259605226,False,5,,True,2025-01-26 12:45:00
20250126 12:39,A,Grand & McClurg,589,8666,2338,66,66,Westbound,Austin,2025-01-26 12:45:00,66 -804,1078983,259605421,False,4,,False,2025-01-26 12:48:00
20250126 12:39,A,Grand & Fairbanks/Columbus,590,8666,2878,66,66,Westbound,Austin,2025-01-26 12:45:00,66 -804,1078983,259605421,False,5,,False,2025-01-26 12:49:00
20250126 12:39,A,Grand & Meade,834,1966,7169,65,65,Westbound,Nordica,2025-01-26 12:46:00,65 -807,1022013,259605224,False,6,,True,2025-01-26 12:46:00
20250126 12:39,A,Grand & Melvina,15335,1966,8045,65,65,Westbound,Nordica,2025-01-26 12:46:00,65 -807,1022013,259605224,False,6,,True,2025-01-26 12:46:00
20250126 12:39,A,Grand & Austin,833,1966,6479,65,65,Westbound,Nordica,2025-01-26 12:46:00,65 -807,1022013,259605224,False,5,,True,2025-01-26 12:46:00
20250126 12:39,A,Grand & Streeter,759,1098,693,29,29,Southbound,95th Red Line,2025-01-26 12:46:00,29 -114,1021745,259601601,False,6,,True,2025-01-26 12:46:00
20250126 12:39,A,Grand & Mobile,836,1966,8543,65,65,Westbound,Nordica,2025-01-26 12:46:00,65 -807,1022013,259605224,False,6,,True,2025-01-26 12:46:00
20250126 12:40,A,Grand & Division,808,8689,7217,65,65,Westbound,Nordica,2025-01-26 12:46:00,65 -806,1022014,259605225,False,5,,True,2025-01-26 12:46:00
20250126 12:40,A,Grand & Lawndale,809,8689,7898,65,65,Westbound,Nordica,2025-01-26 12:46:00,65 -806,1022014,259605225,False,6,,True,2025-01-26 12:46:00
20250126 12:39,A,Grand & Narragansett,837,1966,9266,65,65,Westbound,Nordica,2025-01-26 12:46:00,65 -807,1022013,259605224,False,6,,True,2025-01-26 12:46:00
20250126 12:39,A,Grand & Streeter,759,8260,613,124,124,Westbound,Ogilvie & Union Stations,2025-01-26 12:46:00,124 -202,1032950,259599834,False,6,,True,2025-01-26 12:46:00
20250126 12:39,A,Grand & Peshtigo,760,1098,1628,29,29,Southbound,95th Red Line,2025-01-26 12:47:00,29 -114,1021745,259601601,False,7,,True,2025-01-26 12:47:00
20250126 12:39,A,Grand & Peshtigo,760,8260,1548,124,124,Westbound,Ogilvie & Union Stations,2025-01-26 12:47:00,124 -202,1032950,259599834,False,7,,True,2025-01-26 12:47:00
20250126 12:40,A,Grand & Hamlin,15557,8689,8638,65,65,Westbound,Nordica,2025-01-26 12:47:00,65 -806,1022014,259605225,False,7,,True,2025-01-26 12:47:00
20250126 12:39,A,Grand & Natchez,838,1966,9852,65,65,Westbound,Nordica,2025-01-26 12:47:00,65 -807,1022013,259605224,False,6,,True,2025-01-26 12:47:00
20250126 12:40,A,Grand & Springfield,811,8689,9234,65,65,Westbound,Nordica,2025-01-26 12:47:00,65 -806,1022014,259605225,False,7,,True,2025-01-26 12:47:00
20250126 12:39,D,Navy Pier Terminal,14162,8656,1318,65,65,Westbound,Nordica,2025-01-26 12:47:00,65 -803,1022016,259605227,False,7,,True,2025-01-26 12:47:00
20250126 12:40,A,530 W Grand,772,8129,4181,65,65,Westbound,Nordica,2025-01-26 12:47:00,65 -802,1022015,259605226,False,7,,True,2025-01-26 12:47:00
20250126 12:40,A,Grand & Desplaines,15672,8129,4731,65,65,Westbound,Nordica,2025-01-26 12:47:00,65 -802,1022015,259605226,False,7,,True,2025-01-26 12:47:00
20250126 12:39,A,Grand & McClurg,589,8260,2201,124,124,Westbound,Ogilvie & Union Stations,2025-01-26 12:48:00,124 -202,1032950,259599834,False,8,,True,2025-01-26 12:48:00
20250126 12:39,A,Grand & McClurg,589,1098,2281,29,29,Southbound,95th Red Line,2025-01-26 12:48:00,29 -114,1021745,259601601,False,7,,True,2025-01-26 12:48:00
20250126 12:39,A,Grand & Normandy ,840,1966,11346,65,65,Westbound,Nordica,2025-01-26 12:48:00,65 -807,1022013,259605224,False,8,,True,2025-01-26 12:48:00
20250126 12:39,A,Fullerton & Grand,15517,1966,10551,65,65,Westbound,Nordica,2025-01-26 12:48:00,65 -807,1022013,259605224,False,7,,True,2025-01-26 12:48:00
20250126 12:39,A,Grand & Fairbanks/Columbus,590,1098,2821,29,29,Southbound,95th Red Line,2025-01-26 12:49:00,29 -114,1021745,259601601,False,9,,True,2025-01-26 12:49:00
20250126 12:40,A,Grand & Morgan,15174,8129,6872,65,65,Westbound,Nordica,2025-01-26 12:49:00,65 -802,1022015,259605226,False,9,,True,2025-01-26 12:49:00
20250126 12:40,A,Grand & Milwaukee (Blue Line),14774,8129,5680,65,65,Westbound,Nordica,2025-01-26 12:49:00,65 -802,1022015,259605226,False,9,,True,2025-01-26 12:49:00
20250126 12:40,A,Grand & Peoria,776,8129,6114,65,65,Westbound,Nordica,2025-01-26 12:49:00,65 -802,1022015,259605226,False,9,,True,2025-01-26 12:49:00
20250126 12:40,A,Grand & Pulaski,812,8689,10004,65,65,Westbound,Nordica,2025-01-26 12:49:00,65 -806,1022014,259605225,False,9,,True,2025-01-26 12:49:00
20250126 12:39,A,Grand & Oak Park,14809,1966,12190,65,65,Westbound,Nordica,2025-01-26 12:49:00,65 -807,1022013,259605224,False,9,,False,2025-01-26 12:51:00
20250126 12:39,A,Grand & St. Clair,761,1098,3485,29,29,Southbound,95th Red Line,2025-01-26 12:50:00,29 -114,1021745,259601601,False,10,,True,2025-01-26 12:50:00
20250126 12:40,A,Grand & Aberdeen,778,8129,7368,65,65,Westbound,Nordica,2025-01-26 12:50:00,65 -802,1022015,259605226,False,9,,True,2025-01-26 12:50:00
20250126 12:39,A,Grand & Sayre,844,1966,13521,65,65,Westbound,Nordica,2025-01-26 12:50:00,65 -807,1022013,259605224,False,10,,False,2025-01-26 12:52:00
20250126 12:40,A,Grand & Racine,780,8129,8113,65,65,Westbound,Nordica,2025-01-26 12:50:00,65 -802,1022015,259605226,False,10,,True,2025-01-26 12:50:00
20250126 12:39,A,Grand & New England ,842,1966,12688,65,65,Westbound,Nordica,2025-01-26 12:50:00,65 -807,1022013,259605224,False,9,,True,2025-01-26 12:50:00
20250126 12:40,A,Grand & Ogden,781,8129,8538,65,65,Westbound,Nordica,2025-01-26 12:51:00,65 -802,1022015,259605226,False,11,,True,2025-01-26 12:51:00
20250126 12:39,A,Grand & Streeter,759,8656,2081,65,65,Westbound,Nordica,2025-01-26 12:51:00,65 -803,1022016,259605227,False,11,,True,2025-01-26 12:51:00
20250126 12:40,A,Grand & Karlov,813,8689,10783,65,65,Westbound,Nordica,2025-01-26 12:51:00,65 -806,1022014,259605225,False,11,,True,2025-01-26 12:51:00
20250126 12:39,A,Grand & Rush,16028,1098,4360,29,29,Southbound,95th Red Line,2025-01-26 12:51:00,29 -114,1021745,259601601,False,11,,True,2025-01-26 12:51:00
20250126 12:40,A,Grand & Keeler,814,8689,11538,65,65,Westbound,Nordica,2025-01-26 12:51:00,65 -806,1022014,259605225,False,11,,True,2025-01-26 12:51:00
20250126 12:40,A,Grand & Noble,782,8129,9446,65,65,Westbound,Nordica,2025-01-26 12:52:00,65 -802,1022015,259605226,False,12,,True,2025-01-26 12:52:00
20250126 12:39,A,Grand & Peshtigo,760,8656,3016,65,65,Westbound,Nordica,2025-01-26 12:52:00,65 -803,1022016,259605227,False,12,,True,2025-01-26 12:52:00
20250126 12:40,A,Grand & Kildare,815,8689,12283,65,65,Westbound,Nordica,2025-01-26 12:52:00,65 -806,1022014,259605225,False,12,,True,2025-01-26 12:52:00
20250126 12:40,D,Grand & Nordica Terminal,668,8547,7810,65,65,Eastbound,Navy Pier,2025-01-26 12:52:00,65 -851,1022027,259605173,False,12,,True,2025-01-26 12:52:00
20250126 12:40,A,Grand & Armour,783,8129,10352,65,65,Westbound,Nordica,2025-01-26 12:53:00,65 -802,1022015,259605226,False,13,,True,2025-01-26 12:53:00
20250126 12:40,A,Grand & Kostner,817,8689,13181,65,65,Westbound,Nordica,2025-01-26 12:53:00,65 -806,1022014,259605225,False,13,,False,2025-01-26 12:55:00
20250126 12:39,A,Grand & McClurg,589,8656,3669,65,65,Westbound,Nordica,2025-01-26 12:53:00,65 -803,1022016,259605227,False,13,,True,2025-01-26 12:53:00
20250126 12:40,A,Grand & Cicero,821,8689,16057,65,65,Westbound,Nordica,2025-01-26 12:54:00,65 -806,1022014,259605225,False,14,,True,2025-01-26 12:54:00
20250126 12:40,A,4700 W Grand,820,8689,15168,65,65,Westbound,Nordica,2025-01-26 12:54:00,65 -806,1022014,259605225,False,14,,True,2025-01-26 12:54:00
20250126 12:40,A,Grand & Kenton ,819,8689,14284,65,65,Westbound,Nordica,2025-01-26 12:54:00,65 -806,1022014,259605225,False,14,,True,2025-01-26 12:54:00
20250126 12:40,A,Grand & Kilbourn,818,8689,13751,65,65,Westbound,Nordica,2025-01-26 12:54:00,65 -806,1022014,259605225,False,13,,True,2025-01-26 12:54:00
20250126 12:40,A,Grand & Ashland,784,8129,10777,65,65,Westbound,Nordica,2025-01-26 12:54:00,65 -802,1022015,259605226,False,13,,True,2025-01-26 12:54:00
20250126 12:39,A,Grand & Streeter,759,8569,8455,66,66,Westbound,Austin,2025-01-26 12:54:00,66 -810,1078984,259605422,False,13,,True,2025-01-26 12:54:00
20250126 12:39,A,Grand & St. Clair,761,8656,4873,65,65,Westbound,Nordica,2025-01-26 12:54:00,65 -803,1022016,259605227,False,14,,True,2025-01-26 12:54:00
20250126 12:39,A,Grand & Fairbanks/Columbus,590,8656,4209,65,65,Westbound,Nordica,2025-01-26 12:54:00,65 -803,1022016,259605227,False,13,,True,2025-01-26 12:54:00
20250126 12:40,A,Grand & Paulina,785,8129,11464,65,65,Westbound,Nordica,2025-01-26 12:54:00,65 -802,1022015,259605226,False,14,,True,2025-01-26 12:54:00
20250126 12:39,A,Grand & Rush,16028,8656,5748,65,65,Westbound,Nordica,2025-01-26 12:55:00,65 -803,1022016,259605227,False,15,,True,2025-01-26 12:55:00
20250126 12:39,A,Grand & Peshtigo,760,8569,9390,66,66,Westbound,Austin,2025-01-26 12:55:00,66 -810,1078984,259605422,False,15,,True,2025-01-26 12:55:00
20250126 12:40,A,Grand & Wood,786,8129,12117,65,65,Westbound,Nordica,2025-01-26 12:55:00,65 -802,1022015,259605226,False,15,,True,2025-01-26 12:55:00
20250126 12:40,A,Grand & Wolcott,787,8129,12785,65,65,Westbound,Nordica,2025-01-26 12:55:00,65 -802,1022015,259605226,False,15,,True,2025-01-26 12:55:00
20250126 12:40,A,Grand & Lamon,822,8689,17164,65,65,Westbound,Nordica,2025-01-26 12:55:00,65 -806,1022014,259605225,False,14,,False,2025-01-26 12:57:00
20250126 12:40,D,Grand & Nordica Terminal,668,8659,1449,74,74,Eastbound,Halsted,2025-01-26 12:55:00,74 -805,154,259606398,False,14,,True,2025-01-26 12:55:00
20250126 12:40,A,Grand & Damen,18669,8129,13578,65,65,Westbound,Nordica,2025-01-26 12:56:00,65 -802,1022015,259605226,False,16,,True,2025-01-26 12:56:00
20250126 12:40,A,Grand & Leclaire/Armitage,823,8689,18276,65,65,Westbound,Nordica,2025-01-26 12:56:00,65 -806,1022014,259605225,False,16,,False,2025-01-26 12:58:00
20250126 12:39,A,Grand & McClurg,589,8569,10043,66,66,Westbound,Austin,2025-01-26 12:56:00,66 -810,1078984,259605422,False,16,,True,2025-01-26 12:56:00
20250126 12:40,A,Grand & Hoyne,789,8129,14096,65,65,Westbound,Nordica,2025-01-26 12:56:00,65 -802,1022015,259605226,False,16,,True,2025-01-26 12:56:00
20250126 12:40,A,Grand & State (Red Line),764,8656,6177,65,65,Westbound,Nordica,2025-01-26 12:56:00,65 -803,1022016,259605227,False,16,,True,2025-01-26 12:56:00
20250126 12:40,A,Grand & Leavitt,790,8129,14753,65,65,Westbound,Nordica,2025-01-26 12:57:00,65 -802,1022015,259605226,False,17,,True,2025-01-26 12:57:00
20250126 12:40,A,Grand & Oakley,791,8129,15423,65,65,Westbound,Nordica,2025-01-26 12:57:00,65 -802,1022015,259605226,False,17,,True,2025-01-26 12:57:00
20250126 12:39,A,Grand & Fairbanks/Columbus,590,8569,10583,66,66,Westbound,Austin,2025-01-26 12:57:00,66 -810,1078984,259605422,False,17,,True,2025-01-26 12:57:00
20250126 12:40,A,Grand & Dearborn,765,8656,6603,65,65,Westbound,Nordica,2025-01-26 12:57:00,65 -803,1022016,259605227,False,17,,True,2025-01-26 12:57:00
20250126 12:40,A,Grand & Lockwood ,826,8689,19803,65,65,Westbound,Nordica,2025-01-26 12:58:00,65 -806,1022014,259605225,False,18,,False,2025-01-26 13:01:00
20250126 12:40,A,Grand & Western,15340,8129,16310,65,65,Westbound,Nordica,2025-01-26 12:58:00,65 -802,1022015,259605226,False,18,,True,2025-01-26 12:58:00
20250126 12:40,A,Grand & Laramie,3883,8689,19275,65,65,Westbound,Nordica,2025-01-26 12:58:00,65 -806,1022014,259605225,False,17,,False,2025-01-26 13:01:00
20250126 12:40,A,Grand & Clark,766,8656,7007,65,65,Westbound,Nordica,2025-01-26 12:58:00,65 -803,1022016,259605227,False,18,,True,2025-01-26 12:58:00
20250126 12:40,A,Grand & Long,15450,8689,20730,65,65,Westbound,Nordica,2025-01-26 12:59:00,65 -806,1022014,259605225,False,19,,False,2025-01-26 13:03:00
20250126 12:40,A,Grand & Rockwell,794,8129,17651,65,65,Westbound,Nordica,2025-01-26 12:59:00,65 -802,1022015,259605226,False,19,,True,2025-01-26 12:59:00
20250126 12:39,A,Grand & Laramie,3883,8609,17603,73,73,Westbound,Laramie,2025-01-26 12:59:00,73 -802,37,259606271,False,19,,True,2025-01-26 12:59:00
20250126 12:40,A,Grand & Campbell,15338,8129,17132,65,65,Westbound,Nordica,2025-01-26 12:59:00,65 -802,1022015,259605226,False,19,,True,2025-01-26 12:59:00
20250126 12:40,A,5500 W Grand,828,8689,21140,65,65,Westbound,Nordica,2025-01-26 12:59:00,65 -806,1022014,259605225,False,19,,False,2025-01-26 13:03:00
20250126 12:40,A,Grand & Central ,829,8689,22042,65,65,Westbound,Nordica,2025-01-26 13:00:00,65 -806,1022014,259605225,False,20,,False,2025-01-26 13:04:00
20250126 12:40,A,Grand & Franklin,769,8656,8220,65,65,Westbound,Nordica,2025-01-26 13:00:00,65 -803,1022016,259605227,False,20,,True,2025-01-26 13:00:00
20250126 12:40,A,Grand & Kingsbury,771,8656,9468,65,65,Westbound,Nordica,2025-01-26 13:00:00,65 -803,1022016,259605227,False,20,,True,2025-01-26 13:00:00
20250126 12:40,A,Fullerton & Grand,15517,8619,17712,74,74,Westbound,Grand/Nordica,2025-01-26 13:00:00,74 -801,147,259606315,False,20,,True,2025-01-26 13:00:00
20250126 12:40,A,Grand & Washtenaw,796,8129,18426,65,65,Westbound,Nordica,2025-01-26 13:00:00,65 -802,1022015,259605226,False,19,,True,2025-01-26 13:00:00
20250126 12:40,A,Grand & Chicago,798,8129,19959,65,65,Westbound,Nordica,2025-01-26 13:01:00,65 -802,1022015,259605226,False,21,,True,2025-01-26 13:01:00
20250126 12:40,A,530 W Grand,772,8656,10226,65,65,Westbound,Nordica,2025-01-26 13:01:00,65 -803,1022016,259605227,False,20,,True,2025-01-26 13:01:00
20250126 12:40,A,Grand & Major,830,8689,22555,65,65,Westbound,Nordica,2025-01-26 13:01:00,65 -806,1022014,259605225,False,21,,False,2025-01-26 13:05:00
20250126 12:40,A,Grand & Desplaines,15672,8656,10776,65,65,Westbound,Nordica,2025-01-26 13:01:00,65 -803,1022016,259605227,False,21,,True,2025-01-26 13:01:00
20250126 12:40,A,Grand & Normandy ,840,8619,18507,74,74,Westbound,Grand/Nordica,2025-01-26 13:01:00,74 -801,147,259606315,False,21,,True,2025-01-26 13:01:00
20250126 12:40,A,Grand & California,797,8129,19150,65,65,Westbound,Nordica,2025-01-26 13:01:00,65 -802,1022015,259605226,False,21,,True,2025-01-26 13:01:00
20250126 12:40,A,Grand & Menard,15337,8689,23375,65,65,Westbound,Nordica,2025-01-26 13:02:00,65 -806,1022014,259605225,False,21,,False,2025-01-26 13:07:00
20250126 12:40,A,Grand & Marmora,832,8689,23923,65,65,Westbound,Nordica,2025-01-26 13:02:00,65 -806,1022014,259605225,False,22,,False,2025-01-26 13:07:00
20250126 12:40,A,Grand & Austin,833,8689,24605,65,65,Westbound,Nordica,2025-01-26 13:02:00,65 -806,1022014,259605225,False,22,,False,2025-01-26 13:08:00
20250126 12:40,A,Grand & Oak Park,14809,8619,19351,74,74,Westbound,Grand/Nordica,2025-01-26 13:02:00,74 -801,147,259606315,False,22,,True,2025-01-26 13:02:00
20250126 12:40,A,Grand & Kedzie,802,8129,22209,65,65,Westbound,Nordica,2025-01-26 13:02:00,65 -802,1022015,259605226,False,22,,True,2025-01-26 13:02:00
20250126 12:40,A,Grand & Sacramento,800,8129,21130,65,65,Westbound,Nordica,2025-01-26 13:02:00,65 -802,1022015,259605226,False,21,,True,2025-01-26 13:02:00
20250126 12:40,A,Grand & Milwaukee (Blue Line),14774,8656,11725,65,65,Westbound,Nordica,2025-01-26 13:02:00,65 -803,1022016,259605227,False,22,,True,2025-01-26 13:02:00
20250126 12:39,A,Grand & Laramie,3883,8584,24331,57,57,Northbound,Grand/Latrobe,2025-01-26 13:03:00,57 -801,24,259604418,False,23,,True,2025-01-26 13:03:00
20250126 12:40,A,Grand & Sacramento,800,7908,14129,52,52,Southbound,63rd Place,2025-01-26 13:03:00,52 -207,1064,259603465,False,23,,True,2025-01-26 13:03:00
20250126 12:40,A,Grand & Meade,834,8689,25295,65,65,Westbound,Nordica,2025-01-26 13:03:00,65 -806,1022014,259605225,False,23,,False,2025-01-26 13:09:00
20250126 12:40,A,Grand & Morgan,15174,8656,12917,65,65,Westbound,Nordica,2025-01-26 13:03:00,65 -803,1022016,259605227,False,23,,False,2025-01-26 13:05:00
20250126 12:40,A,Grand & Augusta,18376,8129,22995,65,65,Westbound,Nordica,2025-01-26 13:03:00,65 -802,1022015,259605226,False,23,,True,2025-01-26 13:03:00
20250126 12:40,A,Grand & New England ,842,8619,19849,74,74,Westbound,Grand/Nordica,2025-01-26 13:03:00,74 -801,147,259606315,False,23,,True,2025-01-26 13:03:00
20250126 12:40,A,Grand & Peoria,776,8656,12159,65,65,Westbound,Nordica,2025-01-26 13:03:00,65 -803,1022016,259605227,False,23,,True,2025-01-26 13:03:00
20250126 12:40,A,Grand & Thomas,805,8129,24477,65,65,Westbound,Nordica,2025-01-26 13:04:00,65 -802,1022015,259605226,False,24,,True,2025-01-26 13:04:00
20250126 12:40,A,Grand & Homan,18377,8129,23860,65,65,Westbound,Nordica,2025-01-26 13:04:00,65 -802,1022015,259605226,False,24,,True,2025-01-26 13:04:00
20250126 12:40,A,Grand & Sayre,844,8619,20682,74,74,Westbound,Grand/Nordica,2025-01-26 13:04:00,74 -801,147,259606315,False,23,,True,2025-01-26 13:04:00
20250126 12:39,A,Grand & Streeter,759,1147,11366,29,29,Southbound,95th Red Line,2025-01-26 13:04:00,29 -115,1021746,259601679,False,24,,True,2025-01-26 13:04:00
20250126 12:40,A,Grand & Melvina,15335,8689,26171,65,65,Westbound,Nordica,2025-01-26 13:04:00,65 -806,1022014,259605225,False,23,,False,2025-01-26 13:09:00
20250126 12:40,A,Grand & Aberdeen,778,8656,13413,65,65,Westbound,Nordica,2025-01-26 13:04:00,65 -803,1022016,259605227,False,24,,True,2025-01-26 13:04:00
20250126 12:40,A,Grand & Mobile,836,8689,26669,65,65,Westbound,Nordica,2025-01-26 13:04:00,65 -806,1022014,259605225,False,24,,False,2025-01-26 13:09:00
20250126 12:40,A,Grand & Natchez,838,8689,27978,65,65,Westbound,Nordica,2025-01-26 13:05:00,65 -806,1022014,259605225,False,25,,False,2025-01-26 13:10:00
20250126 12:39,A,Grand & Streeter,759,8412,11604,66,66,Westbound,Austin,2025-01-26 13:05:00,66 -812,1078985,259605423,False,24,,True,2025-01-26 13:05:00
20250126 12:40,A,Grand & Racine,780,8656,14158,65,65,Westbound,Nordica,2025-01-26 13:05:00,65 -803,1022016,259605227,False,24,,True,2025-01-26 13:05:00
20250126 12:40,A,Grand & Narragansett,837,8689,27392,65,65,Westbound,Nordica,2025-01-26 13:05:00,65 -806,1022014,259605225,False,24,,False,2025-01-26 13:10:00
20250126 12:40,A,Grand & Ogden,781,8656,14583,65,65,Westbound,Nordica,2025-01-26 13:05:00,65 -803,1022016,259605227,False,25,,False,2025-01-26 13:07:00
20250126 12:40,A,Grand & Division,808,8129,25662,65,65,Westbound,Nordica,2025-01-26 13:05:00,65 -802,1022015,259605226,False,25,,True,2025-01-26 13:05:00
20250126 12:39,D,Navy Pier Terminal,14162,8582,13588,65,65,Westbound,Nordica,2025-01-26 13:06:00,65 -804,1022017,259605228,False,25,,True,2025-01-26 13:06:00
20250126 12:40,A,Grand & Armour,783,8656,16397,65,65,Westbound,Nordica,2025-01-26 13:06:00,65 -803,1022016,259605227,False,26,,False,2025-01-26 13:08:00
20250126 12:40,A,Grand & Noble,782,8656,15491,65,65,Westbound,Nordica,2025-01-26 13:06:00,65 -803,1022016,259605227,False,26,,False,2025-01-26 13:08:00
20250126 12:39,A,Grand & Peshtigo,760,8412,12539,66,66,Westbound,Austin,2025-01-26 13:06:00,66 -812,1078985,259605423,False,26,,True,2025-01-26 13:06:00
20250126 12:40,A,Grand & Peshtigo,760,1147,12240,29,29,Southbound,95th Red Line,2025-01-26 13:06:00,29 -115,1021746,259601679,False,26,,True,2025-01-26 13:06:00
20250126 12:40,A,Fullerton & Grand,15517,8689,28677,65,65,Westbound,Nordica,2025-01-26 13:06:00,65 -806,1022014,259605225,False,26,,False,2025-01-26 13:11:00
20250126 12:40,A,Grand & McClurg,589,1147,12893,29,29,Southbound,95th Red Line,2025-01-26 13:06:00,29 -115,1021746,259601679,False,26,,True,2025-01-26 13:06:00
20250126 12:40,A,Grand & Lawndale,809,8129,26343,65,65,Westbound,Nordica,2025-01-26 13:06:00,65 -802,1022015,259605226,False,26,,True,2025-01-26 13:06:00
20250126 12:40,A,Grand & Fairbanks/Columbus,590,1147,13433,29,29,Southbound,95th Red Line,2025-01-26 13:07:00,29 -115,1021746,259601679,False,27,,True,2025-01-26 13:07:00
20250126 12:40,A,Grand & Hamlin,15557,8129,27083,65,65,Westbound,Nordica,2025-01-26 13:07:00,65 -802,1022015,259605226,False,27,,True,2025-01-26 13:07:00
20250126 12:40,A,Grand & Normandy ,840,8689,29472,65,65,Westbound,Nordica,2025-01-26 13:07:00,65 -806,1022014,259605225,False,27,,False,2025-01-26 13:13:00
20250126 12:40,D,Grand & Nordica Terminal,668,8555,6074,74,74,Eastbound,Halsted,2025-01-26 13:07:00,74 -807,155,259606399,False,27,,True,2025-01-26 13:07:00
20250126 12:40,A,Grand & Ashland,784,8656,16822,65,65,Westbound,Nordica,2025-01-26 13:07:00,65 -803,1022016,259605227,False,27,,False,2025-01-26 13:09:00
20250126 12:39,A,Grand & Streeter,759,8582,14351,65,65,Westbound,Nordica,2025-01-26 13:07:00,65 -804,1022017,259605228,False,27,,True,2025-01-26 13:07:00
20250126 12:39,A,Grand & McClurg,589,8412,13192,66,66,Westbound,Austin,2025-01-26 13:07:00,66 -812,1078985,259605423,False,27,,True,2025-01-26 13:07:00
20250126 12:40,A,Grand & Springfield,811,8129,27679,65,65,Westbound,Nordica,2025-01-26 13:08:00,65 -802,1022015,259605226,False,27,,True,2025-01-26 13:08:00
20250126 12:40,A,Grand & Pulaski,812,8129,28449,65,65,Westbound,Nordica,2025-01-26 13:08:00,65 -802,1022015,259605226,False,28,,True,2025-01-26 13:08:00
20250126 12:39,A,Grand & Peshtigo,760,8582,15286,65,65,Westbound,Nordica,2025-01-26 13:08:00,65 -804,1022017,259605228,False,28,,True,2025-01-26 13:08:00
20250126 12:40,A,Grand & Paulina,785,8656,17509,65,65,Westbound,Nordica,2025-01-26 13:08:00,65 -803,1022016,259605227,False,27,,False,2025-01-26 13:10:00
20250126 12:40,A,Grand & Wood,786,8656,18162,65,65,Westbound,Nordica,2025-01-26 13:08:00,65 -803,1022016,259605227,False,28,,False,2025-01-26 13:10:00
20250126 12:39,A,Grand & Fairbanks/Columbus,590,8412,13732,66,66,Westbound,Austin,2025-01-26 13:08:00,66 -812,1078985,259605423,False,28,,True,2025-01-26 13:08:00
20250126 12:40,A,Grand & St. Clair,761,1147,14097,29,29,Southbound,95th Red Line,2025-01-26 13:08:00,29 -115,1021746,259601679,False,28,,True,2025-01-26 13:08:00
20250126 12:39,D,Grand & Latrobe Terminal,3824,8584,25055,57,57,Southbound,Cicero Blue Line,2025-01-26 13:08:00,57 -801,25,259604393,False,28,,True,2025-01-26 13:08:00
20250126 12:40,A,Grand & New England ,842,8689,30814,65,65,Westbound,Nordica,2025-01-26 13:09:00,65 -806,1022014,259605225,False,29,,False,2025-01-26 13:15:00
20250126 12:40,A,Grand & Rush,16028,1147,14972,29,29,Southbound,95th Red Line,2025-01-26 13:09:00,29 -115,1021746,259601679,False,29,,True,2025-01-26 13:09:00
20250126 12:40,A,Grand & Damen,18669,8656,19623,65,65,Westbound,Nordica,2025-01-26 13:09:00,65 -803,1022016,259605227,False,29,,False,2025-01-26 13:12:00
20250126 12:40,A,Grand & Sayre,844,8689,31647,65,65,Westbound,Nordica,2025-01-26 13:09:00,65 -806,1022014,259605225,False,29,,False,2025-01-26 13:15:00
20250126 12:40,A,Grand & Karlov,813,8129,29228,65,65,Westbound,Nordica,2025-01-26 13:09:00,65 -802,1022015,259605226,False,29,,True,2025-01-26 13:09:00
20250126 12:40,A,Grand & Wolcott,787,8656,18830,65,65,Westbound,Nordica,2025-01-26 13:09:00,65 -803,1022016,259605227,False,28,,False,2025-01-26 13:11:00
20250126 12:40,A,Grand & Oak Park,14809,8689,30316,65,65,Westbound,Nordica,2025-01-26 13:09:00,65 -806,1022014,259605225,False,28,,False,2025-01-26 13:14:00
20250126 12:39,D,Grand & Nordica Terminal,668,1966,14289,65,65,Eastbound,Navy Pier,2025-01-26 13:09:00,65 -807,1022020,259605174,False,28,,True,2025-01-26 00:00:00
20250126 12:40,A,Grand & Hoyne,789,8656,20141,65,65,Westbound,Nordica,2025-01-26 13:10:00,65 -803,1022016,259605227,False,29,,False,2025-01-26 13:12:00
20250126 13:10,A,Grand & Ashland,784,8656,88,65,65,Westbound,Nordica,2025-01-26 13:10:00,65 -803,1022016,259605227,False,DUE,,True,2025-01-26 13:10:00
20250126 13:10,A,Grand & Mobile,836,8689,1339,65,65,Westbound,Nordica,2025-01-26 13:11:00,65 -806,1022014,259605225,False,DUE,,True,2025-01-26 13:11:00
20250126 13:10,A,Grand & Kilbourn,818,8129,1608,65,65,Westbound,Nordica,2025-01-26 13:11:00,65 -802,1022015,259605226,False,DUE,,True,2025-01-26 13:11:00
20250126 13:10,A,Grand & Paulina,785,8656,775,65,65,Westbound,Nordica,2025-01-26 13:11:00,65 -803,1022016,259605227,False,DUE,,True,2025-01-26 13:11:00
20250126 13:10,A,Grand & Wood,786,8656,1428,65,65,Westbound,Nordica,2025-01-26 13:11:00,65 -803,1022016,259605227,False,DUE,,True,2025-01-26 13:11:00
20250126 13:10,A,Grand & Rush,16028,8582,1015,65,65,Westbound,Nordica,2025-01-26 13:11:00,65 -804,1022017,259605228,False,DUE,,True,2025-01-26 13:11:00
20250126 13:10,A,Grand & Kostner,817,8129,1038,65,65,Westbound,Nordica,2025-01-26 13:11:00,65 -802,1022015,259605226,False,DUE,,True,2025-01-26 13:11:00
20250126 13:10,A,Grand & Melvina,15335,8689,841,65,65,Westbound,Nordica,2025-01-26 13:11:00,65 -806,1022014,259605225,False,DUE,,True,2025-01-26 13:11:00
20250126 13:10,A,Grand & Narragansett,837,8689,2062,65,65,Westbound,Nordica,2025-01-26 13:12:00,65 -806,1022014,259605225,False,DUE,,True,2025-01-26 13:12:00
20250126 13:10,A,Grand & Natchez,838,8689,2648,65,65,Westbound,Nordica,2025-01-26 13:12:00,65 -806,1022014,259605225,False,DUE,,True,2025-01-26 13:12:00
20250126 13:10,A,Grand & Wolcott,787,8656,2096,65,65,Westbound,Nordica,2025-01-26 13:12:00,65 -803,1022016,259605227,False,DUE,,True,2025-01-26 13:12:00
20250126 13:10,A,Grand & Damen,18669,8656,2889,65,65,Westbound,Nordica,2025-01-26 13:12:00,65 -803,1022016,259605227,False,2,,True,2025-01-26 13:12:00
20250126 13:10,A,Grand & Kenton ,819,8129,2141,65,65,Westbound,Nordica,2025-01-26 13:12:00,65 -802,1022015,259605226,False,DUE,,True,2025-01-26 13:12:00
20250126 13:10,A,Fullerton & Grand,15517,8689,3347,65,65,Westbound,Nordica,2025-01-26 13:13:00,65 -806,1022014,259605225,False,3,,True,2025-01-26 13:13:00
20250126 13:10,A,Grand & Hoyne,789,8656,3407,65,65,Westbound,Nordica,2025-01-26 13:13:00,65 -803,1022016,259605227,False,2,,True,2025-01-26 13:13:00
20250126 13:10,A,Grand & State (Red Line),764,8582,1619,65,65,Westbound,Nordica,2025-01-26 13:13:00,65 -804,1022017,259605228,False,2,,True,2025-01-26 13:13:00
20250126 13:10,A,Grand & Cicero,821,8129,3914,65,65,Westbound,Nordica,2025-01-26 13:13:00,65 -802,1022015,259605226,False,3,,True,2025-01-26 13:13:00
20250126 13:10,A,4700 W Grand,820,8129,3025,65,65,Westbound,Nordica,2025-01-26 13:13:00,65 -802,1022015,259605226,False,2,,True,2025-01-26 13:13:00
20250126 13:10,D,Grand & Nordica Terminal,668,1966,175,65,65,Eastbound,Navy Pier,2025-01-26 13:13:00,65 -807,1022020,259605174,True,DLY,,True,2025-01-26 13:13:00
20250126 13:10,A,Grand & Leavitt,790,8656,4064,65,65,Westbound,Nordica,2025-01-26 13:13:00,65 -803,1022016,259605227,False,2,,True,2025-01-26 13:13:00
20250126 13:10,A,Grand & Oakley,791,8656,4734,65,65,Westbound,Nordica,2025-01-26 13:14:00,65 -803,1022016,259605227,False,3,,True,2025-01-26 13:14:00
20250126 13:10,A,Grand & Dearborn,765,8582,2045,65,65,Westbound,Nordica,2025-01-26 13:14:00,65 -804,1022017,259605228,False,3,,True,2025-01-26 13:14:00
20250126 13:10,A,Grand & Clark,766,8582,2449,65,65,Westbound,Nordica,2025-01-26 13:14:00,65 -804,1022017,259605228,False,3,,True,2025-01-26 13:14:00
20250126 13:10,A,Grand & Normandy ,840,8689,4142,65,65,Westbound,Nordica,2025-01-26 13:14:00,65 -806,1022014,259605225,False,3,,True,2025-01-26 13:14:00
20250126 13:10,A,Grand & Western,15340,8656,5621,65,65,Westbound,Nordica,2025-01-26 13:15:00,65 -803,1022016,259605227,False,5,,True,2025-01-26 13:15:00
20250126 13:10,A,Grand & Lamon,822,8129,5021,65,65,Westbound,Nordica,2025-01-26 13:15:00,65 -802,1022015,259605226,False,4,,True,2025-01-26 13:15:00
20250126 13:10,A,Grand & Streeter,759,8137,705,66,66,Westbound,Austin,2025-01-26 13:15:00,66 -808,1078986,259605424,False,4,,True,2025-01-26 13:15:00
20250126 13:10,A,Grand & Washtenaw,796,8656,7737,65,65,Westbound,Nordica,2025-01-26 13:16:00,65 -803,1022016,259605227,False,6,,True,2025-01-26 13:16:00
20250126 13:10,A,Grand & Franklin,769,8582,3662,65,65,Westbound,Nordica,2025-01-26 13:16:00,65 -804,1022017,259605228,False,5,,True,2025-01-26 13:16:00
20250126 13:10,A,Grand & New England ,842,8689,5484,65,65,Westbound,Nordica,2025-01-26 13:16:00,65 -806,1022014,259605225,False,5,,True,2025-01-26 13:16:00
20250126 13:10,A,Grand & Leclaire/Armitage,823,8129,6133,65,65,Westbound,Nordica,2025-01-26 13:16:00,65 -802,1022015,259605226,False,5,,True,2025-01-26 13:16:00
20250126 13:10,A,Grand & Campbell,15338,8656,6443,65,65,Westbound,Nordica,2025-01-26 13:16:00,65 -803,1022016,259605227,False,5,,True,2025-01-26 13:16:00
20250126 13:10,A,Grand & Rockwell,794,8656,6962,65,65,Westbound,Nordica,2025-01-26 13:16:00,65 -803,1022016,259605227,False,5,,True,2025-01-26 13:16:00
20250126 13:02,A,Fullerton & Grand,15517,1914,14006,74,74,Westbound,Grand/Nordica,2025-01-26 13:16:00,74 -806,148,259606316,False,6,,True,2025-01-26 13:10:00
20250126 13:10,A,Grand & Oak Park,14809,8689,4986,65,65,Westbound,Nordica,2025-01-26 13:16:00,65 -806,1022014,259605225,False,5,,True,2025-01-26 13:16:00
20250126 13:10,A,Grand & Kingsbury,771,8582,4910,65,65,Westbound,Nordica,2025-01-26 13:17:00,65 -804,1022017,259605228,False,6,,True,2025-01-26 13:17:00
20250126 13:10,A,Grand & Chicago,798,8656,9270,65,65,Westbound,Nordica,2025-01-26 13:17:00,65 -803,1022016,259605227,False,6,,True,2025-01-26 13:17:00
20250126 13:10,A,Grand & California,797,8656,8461,65,65,Westbound,Nordica,2025-01-26 13:17:00,65 -803,1022016,259605227,False,6,,True,2025-01-26 13:17:00
20250126 13:10,A,Grand & Laramie,3883,8129,7132,65,65,Westbound,Nordica,2025-01-26 13:17:00,65 -802,1022015,259605226,False,7,,True,2025-01-26 13:17:00
20250126 13:02,A,Grand & Normandy ,840,1914,14801,74,74,Westbound,Grand/Nordica,2025-01-26 13:17:00,74 -806,148,259606316,False,7,,True,2025-01-26 13:10:00
20250126 13:10,A,Grand & Peshtigo,760,8137,1640,66,66,Westbound,Austin,2025-01-26 13:17:00,66 -808,1078986,259605424,False,6,,True,2025-01-26 13:17:00
20250126 13:10,A,Grand & Sayre,844,8689,6317,65,65,Westbound,Nordica,2025-01-26 13:17:00,65 -806,1022014,259605225,False,6,,True,2025-01-26 13:17:00
20250126 13:10,A,Grand & Sacramento,800,8656,10441,65,65,Westbound,Nordica,2025-01-26 13:18:00,65 -803,1022016,259605227,False,8,,True,2025-01-26 13:18:00
20250126 13:10,A,Grand & Fairbanks/Columbus,590,8137,2833,66,66,Westbound,Austin,2025-01-26 13:18:00,66 -808,1078986,259605424,False,8,,True,2025-01-26 13:18:00
20250126 13:10,A,Grand & Desplaines,15672,8582,6218,65,65,Westbound,Nordica,2025-01-26 13:18:00,65 -804,1022017,259605228,False,8,,True,2025-01-26 13:18:00
20250126 13:10,A,Grand & McClurg,589,8137,2293,66,66,Westbound,Austin,2025-01-26 13:18:00,66 -808,1078986,259605424,False,7,,True,2025-01-26 13:18:00
20250126 13:10,A,530 W Grand,772,8582,5668,65,65,Westbound,Nordica,2025-01-26 13:18:00,65 -804,1022017,259605228,False,7,,True,2025-01-26 13:18:00
20250126 13:10,A,Grand & Lockwood ,826,8129,7660,65,65,Westbound,Nordica,2025-01-26 13:18:00,65 -802,1022015,259605226,False,7,,True,2025-01-26 13:18:00
20250126 13:10,A,Grand & Streeter,759,8336,693,29,29,Southbound,95th Red Line,2025-01-26 13:18:00,29 -102,1021747,259601619,False,8,,True,2025-01-26 13:18:00
20250126 13:02,A,Grand & Oak Park,14809,1914,15645,74,74,Westbound,Grand/Nordica,2025-01-26 13:18:00,74 -806,148,259606316,False,7,,True,2025-01-26 13:10:00
20250126 13:02,A,Grand & New England ,842,1914,16143,74,74,Westbound,Grand/Nordica,2025-01-26 13:19:00,74 -806,148,259606316,False,9,,True,2025-01-26 13:10:00
20250126 13:10,A,Grand & Long,15450,8129,8587,65,65,Westbound,Nordica,2025-01-26 13:19:00,65 -802,1022015,259605226,False,8,,True,2025-01-26 13:19:00
20250126 13:10,A,Grand & Sacramento,800,8296,1541,52,52,Southbound,63rd Place,2025-01-26 13:19:00,52 -202,1065,259603466,False,9,,True,2025-01-26 13:19:00
20250126 13:10,A,Grand & Kedzie,802,8656,11520,65,65,Westbound,Nordica,2025-01-26 13:19:00,65 -803,1022016,259605227,False,8,,True,2025-01-26 13:19:00
20250126 13:10,A,Grand & Peshtigo,760,8336,1628,29,29,Southbound,95th Red Line,2025-01-26 13:19:00,29 -102,1021747,259601619,False,9,,True,2025-01-26 13:19:00
20250126 13:10,A,Grand & Augusta,18376,8656,12306,65,65,Westbound,Nordica,2025-01-26 13:20:00,65 -803,1022016,259605227,False,9,,True,2025-01-26 13:20:00
20250126 13:10,D,Grand & Nordica Terminal,668,8619,250,74,74,Eastbound,Halsted,2025-01-26 13:20:00,74 -801,160,259606400,False,9,,True,2025-01-26 13:20:00
20250126 13:10,A,Grand & McClurg,589,8336,2281,29,29,Southbound,95th Red Line,2025-01-26 13:20:00,29 -102,1021747,259601619,False,10,,True,2025-01-26 13:20:00
20250126 13:10,A,5500 W Grand,828,8129,8997,65,65,Westbound,Nordica,2025-01-26 13:20:00,65 -802,1022015,259605226,False,9,,True,2025-01-26 13:20:00
20250126 13:02,A,Grand & Sayre,844,1914,16976,74,74,Westbound,Grand/Nordica,2025-01-26 13:20:00,74 -806,148,259606316,False,9,,True,2025-01-26 13:10:00
20250126 13:10,A,Grand & Homan,18377,8656,13171,65,65,Westbound,Nordica,2025-01-26 13:20:00,65 -803,1022016,259605227,False,10,,True,2025-01-26 13:20:00
20250126 13:10,A,Grand & Milwaukee (Blue Line),14774,8582,7167,65,65,Westbound,Nordica,2025-01-26 13:20:00,65 -804,1022017,259605228,False,9,,True,2025-01-26 13:20:00
20250126 13:10,A,Grand & Peoria,776,8582,7601,65,65,Westbound,Nordica,2025-01-26 13:20:00,65 -804,1022017,259605228,False,10,,True,2025-01-26 13:20:00
20250126 13:10,A,Grand & Thomas,805,8656,13788,65,65,Westbound,Nordica,2025-01-26 13:21:00,65 -803,1022016,259605227,False,10,,True,2025-01-26 13:21:00
20250126 13:10,A,Grand & Central ,829,8129,9899,65,65,Westbound,Nordica,2025-01-26 13:21:00,65 -802,1022015,259605226,False,10,,True,2025-01-26 13:21:00
20250126 13:10,A,Grand & Aberdeen,778,8582,8855,65,65,Westbound,Nordica,2025-01-26 13:21:00,65 -804,1022017,259605228,False,11,,True,2025-01-26 13:21:00
20250126 13:10,A,Grand & Morgan,15174,8582,8359,65,65,Westbound,Nordica,2025-01-26 13:21:00,65 -804,1022017,259605228,False,10,,True,2025-01-26 13:21:00
20250126 13:10,A,Grand & Major,830,8129,10412,65,65,Westbound,Nordica,2025-01-26 13:21:00,65 -802,1022015,259605226,False,11,,True,2025-01-26 13:21:00
20250126 13:10,A,Grand & Fairbanks/Columbus,590,8336,2821,29,29,Southbound,95th Red Line,2025-01-26 13:21:00,29 -102,1021747,259601619,False,11,,True,2025-01-26 13:21:00
20250126 13:10,A,Grand & Lawndale,809,8656,15654,65,65,Westbound,Nordica,2025-01-26 13:22:00,65 -803,1022016,259605227,False,12,,True,2025-01-26 13:22:00
20250126 13:10,A,Grand & Racine,780,8582,9600,65,65,Westbound,Nordica,2025-01-26 13:22:00,65 -804,1022017,259605228,False,11,,False,2025-01-26 13:24:00
20250126 13:10,A,Grand & Menard,15337,8129,11232,65,65,Westbound,Nordica,2025-01-26 13:22:00,65 -802,1022015,259605226,False,12,,True,2025-01-26 13:22:00
20250126 13:10,A,Grand & St. Clair,761,8336,3485,29,29,Southbound,95th Red Line,2025-01-26 13:22:00,29 -102,1021747,259601619,False,11,,True,2025-01-26 13:22:00
20250126 13:10,A,Grand & Division,808,8656,14973,65,65,Westbound,Nordica,2025-01-26 13:22:00,65 -803,1022016,259605227,False,11,,True,2025-01-26 13:22:00
20250126 13:10,A,Grand & Noble,782,8582,10933,65,65,Westbound,Nordica,2025-01-26 13:23:00,65 -804,1022017,259605228,False,13,,False,2025-01-26 13:26:00
20250126 13:10,A,Grand & Ogden,781,8582,10025,65,65,Westbound,Nordica,2025-01-26 13:23:00,65 -804,1022017,259605228,False,12,,False,2025-01-26 13:25:00
20250126 13:10,A,Grand & Marmora,832,8129,11780,65,65,Westbound,Nordica,2025-01-26 13:23:00,65 -802,1022015,259605226,False,12,,True,2025-01-26 13:23:00
20250126 13:10,A,Grand & Austin,833,8129,12462,65,65,Westbound,Nordica,2025-01-26 13:23:00,65 -802,1022015,259605226,False,12,,True,2025-01-26 13:23:00
20250126 13:10,A,Grand & Meade,834,8129,13152,65,65,Westbound,Nordica,2025-01-26 13:23:00,65 -802,1022015,259605226,False,12,,True,2025-01-26 13:23:00
20250126 13:10,A,Grand & Hamlin,15557,8656,16394,65,65,Westbound,Nordica,2025-01-26 13:23:00,65 -803,1022016,259605227,False,12,,True,2025-01-26 13:23:00
20250126 13:10,A,Grand & Springfield,811,8656,16990,65,65,Westbound,Nordica,2025-01-26 13:23:00,65 -803,1022016,259605227,False,13,,True,2025-01-26 13:23:00
20250126 13:10,A,Grand & Rush,16028,8336,4360,29,29,Southbound,95th Red Line,2025-01-26 13:23:00,29 -102,1021747,259601619,False,13,,True,2025-01-26 13:23:00
20250126 13:10,D,Navy Pier Terminal,14162,8118,6504,65,65,Westbound,Nordica,2025-01-26 13:24:00,65 -808,1022018,259605229,False,13,,True,2025-01-26 13:24:00
20250126 13:10,A,Grand & Armour,783,8582,11839,65,65,Westbound,Nordica,2025-01-26 13:24:00,65 -804,1022017,259605228,False,13,,False,2025-01-26 13:26:00
20250126 13:10,A,Grand & Melvina,15335,8129,14028,65,65,Westbound,Nordica,2025-01-26 13:24:00,65 -802,1022015,259605226,False,13,,True,2025-01-26 13:24:00
20250126 13:10,A,Grand & Mobile,836,8129,14526,65,65,Westbound,Nordica,2025-01-26 13:24:00,65 -802,1022015,259605226,False,13,,True,2025-01-26 13:24:00
20250126 13:10,A,Grand & Natchez,838,8129,15835,65,65,Westbound,Nordica,2025-01-26 13:25:00,65 -802,1022015,259605226,False,15,,True,2025-01-26 13:25:00
20250126 13:10,A,Grand & Streeter,759,8781,3685,66,66,Westbound,Austin,2025-01-26 13:25:00,66 -806,1078987,259605425,False,14,,True,2025-01-26 13:25:00
20250126 13:10,A,Grand & Paulina,785,8582,12951,65,65,Westbound,Nordica,2025-01-26 13:25:00,65 -804,1022017,259605228,False,15,,False,2025-01-26 13:28:00
20250126 13:10,A,Grand & Ashland,784,8582,12264,65,65,Westbound,Nordica,2025-01-26 13:25:00,65 -804,1022017,259605228,False,14,,False,2025-01-26 13:27:00
20250126 13:10,A,Grand & Narragansett,837,8129,15249,65,65,Westbound,Nordica,2025-01-26 13:25:00,65 -802,1022015,259605226,False,14,,True,2025-01-26 13:25:00
20250126 13:10,A,Grand & Streeter,759,8118,7267,65,65,Westbound,Nordica,2025-01-26 13:26:00,65 -808,1022018,259605229,False,15,,True,2025-01-26 13:26:00
20250126 13:10,A,Fullerton & Grand,15517,8129,16534,65,65,Westbound,Nordica,2025-01-26 13:26:00,65 -802,1022015,259605226,False,16,,True,2025-01-26 13:26:00
20250126 13:10,A,Grand & Laramie,3883,8722,15928,57,57,Northbound,Grand/Latrobe,2025-01-26 13:26:00,57 -802,23,259604419,False,15,,True,2025-01-26 13:26:00
20250126 13:10,A,Grand & Pulaski,812,8656,17760,65,65,Westbound,Nordica,2025-01-26 13:26:00,65 -803,1022016,259605227,False,15,,True,2025-01-26 13:26:00
20250126 13:10,A,Grand & Wood,786,8582,13604,65,65,Westbound,Nordica,2025-01-26 13:26:00,65 -804,1022017,259605228,False,15,,False,2025-01-26 13:28:00
20250126 13:10,A,Grand & Wolcott,787,8582,14272,65,65,Westbound,Nordica,2025-01-26 13:26:00,65 -804,1022017,259605228,False,16,,False,2025-01-26 13:29:00
20250126 13:10,A,Grand & Karlov,813,8656,18539,65,65,Westbound,Nordica,2025-01-26 13:26:00,65 -803,1022016,259605227,False,16,,True,2025-01-26 13:26:00
20250126 13:10,A,Grand & Normandy ,840,8129,17329,65,65,Westbound,Nordica,2025-01-26 13:27:00,65 -802,1022015,259605226,False,17,,True,2025-01-26 13:27:00
20250126 13:10,A,Grand & McClurg,589,8118,8855,65,65,Westbound,Nordica,2025-01-26 13:27:00,65 -808,1022018,259605229,False,17,,True,2025-01-26 13:27:00
20250126 13:10,A,Grand & Peshtigo,760,8781,4620,66,66,Westbound,Austin,2025-01-26 13:27:00,66 -806,1078987,259605425,False,16,,True,2025-01-26 13:27:00
20250126 13:10,A,Grand & Peshtigo,760,8118,8202,65,65,Westbound,Nordica,2025-01-26 13:27:00,65 -808,1022018,259605229,False,16,,True,2025-01-26 13:27:00
20250126 13:10,A,Grand & Kildare,815,8656,20039,65,65,Westbound,Nordica,2025-01-26 13:27:00,65 -803,1022016,259605227,False,17,,True,2025-01-26 13:27:00
20250126 13:10,A,Grand & Keeler,814,8656,19294,65,65,Westbound,Nordica,2025-01-26 13:27:00,65 -803,1022016,259605227,False,16,,True,2025-01-26 13:27:00
20250126 13:10,A,Grand & Damen,18669,8582,15065,65,65,Westbound,Nordica,2025-01-26 13:27:00,65 -804,1022017,259605228,False,16,,False,2025-01-26 13:30:00
20250126 13:10,A,Grand & Hoyne,789,8582,15583,65,65,Westbound,Nordica,2025-01-26 13:27:00,65 -804,1022017,259605228,False,17,,False,2025-01-26 13:30:00
20250126 13:10,A,Grand & Kostner,817,8656,20937,65,65,Westbound,Nordica,2025-01-26 13:28:00,65 -803,1022016,259605227,False,17,,True,2025-01-26 13:28:00
20250126 13:10,D,Grand & Nordica Terminal,668,8689,7085,65,65,Eastbound,Navy Pier,2025-01-26 13:28:00,65 -806,1022021,259605175,False,17,,True,2025-01-26 13:28:00
20250126 13:10,A,Grand & McClurg,589,8781,5273,66,66,Westbound,Austin,2025-01-26 13:28:00,66 -806,1078987,259605425,False,17,,True,2025-01-26 13:28:00
20250126 13:10,A,Grand & Leavitt,790,8582,16240,65,65,Westbound,Nordica,2025-01-26 13:28:00,65 -804,1022017,259605228,False,17,,False,2025-01-26 13:30:00
20250126 13:10,A,Grand & Fairbanks/Columbus,590,8118,9395,65,65,Westbound,Nordica,2025-01-26 13:28:00,65 -808,1022018,259605229,False,18,,True,2025-01-26 13:28:00
20250126 13:10,A,Grand & Fairbanks/Columbus,590,8781,5813,66,66,Westbound,Austin,2025-01-26 13:28:00,66 -806,1078987,259605425,False,18,,True,2025-01-26 13:28:00
20250126 13:10,A,Grand & Oakley,791,8582,16910,65,65,Westbound,Nordica,2025-01-26 13:28:00,65 -804,1022017,259605228,False,18,,False,2025-01-26 13:31:00
20250126 13:10,A,Grand & New England ,842,8129,17915,65,65,Westbound,Nordica,2025-01-26 13:29:00,65 -802,1022015,259605226,False,18,,True,2025-01-26 13:29:00
20250126 13:10,A,Grand & St. Clair,761,8118,10059,65,65,Westbound,Nordica,2025-01-26 13:29:00,65 -808,1022018,259605229,False,19,,True,2025-01-26 13:29:00
20250126 13:10,A,4700 W Grand,820,8656,22924,65,65,Westbound,Nordica,2025-01-26 13:29:00,65 -803,1022016,259605227,False,18,,True,2025-01-26 13:29:00
20250126 13:10,A,Grand & Oak Park,14809,8129,17417,65,65,Westbound,Nordica,2025-01-26 13:29:00,65 -802,1022015,259605226,False,18,,True,2025-01-26 13:29:00
20250126 13:10,A,Grand & Kilbourn,818,8656,21507,65,65,Westbound,Nordica,2025-01-26 13:29:00,65 -803,1022016,259605227,False,18,,True,2025-01-26 13:29:00
20250126 13:10,A,Grand & Kenton ,819,8656,22040,65,65,Westbound,Nordica,2025-01-26 13:29:00,65 -803,1022016,259605227,False,18,,True,2025-01-26 13:29:00
20250126 13:10,A,Grand & Cicero,821,8656,23813,65,65,Westbound,Nordica,2025-01-26 13:30:00,65 -803,1022016,259605227,False,19,,False,2025-01-26 13:32:00
20250126 13:10,A,Grand & Western,15340,8582,17797,65,65,Westbound,Nordica,2025-01-26 13:30:00,65 -804,1022017,259605228,False,19,,False,2025-01-26 13:32:00
20250126 13:10,A,Grand & Rockwell,794,8582,19138,65,65,Westbound,Nordica,2025-01-26 13:30:00,65 -804,1022017,259605228,False,20,,False,2025-01-26 13:32:00
20250126 13:10,A,Grand & Rush,16028,8118,10934,65,65,Westbound,Nordica,2025-01-26 13:30:00,65 -808,1022018,259605229,False,20,,True,2025-01-26 13:30:00
20250126 13:10,A,Grand & Sayre,844,8129,18748,65,65,Westbound,Nordica,2025-01-26 13:30:00,65 -802,1022015,259605226,False,19,,True,2025-01-26 13:30:00
20250126 13:10,A,Grand & Campbell,15338,8582,18619,65,65,Westbound,Nordica,2025-01-26 13:30:00,65 -804,1022017,259605228,False,20,,False,2025-01-26 13:32:00
20250126 13:10,D,Grand & Latrobe Terminal,3824,8722,16652,57,57,Southbound,Cicero Blue Line,2025-01-26 13:31:00,57 -802,26,259604394,False,20,,True,2025-01-26 13:31:00
20250126 13:10,A,Grand & Lamon,822,8656,24920,65,65,Westbound,Nordica,2025-01-26 13:31:00,65 -803,1022016,259605227,False,21,,False,2025-01-26 13:34:00
20250126 13:10,A,Grand & California,797,8582,20637,65,65,Westbound,Nordica,2025-01-26 13:31:00,65 -804,1022017,259605228,False,20,,True,2025-01-26 13:31:00
20250126 13:10,A,Grand & Washtenaw,796,8582,19913,65,65,Westbound,Nordica,2025-01-26 13:31:00,65 -804,1022017,259605228,False,20,,True,2025-01-26 13:31:00
20250126 13:10,A,Grand & State (Red Line),764,8118,11538,65,65,Westbound,Nordica,2025-01-26 13:32:00,65 -808,1022018,259605229,False,21,,True,2025-01-26 13:32:00
20250126 13:10,A,Grand & Leclaire/Armitage,823,8656,25882,65,65,Westbound,Nordica,2025-01-26 13:32:00,65 -803,1022016,259605227,False,21,,False,2025-01-26 13:35:00
20250126 13:10,A,Grand & Chicago,798,8582,21446,65,65,Westbound,Nordica,2025-01-26 13:32:00,65 -804,1022017,259605228,False,21,,True,2025-01-26 13:32:00
20250126 13:10,A,Grand & Streeter,759,8260,9861,124,124,Westbound,Ogilvie & Union Stations,2025-01-26 13:32:00,124 -202,1032954,259599836,False,21,,True,2025-01-26 13:32:00
20250126 13:10,A,Grand & Peshtigo,760,8260,10796,124,124,Westbound,Ogilvie & Union Stations,2025-01-26 13:33:00,124 -202,1032954,259599836,False,22,,True,2025-01-26 13:33:00
20250126 13:10,A,Grand & Kedzie,802,8582,23696,65,65,Westbound,Nordica,2025-01-26 13:33:00,65 -804,1022017,259605228,False,23,,False,2025-01-26 13:35:00
20250126 13:10,A,Grand & Dearborn,765,8118,11964,65,65,Westbound,Nordica,2025-01-26 13:33:00,65 -808,1022018,259605229,False,22,,True,2025-01-26 13:33:00
20250126 13:10,A,Grand & Clark,766,8118,12368,65,65,Westbound,Nordica,2025-01-26 13:33:00,65 -808,1022018,259605229,False,23,,True,2025-01-26 13:33:00
20250126 13:10,A,Grand & Laramie,3883,8656,26881,65,65,Westbound,Nordica,2025-01-26 13:33:00,65 -803,1022016,259605227,False,22,,False,2025-01-26 13:37:00
20250126 13:10,A,Grand & Sacramento,800,8582,22617,65,65,Westbound,Nordica,2025-01-26 13:33:00,65 -804,1022017,259605228,False,22,,True,2025-01-26 13:33:00
20250126 13:10,A,Fullerton & Grand,15517,8170,20003,74,74,Westbound,Grand/Nordica,2025-01-26 13:34:00,74 -802,149,259606317,False,23,,True,2025-01-26 13:34:00
20250126 13:10,A,Grand & McClurg,589,8260,11449,124,124,Westbound,Ogilvie & Union Stations,2025-01-26 13:34:00,124 -202,1032954,259599836,False,23,,True,2025-01-26 13:34:00
20250126 13:10,A,Grand & Lockwood ,826,8656,27409,65,65,Westbound,Nordica,2025-01-26 13:34:00,65 -803,1022016,259605227,False,23,,False,2025-01-26 13:37:00
20250126 13:10,A,Grand & Augusta,18376,8582,24482,65,65,Westbound,Nordica,2025-01-26 13:34:00,65 -804,1022017,259605228,False,24,,False,2025-01-26 13:37:00
20250126 13:10,A,Grand & Long,15450,8656,28336,65,65,Westbound,Nordica,2025-01-26 13:34:00,65 -803,1022016,259605227,False,24,,False,2025-01-26 13:38:00
20250126 13:10,A,Grand & Thomas,805,8582,25964,65,65,Westbound,Nordica,2025-01-26 13:35:00,65 -804,1022017,259605228,False,25,,False,2025-01-26 13:38:00
20250126 13:10,A,Grand & Homan,18377,8582,25347,65,65,Westbound,Nordica,2025-01-26 13:35:00,65 -804,1022017,259605228,False,24,,False,2025-01-26 13:37:00
20250126 13:10,A,Grand & Laramie,3883,8660,20246,73,73,Westbound,Laramie,2025-01-26 13:35:00,73 -805,39,259606273,False,25,,False,2025-01-26 13:37:00
20250126 13:10,A,Grand & Oak Park,14809,8170,21642,74,74,Westbound,Grand/Nordica,2025-01-26 13:35:00,74 -802,149,259606317,False,25,,True,2025-01-26 13:35:00
20250126 13:10,A,5500 W Grand,828,8656,28746,65,65,Westbound,Nordica,2025-01-26 13:35:00,65 -803,1022016,259605227,False,24,,False,2025-01-26 13:38:00
20250126 13:10,A,Grand & Franklin,769,8118,13581,65,65,Westbound,Nordica,2025-01-26 13:35:00,65 -808,1022018,259605229,False,24,,True,2025-01-26 13:35:00
20250126 13:10,A,Grand & Streeter,759,8577,7993,66,66,Westbound,Austin,2025-01-26 13:35:00,66 -801,1078988,259605426,False,24,,True,2025-01-26 00:00:00
20250126 13:10,A,Grand & Normandy ,840,8170,20798,74,74,Westbound,Grand/Nordica,2025-01-26 13:35:00,74 -802,149,259606317,False,24,,True,2025-01-26 13:35:00
20250126 13:10,A,Grand & Central ,829,8656,29648,65,65,Westbound,Nordica,2025-01-26 13:36:00,65 -803,1022016,259605227,False,25,,False,2025-01-26 13:39:00
20250126 13:10,A,Grand & Streeter,759,8331,9652,29,29,Southbound,95th Red Line,2025-01-26 13:36:00,29 -151,1021748,259601636,False,25,,True,2025-01-26 13:36:00
20250126 13:10,A,Grand & Kingsbury,771,8118,14829,65,65,Westbound,Nordica,2025-01-26 13:36:00,65 -808,1022018,259605229,False,25,,True,2025-01-26 13:36:00
20250126 13:10,A,Grand & Peshtigo,760,8577,8928,66,66,Westbound,Austin,2025-01-26 13:36:00,66 -801,1078988,259605426,False,25,,True,2025-01-26 00:00:00
20250126 13:10,A,Grand & Major,830,8656,30161,65,65,Westbound,Nordica,2025-01-26 13:36:00,65 -803,1022016,259605227,False,25,,False,2025-01-26 13:39:00
20250126 13:10,A,Grand & Division,808,8582,27149,65,65,Westbound,Nordica,2025-01-26 13:36:00,65 -804,1022017,259605228,False,26,,False,2025-01-26 13:39:00
20250126 13:10,A,Grand & Sayre,844,8170,22973,74,74,Westbound,Grand/Nordica,2025-01-26 13:37:00,74 -802,149,259606317,False,26,,True,2025-01-26 13:37:00
20250126 13:10,A,Grand & Peshtigo,760,8331,10587,29,29,Southbound,95th Red Line,2025-01-26 13:37:00,29 -151,1021748,259601636,False,26,,True,2025-01-26 13:37:00
20250126 13:10,A,Grand & New England ,842,8170,22140,74,74,Westbound,Grand/Nordica,2025-01-26 13:37:00,74 -802,149,259606317,False,26,,True,2025-01-26 13:37:00
20250126 13:10,A,Grand & Hamlin,15557,8582,28570,65,65,Westbound,Nordica,2025-01-26 13:37:00,65 -804,1022017,259605228,False,27,,False,2025-01-26 13:40:00
20250126 13:10,A,530 W Grand,772,8118,15587,65,65,Westbound,Nordica,2025-01-26 13:37:00,65 -808,1022018,259605229,False,26,,True,2025-01-26 13:37:00
20250126 13:10,A,Grand & Desplaines,15672,8118,16137,65,65,Westbound,Nordica,2025-01-26 13:37:00,65 -808,1022018,259605229,False,27,,True,2025-01-26 13:37:00
20250126 13:10,A,Grand & Menard,15337,8656,30981,65,65,Westbound,Nordica,2025-01-26 13:37:00,65 -803,1022016,259605227,False,26,,False,2025-01-26 13:40:00
20250126 13:10,A,Grand & Sacramento,800,1301,14294,52,52,Southbound,63rd Place,2025-01-26 13:37:00,52 -204,1066,259603467,False,27,,True,2025-01-26 13:37:00
20250126 13:10,A,Grand & Lawndale,809,8582,27830,65,65,Westbound,Nordica,2025-01-26 13:37:00,65 -804,1022017,259605228,False,26,,False,2025-01-26 13:39:00
20250126 13:10,A,Grand & McClurg,589,8577,9581,66,66,Westbound,Austin,2025-01-26 13:37:00,66 -801,1078988,259605426,False,26,,True,2025-01-26 00:00:00
20250126 13:10,A,Grand & Marmora,832,8656,31529,65,65,Westbound,Nordica,2025-01-26 13:37:00,65 -803,1022016,259605227,False,27,,False,2025-01-26 13:41:00
20250126 13:10,A,Grand & McClurg,589,8331,11240,29,29,Southbound,95th Red Line,2025-01-26 13:38:00,29 -151,1021748,259601636,False,27,,True,2025-01-26 13:38:00
20250126 13:10,A,Grand & Fairbanks/Columbus,590,8577,10121,66,66,Westbound,Austin,2025-01-26 13:38:00,66 -801,1078988,259605426,False,27,,False,2025-01-26 13:41:00
20250126 13:10,A,Grand & Austin,833,8656,32211,65,65,Westbound,Nordica,2025-01-26 13:38:00,65 -803,1022016,259605227,False,28,,False,2025-01-26 13:42:00
20250126 13:10,A,Grand & Springfield,811,8582,29166,65,65,Westbound,Nordica,2025-01-26 13:38:00,65 -804,1022017,259605228,False,27,,False,2025-01-26 13:40:00
20250126 13:10,A,Grand & Fairbanks/Columbus,590,8331,11780,29,29,Southbound,95th Red Line,2025-01-26 13:39:00,29 -151,1021748,259601636,False,28,,True,2025-01-26 13:39:00
20250126 13:10,A,Grand & St. Clair,761,8331,12444,29,29,Southbound,95th Red Line,2025-01-26 13:39:00,29 -151,1021748,259601636,False,29,,True,2025-01-26 13:39:00
20250126 13:10,A,Grand & Milwaukee (Blue Line),14774,8118,17086,65,65,Westbound,Nordica,2025-01-26 13:39:00,65 -808,1022018,259605229,False,28,,True,2025-01-26 13:39:00
20250126 13:10,A,Grand & Peoria,776,8118,17520,65,65,Westbound,Nordica,2025-01-26 13:40:00,65 -808,1022018,259605229,False,29,,True,2025-01-26 13:40:00
20250126 13:39,A,Grand & Milwaukee (Blue Line),14774,8118,139,65,65,Westbound,Nordica,2025-01-26 13:40:00,65 -808,1022018,259605229,False,DUE,,True,2025-01-26 13:40:00
20250126 13:39,A,Grand & Rush,16028,8331,213,29,29,Southbound,95th Red Line,2025-01-26 13:40:00,29 -151,1021748,259601636,False,DUE,,True,2025-01-26 13:40:00
20250126 13:40,A,Grand & Springfield,811,8582,593,65,65,Westbound,Nordica,2025-01-26 13:40:00,65 -804,1022017,259605228,False,DUE,,True,2025-01-26 13:40:00
20250126 13:39,A,Grand & Peoria,776,8118,573,65,65,Westbound,Nordica,2025-01-26 13:40:00,65 -808,1022018,259605229,False,DUE,,True,2025-01-26 13:40:00
20250126 13:39,A,Grand & Major,830,8656,678,65,65,Westbound,Nordica,2025-01-26 13:40:00,65 -803,1022016,259605227,False,DUE,,True,2025-01-26 13:40:00
20250126 13:39,A,Grand & Peshtigo,760,8577,541,66,66,Westbound,Austin,2025-01-26 13:40:00,66 -801,1078988,259605426,False,DUE,,True,2025-01-26 13:40:00
20250126 13:39,A,Grand & Morgan,15174,8118,1331,65,65,Westbound,Nordica,2025-01-26 13:41:00,65 -808,1022018,259605229,False,DUE,,True,2025-01-26 13:41:00
20250126 13:39,A,Grand & Aberdeen,778,8118,1827,65,65,Westbound,Nordica,2025-01-26 13:41:00,65 -808,1022018,259605229,False,DUE,,True,2025-01-26 13:41:00
20250126 13:39,A,Grand & McClurg,589,8577,1194,66,66,Westbound,Austin,2025-01-26 13:41:00,66 -801,1078988,259605426,False,DUE,,True,2025-01-26 13:41:00
20250126 13:39,D,Navy Pier Terminal,14162,8504,0,65,65,Westbound,Nordica,2025-01-26 13:41:00,65 -801,1022019,259605230,False,DUE,,True,2025-01-26 13:41:00
20250126 13:39,A,Grand & Menard,15337,8656,1498,65,65,Westbound,Nordica,2025-01-26 13:41:00,65 -803,1022016,259605227,False,DUE,,True,2025-01-26 13:41:00
20250126 13:39,A,Grand & Marmora,832,8656,2046,65,65,Westbound,Nordica,2025-01-26 13:41:00,65 -803,1022016,259605227,False,DUE,,True,2025-01-26 13:41:00
20250126 13:40,A,Grand & Pulaski,812,8582,1363,65,65,Westbound,Nordica,2025-01-26 13:42:00,65 -804,1022017,259605228,False,2,,True,2025-01-26 13:42:00
20250126 13:39,A,Grand & Streeter,759,8504,763,65,65,Westbound,Nordica,2025-01-26 13:42:00,65 -801,1022019,259605230,False,2,,True,2025-01-26 13:42:00
20250126 13:39,A,Grand & Racine,780,8118,2572,65,65,Westbound,Nordica,2025-01-26 13:42:00,65 -808,1022018,259605229,False,2,,True,2025-01-26 13:42:00
20250126 13:39,A,Grand & Ogden,781,8118,2997,65,65,Westbound,Nordica,2025-01-26 13:42:00,65 -808,1022018,259605229,False,2,,True,2025-01-26 13:42:00
20250126 13:39,A,Grand & Austin,833,8656,2728,65,65,Westbound,Nordica,2025-01-26 13:42:00,65 -803,1022016,259605227,False,2,,True,2025-01-26 13:42:00
20250126 13:39,A,Grand & Fairbanks/Columbus,590,8577,1734,66,66,Westbound,Austin,2025-01-26 13:42:00,66 -801,1078988,259605426,False,2,,True,2025-01-26 13:42:00
20250126 13:40,D,Grand & Nordica Terminal,668,8129,167,65,65,Eastbound,Navy Pier,2025-01-26 13:42:00,65 -802,1022022,259605176,False,2,,False,2025-01-26 13:44:00
20250126 13:39,A,Grand & Noble,782,8118,3905,65,65,Westbound,Nordica,2025-01-26 13:43:00,65 -808,1022018,259605229,False,3,,True,2025-01-26 13:43:00
20250126 13:40,A,Grand & Karlov,813,8582,2142,65,65,Westbound,Nordica,2025-01-26 13:43:00,65 -804,1022017,259605228,False,3,,True,2025-01-26 13:43:00
20250126 13:39,A,Grand & Peshtigo,760,8504,1698,65,65,Westbound,Nordica,2025-01-26 13:43:00,65 -801,1022019,259605230,False,3,,True,2025-01-26 13:43:00
20250126 13:40,A,Grand & Kildare,815,8582,3557,65,65,Westbound,Nordica,2025-01-26 13:44:00,65 -804,1022017,259605228,False,4,,True,2025-01-26 13:44:00
20250126 13:40,A,Grand & Kostner,817,8582,4455,65,65,Westbound,Nordica,2025-01-26 13:44:00,65 -804,1022017,259605228,False,4,,True,2025-01-26 13:44:00
20250126 13:39,A,Grand & McClurg,589,8504,2351,65,65,Westbound,Nordica,2025-01-26 13:44:00,65 -801,1022019,259605230,False,4,,True,2025-01-26 13:44:00
20250126 13:40,A,Fullerton & Grand,15517,8590,3979,74,74,Westbound,Grand/Nordica,2025-01-26 13:44:00,74 -809,150,259606318,False,4,,True,2025-01-26 13:44:00
20250126 13:39,A,Grand & Armour,783,8118,4811,65,65,Westbound,Nordica,2025-01-26 13:44:00,65 -808,1022018,259605229,False,4,,True,2025-01-26 13:44:00
20250126 13:39,A,Grand & Ashland,784,8118,5236,65,65,Westbound,Nordica,2025-01-26 13:44:00,65 -808,1022018,259605229,False,4,,True,2025-01-26 13:44:00
20250126 13:40,A,Grand & Keeler,814,8582,2897,65,65,Westbound,Nordica,2025-01-26 13:44:00,65 -804,1022017,259605228,False,3,,True,2025-01-26 13:44:00
20250126 13:39,A,Grand & Streeter,759,8508,705,66,66,Westbound,Austin,2025-01-26 13:44:00,66 -811,1078989,259605427,False,4,,True,2025-01-26 13:44:00
20250126 13:39,A,Grand & Fairbanks/Columbus,590,8504,2891,65,65,Westbound,Nordica,2025-01-26 13:45:00,65 -801,1022019,259605230,False,5,,True,2025-01-26 13:45:00
20250126 13:40,A,Grand & Kilbourn,818,8582,5025,65,65,Westbound,Nordica,2025-01-26 13:45:00,65 -804,1022017,259605228,False,5,,True,2025-01-26 13:45:00
20250126 13:40,A,Grand & Normandy ,840,8590,4774,74,74,Westbound,Grand/Nordica,2025-01-26 13:45:00,74 -809,150,259606318,False,5,,False,2025-01-26 13:47:00
20250126 13:40,A,4700 W Grand,820,8582,6442,65,65,Westbound,Nordica,2025-01-26 13:45:00,65 -804,1022017,259605228,False,5,,True,2025-01-26 13:45:00
20250126 13:40,A,Grand & Kenton ,819,8582,5558,65,65,Westbound,Nordica,2025-01-26 13:45:00,65 -804,1022017,259605228,False,5,,True,2025-01-26 13:45:00
20250126 13:39,A,Grand & Wood,786,8118,6576,65,65,Westbound,Nordica,2025-01-26 13:45:00,65 -808,1022018,259605229,False,5,,True,2025-01-26 13:45:00
20250126 13:39,A,Grand & Paulina,785,8118,5923,65,65,Westbound,Nordica,2025-01-26 13:45:00,65 -808,1022018,259605229,False,5,,True,2025-01-26 13:45:00
20250126 13:39,A,Grand & Peshtigo,760,8508,1640,66,66,Westbound,Austin,2025-01-26 13:46:00,66 -811,1078989,259605427,False,5,,True,2025-01-26 13:46:00
20250126 13:39,A,Grand & Wolcott,787,8118,7244,65,65,Westbound,Nordica,2025-01-26 13:46:00,65 -808,1022018,259605229,False,6,,True,2025-01-26 13:46:00
20250126 13:39,A,Grand & St. Clair,761,8504,3555,65,65,Westbound,Nordica,2025-01-26 13:46:00,65 -801,1022019,259605230,False,6,,True,2025-01-26 13:46:00
20250126 13:40,D,Grand & Nordica Terminal,668,8170,263,74,74,Eastbound,Halsted,2025-01-26 13:46:00,74 -802,157,259606402,False,6,,False,2025-01-26 13:50:00
20250126 13:40,A,Grand & Oak Park,14809,8590,5618,74,74,Westbound,Grand/Nordica,2025-01-26 13:46:00,74 -809,150,259606318,False,6,,False,2025-01-26 13:48:00
20250126 13:39,A,Grand & Leavitt,790,8118,9212,65,65,Westbound,Nordica,2025-01-26 13:47:00,65 -808,1022018,259605229,False,7,,True,2025-01-26 13:47:00
20250126 13:40,A,Grand & New England ,842,8590,6116,74,74,Westbound,Grand/Nordica,2025-01-26 13:47:00,74 -809,150,259606318,False,7,,False,2025-01-26 13:49:00
20250126 13:40,A,Grand & Cicero,821,8582,7331,65,65,Westbound,Nordica,2025-01-26 13:47:00,65 -804,1022017,259605228,False,7,,True,2025-01-26 13:47:00
20250126 13:39,A,Grand & Meade,834,8656,3418,65,65,Westbound,Nordica,2025-01-26 13:47:00,65 -803,1022016,259605227,False,7,,True,2025-01-26 13:47:00
20250126 13:39,A,Grand & Damen,18669,8118,8037,65,65,Westbound,Nordica,2025-01-26 13:47:00,65 -808,1022018,259605229,False,7,,True,2025-01-26 13:47:00
20250126 13:39,A,Grand & Hoyne,789,8118,8555,65,65,Westbound,Nordica,2025-01-26 13:47:00,65 -808,1022018,259605229,False,7,,True,2025-01-26 13:47:00
20250126 13:39,A,Grand & Rush,16028,8504,4430,65,65,Westbound,Nordica,2025-01-26 13:47:00,65 -801,1022019,259605230,False,7,,True,2025-01-26 13:47:00
20250126 13:39,A,Grand & McClurg,589,8508,2293,66,66,Westbound,Austin,2025-01-26 13:47:00,66 -811,1078989,259605427,False,6,,True,2025-01-26 13:47:00
20250126 13:39,A,Grand & Fairbanks/Columbus,590,8508,2833,66,66,Westbound,Austin,2025-01-26 13:47:00,66 -811,1078989,259605427,False,7,,True,2025-01-26 13:47:00
20250126 13:40,A,Grand & Laramie,3883,8584,7990,57,57,Northbound,Grand/Latrobe,2025-01-26 13:48:00,57 -801,27,259604420,False,8,,True,2025-01-26 13:48:00
20250126 13:39,A,Grand & Oakley,791,8118,9882,65,65,Westbound,Nordica,2025-01-26 13:48:00,65 -808,1022018,259605229,False,8,,True,2025-01-26 13:48:00
20250126 13:40,A,Grand & Sayre,844,8590,6949,74,74,Westbound,Grand/Nordica,2025-01-26 13:48:00,74 -809,150,259606318,False,8,,False,2025-01-26 13:50:00
20250126 13:40,A,Grand & Lamon,822,8582,8438,65,65,Westbound,Nordica,2025-01-26 13:48:00,65 -804,1022017,259605228,False,8,,True,2025-01-26 13:48:00
20250126 13:39,A,Grand & Mobile,836,8656,4792,65,65,Westbound,Nordica,2025-01-26 13:48:00,65 -803,1022016,259605227,False,8,,True,2025-01-26 13:48:00
20250126 13:39,A,Grand & Melvina,15335,8656,4294,65,65,Westbound,Nordica,2025-01-26 13:48:00,65 -803,1022016,259605227,False,8,,True,2025-01-26 13:48:00
20250126 13:39,A,Grand & State (Red Line),764,8504,5034,65,65,Westbound,Nordica,2025-01-26 13:49:00,65 -801,1022019,259605230,False,9,,True,2025-01-26 13:49:00
20250126 13:39,A,Grand & Dearborn,765,8504,5460,65,65,Westbound,Nordica,2025-01-26 13:49:00,65 -801,1022019,259605230,False,9,,True,2025-01-26 13:49:00
20250126 13:40,A,Grand & Leclaire/Armitage,823,8582,9550,65,65,Westbound,Nordica,2025-01-26 13:49:00,65 -804,1022017,259605228,False,9,,True,2025-01-26 13:49:00
20250126 13:39,A,Grand & Western,15340,8118,10769,65,65,Westbound,Nordica,2025-01-26 13:49:00,65 -808,1022018,259605229,False,9,,False,2025-01-26 13:51:00
20250126 13:39,A,Grand & Narragansett,837,8656,5515,65,65,Westbound,Nordica,2025-01-26 13:49:00,65 -803,1022016,259605227,False,9,,True,2025-01-26 13:49:00
20250126 13:40,A,Grand & Laramie,3883,8582,10549,65,65,Westbound,Nordica,2025-01-26 13:50:00,65 -804,1022017,259605228,False,10,,True,2025-01-26 13:50:00
20250126 13:40,A,Grand & Lockwood ,826,8582,11077,65,65,Westbound,Nordica,2025-01-26 13:50:00,65 -804,1022017,259605228,False,10,,True,2025-01-26 13:50:00
20250126 13:39,A,Grand & Natchez,838,8656,6101,65,65,Westbound,Nordica,2025-01-26 13:50:00,65 -803,1022016,259605227,False,9,,True,2025-01-26 13:50:00
20250126 13:39,A,Grand & Clark,766,8504,5864,65,65,Westbound,Nordica,2025-01-26 13:50:00,65 -801,1022019,259605230,False,10,,True,2025-01-26 13:50:00
20250126 13:39,A,Grand & Rockwell,794,8118,12110,65,65,Westbound,Nordica,2025-01-26 13:50:00,65 -808,1022018,259605229,False,10,,True,2025-01-26 13:50:00
20250126 13:40,A,Grand & Streeter,759,8520,693,29,29,Southbound,95th Red Line,2025-01-26 13:50:00,29 -111,1021757,259601704,False,10,,True,2025-01-26 13:50:00
20250126 13:39,A,Grand & Washtenaw,796,8118,12885,65,65,Westbound,Nordica,2025-01-26 13:50:00,65 -808,1022018,259605229,False,10,,True,2025-01-26 13:50:00
20250126 13:39,A,Grand & Campbell,15338,8118,11591,65,65,Westbound,Nordica,2025-01-26 13:50:00,65 -808,1022018,259605229,False,10,,True,2025-01-26 13:50:00
20250126 13:39,A,Grand & Normandy ,840,8656,7595,65,65,Westbound,Nordica,2025-01-26 13:51:00,65 -803,1022016,259605227,False,11,,True,2025-01-26 13:51:00
20250126 13:40,A,Grand & Peshtigo,760,8520,1628,29,29,Southbound,95th Red Line,2025-01-26 13:51:00,29 -111,1021757,259601704,False,11,,True,2025-01-26 13:51:00
20250126 13:39,A,Grand & California,797,8118,13609,65,65,Westbound,Nordica,2025-01-26 13:51:00,65 -808,1022018,259605229,False,11,,True,2025-01-26 13:51:00
20250126 13:39,A,Fullerton & Grand,15517,8656,6800,65,65,Westbound,Nordica,2025-01-26 13:51:00,65 -803,1022016,259605227,False,10,,True,2025-01-26 13:51:00
20250126 13:40,A,Grand & Long,15450,8582,12004,65,65,Westbound,Nordica,2025-01-26 13:51:00,65 -804,1022017,259605228,False,11,,True,2025-01-26 13:51:00
20250126 13:39,A,Grand & Chicago,798,8118,14418,65,65,Westbound,Nordica,2025-01-26 13:51:00,65 -808,1022018,259605229,False,11,,True,2025-01-26 13:51:00
20250126 13:40,A,5500 W Grand,828,8582,12414,65,65,Westbound,Nordica,2025-01-26 13:51:00,65 -804,1022017,259605228,False,11,,True,2025-01-26 13:51:00
20250126 13:40,A,Grand & McClurg,589,8520,2281,29,29,Southbound,95th Red Line,2025-01-26 13:52:00,29 -111,1021757,259601704,False,12,,True,2025-01-26 13:52:00
20250126 13:40,A,Grand & Central ,829,8582,13316,65,65,Westbound,Nordica,2025-01-26 13:52:00,65 -804,1022017,259605228,False,12,,True,2025-01-26 13:52:00
20250126 13:39,A,Grand & Sacramento,800,8118,15589,65,65,Westbound,Nordica,2025-01-26 13:52:00,65 -808,1022018,259605229,False,12,,True,2025-01-26 13:52:00
20250126 13:39,A,Grand & Franklin,769,8504,7077,65,65,Westbound,Nordica,2025-01-26 13:52:00,65 -801,1022019,259605230,False,12,,True,2025-01-26 13:52:00
20250126 13:39,A,Grand & New England ,842,8656,8937,65,65,Westbound,Nordica,2025-01-26 13:53:00,65 -803,1022016,259605227,False,13,,True,2025-01-26 13:53:00
20250126 13:40,A,Grand & Major,830,8582,13829,65,65,Westbound,Nordica,2025-01-26 13:53:00,65 -804,1022017,259605228,False,13,,True,2025-01-26 13:53:00
20250126 13:40,A,Grand & Fairbanks/Columbus,590,8520,2821,29,29,Southbound,95th Red Line,2025-01-26 13:53:00,29 -111,1021757,259601704,False,13,,True,2025-01-26 13:53:00
20250126 13:39,A,Grand & Kedzie,802,8118,16668,65,65,Westbound,Nordica,2025-01-26 13:53:00,65 -808,1022018,259605229,False,13,,True,2025-01-26 13:53:00
20250126 13:39,A,Grand & Oak Park,14809,8656,8439,65,65,Westbound,Nordica,2025-01-26 13:53:00,65 -803,1022016,259605227,False,13,,True,2025-01-26 13:53:00
20250126 13:39,A,Grand & Kingsbury,771,8504,8325,65,65,Westbound,Nordica,2025-01-26 13:53:00,65 -801,1022019,259605230,False,13,,True,2025-01-26 13:53:00
20250126 13:39,A,530 W Grand,772,8504,9083,65,65,Westbound,Nordica,2025-01-26 13:54:00,65 -801,1022019,259605230,False,14,,True,2025-01-26 13:54:00
20250126 13:40,A,Grand & Menard,15337,8582,14649,65,65,Westbound,Nordica,2025-01-26 13:54:00,65 -804,1022017,259605228,False,13,,True,2025-01-26 13:54:00
20250126 13:40,A,Grand & Streeter,759,8615,5639,66,66,Westbound,Austin,2025-01-26 13:54:00,66 -851,1078990,259605428,False,13,,True,2025-01-26 13:54:00
20250126 13:40,A,Grand & Marmora,832,8582,15197,65,65,Westbound,Nordica,2025-01-26 13:54:00,65 -804,1022017,259605228,False,14,,True,2025-01-26 13:54:00
20250126 13:39,A,Grand & Augusta,18376,8118,17454,65,65,Westbound,Nordica,2025-01-26 13:54:00,65 -808,1022018,259605229,False,14,,True,2025-01-26 13:54:00
20250126 13:39,A,Grand & Desplaines,15672,8504,9633,65,65,Westbound,Nordica,2025-01-26 13:54:00,65 -801,1022019,259605230,False,14,,True,2025-01-26 13:54:00
20250126 13:39,A,Grand & Sayre,844,8656,9770,65,65,Westbound,Nordica,2025-01-26 13:54:00,65 -803,1022016,259605227,False,14,,True,2025-01-26 13:54:00
20250126 13:40,A,Grand & St. Clair,761,8520,3485,29,29,Southbound,95th Red Line,2025-01-26 13:54:00,29 -111,1021757,259601704,False,14,,True,2025-01-26 13:54:00
20250126 13:39,A,Grand & Sacramento,800,8628,1541,52,52,Southbound,63rd Place,2025-01-26 13:55:00,52 -203,1067,259603468,False,15,,True,2025-01-26 13:55:00
20250126 13:39,A,Grand & Homan,18377,8118,18319,65,65,Westbound,Nordica,2025-01-26 13:55:00,65 -808,1022018,259605229,False,14,,True,2025-01-26 13:55:00
20250126 13:39,A,Grand & Thomas,805,8118,18936,65,65,Westbound,Nordica,2025-01-26 13:55:00,65 -808,1022018,259605229,False,15,,True,2025-01-26 13:55:00
20250126 13:40,A,Grand & Austin,833,8582,15879,65,65,Westbound,Nordica,2025-01-26 13:55:00,65 -804,1022017,259605228,False,15,,True,2025-01-26 13:55:00
20250126 13:40,A,Grand & Rush,16028,8520,4360,29,29,Southbound,95th Red Line,2025-01-26 13:55:00,29 -111,1021757,259601704,False,15,,True,2025-01-26 13:55:00
20250126 13:40,D,Grand & Latrobe Terminal,3824,8584,8714,57,57,Southbound,Cicero Blue Line,2025-01-26 13:55:00,57 -801,29,259604395,False,14,,True,2025-01-26 13:55:00
20250126 13:40,A,Grand & Peshtigo,760,8615,6574,66,66,Westbound,Austin,2025-01-26 13:55:00,66 -851,1078990,259605428,False,15,,True,2025-01-26 13:55:00
20250126 13:39,A,Grand & Milwaukee (Blue Line),14774,8504,10582,65,65,Westbound,Nordica,2025-01-26 13:56:00,65 -801,1022019,259605230,False,16,,True,2025-01-26 13:56:00
20250126 13:39,A,Grand & Peoria,776,8504,11016,65,65,Westbound,Nordica,2025-01-26 13:56:00,65 -801,1022019,259605230,False,16,,True,2025-01-26 13:56:00
20250126 13:39,A,Grand & Streeter,759,8641,8642,124,124,Westbound,Ogilvie & Union Stations,2025-01-26 13:56:00,124 -251,1032952,259599837,False,16,,True,2025-01-26 13:56:00
20250126 13:39,A,Grand & Laramie,3883,8414,12187,73,73,Westbound,Laramie,2025-01-26 13:56:00,73 -804,40,259606274,False,16,,True,2025-01-26 13:56:00
20250126 13:40,A,Grand & McClurg,589,8615,7227,66,66,Westbound,Austin,2025-01-26 13:56:00,66 -851,1078990,259605428,False,16,,True,2025-01-26 13:56:00
20250126 13:39,A,Grand & Lawndale,809,8118,20802,65,65,Westbound,Nordica,2025-01-26 13:56:00,65 -808,1022018,259605229,False,16,,True,2025-01-26 13:56:00
20250126 13:39,A,Grand & Division,808,8118,20121,65,65,Westbound,Nordica,2025-01-26 13:56:00,65 -808,1022018,259605229,False,16,,True,2025-01-26 13:56:00
20250126 13:39,A,Fullerton & Grand,15517,8124,15333,74,74,Westbound,Grand/Nordica,2025-01-26 13:57:00,74 -803,151,259606319,False,17,,True,2025-01-26 13:57:00
20250126 13:39,A,Grand & Hamlin,15557,8118,21542,65,65,Westbound,Nordica,2025-01-26 13:57:00,65 -808,1022018,259605229,False,17,,True,2025-01-26 13:57:00
20250126 13:40,A,Grand & Fairbanks/Columbus,590,8615,7767,66,66,Westbound,Austin,2025-01-26 13:57:00,66 -851,1078990,259605428,False,17,,True,2025-01-26 13:57:00
20250126 13:39,A,Grand & Morgan,15174,8504,11774,65,65,Westbound,Nordica,2025-01-26 13:57:00,65 -801,1022019,259605230,False,17,,True,2025-01-26 13:57:00
20250126 13:39,A,Grand & Aberdeen,778,8504,12270,65,65,Westbound,Nordica,2025-01-26 13:57:00,65 -801,1022019,259605230,False,17,,True,2025-01-26 13:57:00
20250126 13:39,A,Grand & Peshtigo,760,8641,9577,124,124,Westbound,Ogilvie & Union Stations,2025-01-26 13:57:00,124 -251,1032952,259599837,False,17,,True,2025-01-26 13:57:00
20250126 13:39,A,Grand & Springfield,811,8118,22138,65,65,Westbound,Nordica,2025-01-26 13:58:00,65 -808,1022018,259605229,False,17,,True,2025-01-26 13:58:00
20250126 13:39,A,Grand & Racine,780,8504,13015,65,65,Westbound,Nordica,2025-01-26 13:58:00,65 -801,1022019,259605230,False,18,,True,2025-01-26 13:58:00
20250126 13:39,D,Navy Pier Terminal,14162,8547,9219,65,65,Westbound,Nordica,2025-01-26 13:58:00,65 -851,1022028,259605231,False,17,,True,2025-01-26 13:58:00
20250126 13:39,A,Grand & Normandy ,840,8124,16128,74,74,Westbound,Grand/Nordica,2025-01-26 13:58:00,74 -803,151,259606319,False,18,,True,2025-01-26 13:58:00
20250126 13:39,A,Grand & McClurg,589,8641,10230,124,124,Westbound,Ogilvie & Union Stations,2025-01-26 13:58:00,124 -251,1032952,259599837,False,18,,True,2025-01-26 13:58:00
20250126 13:39,A,Grand & Streeter,759,8547,9982,65,65,Westbound,Nordica,2025-01-26 13:59:00,65 -851,1022028,259605231,False,19,,True,2025-01-26 13:59:00
20250126 13:40,D,Grand & Nordica Terminal,668,8590,7717,74,74,Eastbound,Halsted,2025-01-26 13:59:00,74 -809,158,259606403,False,19,,True,2025-01-26 13:59:00
20250126 13:39,A,Grand & Ogden,781,8504,13440,65,65,Westbound,Nordica,2025-01-26 13:59:00,65 -801,1022019,259605230,False,18,,True,2025-01-26 13:59:00
20250126 13:39,A,Grand & Oak Park,14809,8124,16972,74,74,Westbound,Grand/Nordica,2025-01-26 13:59:00,74 -803,151,259606319,False,19,,True,2025-01-26 13:59:00
20250126 13:39,A,Grand & Noble,782,8504,14348,65,65,Westbound,Nordica,2025-01-26 13:59:00,65 -801,1022019,259605230,False,19,,True,2025-01-26 13:59:00
20250126 13:39,A,Grand & Pulaski,812,8118,22908,65,65,Westbound,Nordica,2025-01-26 14:00:00,65 -808,1022018,259605229,False,20,,True,2025-01-26 14:00:00
20250126 13:40,A,Grand & Meade,834,8582,16569,65,65,Westbound,Nordica,2025-01-26 14:00:00,65 -804,1022017,259605228,False,20,,True,2025-01-26 14:00:00
20250126 13:39,A,Grand & New England ,842,8124,17470,74,74,Westbound,Grand/Nordica,2025-01-26 14:00:00,74 -803,151,259606319,False,20,,True,2025-01-26 14:00:00
20250126 13:39,A,Grand & Karlov,813,8118,23687,65,65,Westbound,Nordica,2025-01-26 14:00:00,65 -808,1022018,259605229,False,20,,True,2025-01-26 14:00:00
20250126 13:39,A,Grand & Armour,783,8504,15254,65,65,Westbound,Nordica,2025-01-26 14:00:00,65 -801,1022019,259605230,False,20,,True,2025-01-26 14:00:00
20250126 13:40,A,Grand & Melvina,15335,8582,17445,65,65,Westbound,Nordica,2025-01-26 14:01:00,65 -804,1022017,259605228,False,21,,True,2025-01-26 14:01:00
20250126 13:40,A,Grand & Mobile,836,8582,17943,65,65,Westbound,Nordica,2025-01-26 14:01:00,65 -804,1022017,259605228,False,21,,True,2025-01-26 14:01:00
20250126 13:39,A,Grand & Keeler,814,8118,24442,65,65,Westbound,Nordica,2025-01-26 14:01:00,65 -808,1022018,259605229,False,21,,True,2025-01-26 14:01:00
20250126 13:39,A,Grand & Peshtigo,760,8547,10917,65,65,Westbound,Nordica,2025-01-26 14:01:00,65 -851,1022028,259605231,False,21,,False,2025-01-26 14:04:00
20250126 13:39,A,Grand & Sayre,844,8124,18303,74,74,Westbound,Grand/Nordica,2025-01-26 14:01:00,74 -803,151,259606319,False,21,,True,2025-01-26 14:01:00
20250126 13:40,A,Grand & Natchez,838,8582,19252,65,65,Westbound,Nordica,2025-01-26 14:02:00,65 -804,1022017,259605228,False,22,,True,2025-01-26 14:02:00
20250126 13:40,A,Grand & Narragansett,837,8582,18666,65,65,Westbound,Nordica,2025-01-26 14:02:00,65 -804,1022017,259605228,False,22,,True,2025-01-26 14:02:00
20250126 13:40,A,Grand & Normandy ,840,8582,20746,65,65,Westbound,Nordica,2025-01-26 14:02:00,65 -804,1022017,259605228,False,22,,True,2025-01-26 14:02:00
20250126 13:40,A,Fullerton & Grand,15517,8582,19951,65,65,Westbound,Nordica,2025-01-26 14:02:00,65 -804,1022017,259605228,False,22,,True,2025-01-26 14:02:00
20250126 13:39,A,Grand & Ashland,784,8504,15679,65,65,Westbound,Nordica,2025-01-26 14:02:00,65 -801,1022019,259605230,False,22,,True,2025-01-26 14:02:00
20250126 13:39,A,Grand & Paulina,785,8504,16366,65,65,Westbound,Nordica,2025-01-26 14:02:00,65 -801,1022019,259605230,False,22,,True,2025-01-26 14:02:00
20250126 13:39,A,Grand & McClurg,589,8547,11570,65,65,Westbound,Nordica,2025-01-26 14:02:00,65 -851,1022028,259605231,False,22,,False,2025-01-26 14:06:00
20250126 13:39,A,Grand & Streeter,759,8588,11798,66,66,Westbound,Austin,2025-01-26 14:03:00,66 -802,1078991,259605429,False,23,,True,2025-01-26 14:03:00
20250126 13:39,A,Grand & Wood,786,8504,17019,65,65,Westbound,Nordica,2025-01-26 14:03:00,65 -801,1022019,259605230,False,23,,True,2025-01-26 14:03:00
20250126 13:40,A,Grand & New England ,842,8582,22088,65,65,Westbound,Nordica,2025-01-26 14:03:00,65 -804,1022017,259605228,False,23,,True,2025-01-26 14:03:00
20250126 13:40,A,Grand & Oak Park,14809,8582,21590,65,65,Westbound,Nordica,2025-01-26 14:03:00,65 -804,1022017,259605228,False,23,,True,2025-01-26 14:03:00
20250126 13:39,A,Grand & Wolcott,787,8504,17687,65,65,Westbound,Nordica,2025-01-26 14:03:00,65 -801,1022019,259605230,False,23,,True,2025-01-26 14:03:00
20250126 13:39,A,Grand & Fairbanks/Columbus,590,8547,12110,65,65,Westbound,Nordica,2025-01-26 14:03:00,65 -851,1022028,259605231,False,23,,False,2025-01-26 14:07:00
20250126 13:39,A,Grand & Damen,18669,8504,18480,65,65,Westbound,Nordica,2025-01-26 14:04:00,65 -801,1022019,259605230,False,24,,True,2025-01-26 14:04:00
20250126 13:39,A,Grand & St. Clair,761,8547,12774,65,65,Westbound,Nordica,2025-01-26 14:04:00,65 -851,1022028,259605231,False,24,,False,2025-01-26 14:09:00
20250126 13:40,A,Grand & Sayre,844,8582,22921,65,65,Westbound,Nordica,2025-01-26 14:04:00,65 -804,1022017,259605228,False,24,,True,2025-01-26 14:04:00
20250126 13:39,A,Grand & Kildare,815,8118,25187,65,65,Westbound,Nordica,2025-01-26 14:04:00,65 -808,1022018,259605229,False,24,,True,2025-01-26 14:04:00
20250126 13:39,D,Grand & Nordica Terminal,668,8656,10538,65,65,Eastbound,Navy Pier,2025-01-26 14:05:00,65 -803,1022023,259605177,False,25,,True,2025-01-26 14:05:00
20250126 13:39,A,Grand & Leavitt,790,8504,19655,65,65,Westbound,Nordica,2025-01-26 14:05:00,65 -801,1022019,259605230,False,25,,True,2025-01-26 14:05:00
20250126 13:39,A,Grand & Peshtigo,760,8588,12733,66,66,Westbound,Austin,2025-01-26 14:05:00,66 -802,1078991,259605429,False,24,,True,2025-01-26 14:05:00
20250126 13:39,A,Grand & Kostner,817,8118,26085,65,65,Westbound,Nordica,2025-01-26 14:05:00,65 -808,1022018,259605229,False,25,,True,2025-01-26 14:05:00
20250126 13:39,A,Grand & Rush,16028,8547,13649,65,65,Westbound,Nordica,2025-01-26 14:05:00,65 -851,1022028,259605231,False,25,,True,2025-01-26 14:05:00
20250126 13:39,A,Grand & Hoyne,789,8504,18998,65,65,Westbound,Nordica,2025-01-26 14:05:00,65 -801,1022019,259605230,False,25,,True,2025-01-26 14:05:00
20250126 13:39,A,Grand & Kenton ,819,8118,27188,65,65,Westbound,Nordica,2025-01-26 14:06:00,65 -808,1022018,259605229,False,26,,True,2025-01-26 14:06:00
20250126 13:39,A,Grand & Kilbourn,818,8118,26655,65,65,Westbound,Nordica,2025-01-26 14:06:00,65 -808,1022018,259605229,False,26,,True,2025-01-26 14:06:00
20250126 13:39,A,Grand & McClurg,589,8588,13386,66,66,Westbound,Austin,2025-01-26 14:06:00,66 -802,1078991,259605429,False,25,,True,2025-01-26 14:06:00
20250126 13:39,A,Grand & Fairbanks/Columbus,590,8588,13926,66,66,Westbound,Austin,2025-01-26 14:06:00,66 -802,1078991,259605429,False,26,,True,2025-01-26 14:06:00
20250126 13:39,A,Grand & Western,15340,8504,21212,65,65,Westbound,Nordica,2025-01-26 14:06:00,65 -801,1022019,259605230,False,26,,True,2025-01-26 14:06:00
20250126 13:39,A,Grand & Oakley,791,8504,20325,65,65,Westbound,Nordica,2025-01-26 14:06:00,65 -801,1022019,259605230,False,26,,True,2025-01-26 14:06:00
20250126 13:39,A,Grand & State (Red Line),764,8547,14253,65,65,Westbound,Nordica,2025-01-26 14:07:00,65 -851,1022028,259605231,False,27,,False,2025-01-26 14:10:00
20250126 13:39,A,Grand & Rockwell,794,8504,22553,65,65,Westbound,Nordica,2025-01-26 14:07:00,65 -801,1022019,259605230,False,27,,True,2025-01-26 14:07:00
20250126 13:39,A,Grand & Campbell,15338,8504,22034,65,65,Westbound,Nordica,2025-01-26 14:07:00,65 -801,1022019,259605230,False,27,,True,2025-01-26 14:07:00
20250126 13:39,A,4700 W Grand,820,8118,28072,65,65,Westbound,Nordica,2025-01-26 14:07:00,65 -808,1022018,259605229,False,26,,True,2025-01-26 14:07:00
20250126 13:39,A,Grand & Dearborn,765,8547,14679,65,65,Westbound,Nordica,2025-01-26 14:08:00,65 -851,1022028,259605231,False,28,,True,2025-01-26 14:08:00
20250126 13:39,A,Grand & Washtenaw,796,8504,23328,65,65,Westbound,Nordica,2025-01-26 14:08:00,65 -801,1022019,259605230,False,28,,True,2025-01-26 14:08:00
20250126 13:39,A,Grand & California,797,8504,24052,65,65,Westbound,Nordica,2025-01-26 14:08:00,65 -801,1022019,259605230,False,28,,True,2025-01-26 14:08:00
20250126 13:39,A,Grand & Cicero,821,8118,28961,65,65,Westbound,Nordica,2025-01-26 14:08:00,65 -808,1022018,259605229,False,28,,True,2025-01-26 14:08:00
20250126 13:39,A,Grand & Lamon,822,8118,30068,65,65,Westbound,Nordica,2025-01-26 14:09:00,65 -808,1022018,259605229,False,28,,True,2025-01-26 14:09:00
20250126 13:39,A,Grand & Clark,766,8547,15083,65,65,Westbound,Nordica,2025-01-26 14:09:00,65 -851,1022028,259605231,False,29,,True,2025-01-26 14:09:00
20250126 14:09,A,Grand & Lockwood ,826,8118,990,65,65,Westbound,Nordica,2025-01-26 14:09:00,65 -808,1022018,259605229,False,DUE,,True,2025-01-26 14:09:00
20250126 14:09,A,Grand & Chicago,798,8504,970,65,65,Westbound,Nordica,2025-01-26 14:10:00,65 -801,1022019,259605230,False,DUE,,True,2025-01-26 14:10:00
20250126 14:09,A,Grand & Long,15450,8118,1917,65,65,Westbound,Nordica,2025-01-26 14:10:00,65 -808,1022018,259605229,False,DUE,,True,2025-01-26 14:10:00
20250126 14:09,A,Fullerton & Grand,15517,8667,709,74,74,Westbound,Grand/Nordica,2025-01-26 14:10:00,74 -804,161,259606320,False,DUE,,True,2025-01-26 14:10:00
20250126 14:09,A,Grand & Franklin,769,8547,682,65,65,Westbound,Nordica,2025-01-26 14:10:00,65 -851,1022028,259605231,False,DUE,,True,2025-01-26 14:10:00
20250126 14:09,A,Grand & Peshtigo,760,8443,598,29,29,Southbound,95th Red Line,2025-01-26 14:10:00,29 -152,1021758,259601645,False,DUE,,True,2025-01-26 14:10:00
20250126 14:09,A,5500 W Grand,828,8118,2327,65,65,Westbound,Nordica,2025-01-26 14:11:00,65 -808,1022018,259605229,False,DUE,,True,2025-01-26 14:11:00
20250126 14:09,A,Grand & Laramie,3883,8722,2179,57,57,Northbound,Grand/Latrobe,2025-01-26 14:11:00,57 -802,28,259604421,False,2,,True,2025-01-26 14:11:00
20250126 14:09,A,Grand & McClurg,589,8443,1251,29,29,Southbound,95th Red Line,2025-01-26 14:11:00,29 -152,1021758,259601645,False,DUE,,True,2025-01-26 14:11:00
20250126 14:09,A,Grand & Laramie,3883,1968,1005,73,73,Westbound,Laramie,2025-01-26 14:11:00,73 -806,47,259606275,False,DUE,,True,2025-01-26 14:11:00
20250126 14:09,A,Grand & Kedzie,802,8504,3220,65,65,Westbound,Nordica,2025-01-26 14:11:00,65 -801,1022019,259605230,False,2,,True,2025-01-26 14:11:00
20250126 14:09,A,Grand & Kingsbury,771,8547,1930,65,65,Westbound,Nordica,2025-01-26 14:11:00,65 -851,1022028,259605231,False,DUE,,True,2025-01-26 14:11:00
20250126 14:09,A,Grand & Sacramento,800,8504,2141,65,65,Westbound,Nordica,2025-01-26 14:11:00,65 -801,1022019,259605230,False,DUE,,True,2025-01-26 14:11:00
20250126 14:09,A,Grand & Normandy ,840,8667,1504,74,74,Westbound,Grand/Nordica,2025-01-26 14:11:00,74 -804,161,259606320,False,2,,True,2025-01-26 14:11:00
20250126 14:09,A,Grand & Central ,829,8118,3229,65,65,Westbound,Nordica,2025-01-26 14:12:00,65 -808,1022018,259605229,False,2,,True,2025-01-26 14:12:00
20250126 14:09,A,Grand & Augusta,18376,8504,4006,65,65,Westbound,Nordica,2025-01-26 14:12:00,65 -801,1022019,259605230,False,2,,True,2025-01-26 14:12:00
20250126 14:09,A,Grand & St. Clair,761,8443,2455,29,29,Southbound,95th Red Line,2025-01-26 14:12:00,29 -152,1021758,259601645,False,3,,True,2025-01-26 14:12:00
20250126 14:09,A,Grand & Oak Park,14809,8667,2348,74,74,Westbound,Grand/Nordica,2025-01-26 14:12:00,74 -804,161,259606320,False,3,,True,2025-01-26 14:12:00
20250126 14:09,A,530 W Grand,772,8547,2688,65,65,Westbound,Nordica,2025-01-26 14:12:00,65 -851,1022028,259605231,False,2,,True,2025-01-26 14:12:00
20250126 14:09,D,Grand & Nordica Terminal,668,8124,-1,74,74,Eastbound,Halsted,2025-01-26 14:12:00,74 -803,159,259606404,False,2,,True,2025-01-26 14:12:00
20250126 14:09,A,Grand & Desplaines,15672,8547,3238,65,65,Westbound,Nordica,2025-01-26 14:12:00,65 -851,1022028,259605231,False,3,,True,2025-01-26 14:12:00
20250126 14:09,A,Grand & Fairbanks/Columbus,590,8443,1791,29,29,Southbound,95th Red Line,2025-01-26 14:12:00,29 -152,1021758,259601645,False,2,,True,2025-01-26 14:12:00
20250126 14:09,A,Grand & Major,830,8118,3742,65,65,Westbound,Nordica,2025-01-26 14:12:00,65 -808,1022018,259605229,False,2,,True,2025-01-26 14:12:00
20250126 14:09,A,Grand & Rush,16028,8443,3330,29,29,Southbound,95th Red Line,2025-01-26 14:13:00,29 -152,1021758,259601645,False,4,,False,2025-01-26 14:15:00
20250126 14:09,A,Grand & Homan,18377,8504,4871,65,65,Westbound,Nordica,2025-01-26 14:13:00,65 -801,1022019,259605230,False,3,,True,2025-01-26 14:13:00
20250126 14:09,A,Grand & Marmora,832,8118,5110,65,65,Westbound,Nordica,2025-01-26 14:13:00,65 -808,1022018,259605229,False,3,,True,2025-01-26 14:13:00
20250126 14:09,A,Grand & New England ,842,8667,2846,74,74,Westbound,Grand/Nordica,2025-01-26 14:13:00,74 -804,161,259606320,False,3,,True,2025-01-26 14:13:00
20250126 14:09,A,Grand & Sayre,844,8667,3679,74,74,Westbound,Grand/Nordica,2025-01-26 14:13:00,74 -804,161,259606320,False,3,,True,2025-01-26 14:13:00
20250126 14:09,A,Grand & Streeter,759,8553,651,66,66,Westbound,Austin,2025-01-26 14:13:00,66 -809,1078992,259605430,False,3,,True,2025-01-26 14:13:00
20250126 14:09,A,Grand & Menard,15337,8118,4562,65,65,Westbound,Nordica,2025-01-26 14:13:00,65 -808,1022018,259605229,False,3,,True,2025-01-26 14:13:00
20250126 14:09,A,Grand & Thomas,805,8504,5488,65,65,Westbound,Nordica,2025-01-26 14:14:00,65 -801,1022019,259605230,False,4,,True,2025-01-26 14:14:00
20250126 14:09,A,Grand & Milwaukee (Blue Line),14774,8547,4187,65,65,Westbound,Nordica,2025-01-26 14:14:00,65 -851,1022028,259605231,False,5,,True,2025-01-26 14:14:00
20250126 14:09,D,Grand & Nordica Terminal,668,8582,203,65,65,Eastbound,Navy Pier,2025-01-26 14:14:00,65 -804,1022024,259605178,False,4,,True,2025-01-26 14:14:00
20250126 14:09,A,Grand & Austin,833,8118,5792,65,65,Westbound,Nordica,2025-01-26 14:14:00,65 -808,1022018,259605229,False,5,,True,2025-01-26 14:14:00
20250126 14:09,A,Grand & Peshtigo,760,8553,1586,66,66,Westbound,Austin,2025-01-26 14:14:00,66 -809,1078992,259605430,False,5,,True,2025-01-26 14:14:00
20250126 14:09,A,Grand & McClurg,589,8553,2239,66,66,Westbound,Austin,2025-01-26 14:15:00,66 -809,1078992,259605430,False,6,,True,2025-01-26 14:15:00
20250126 14:09,A,Grand & Morgan,15174,8547,5379,65,65,Westbound,Nordica,2025-01-26 14:15:00,65 -851,1022028,259605231,False,6,,True,2025-01-26 14:15:00
20250126 14:09,A,Grand & Meade,834,8118,6482,65,65,Westbound,Nordica,2025-01-26 14:15:00,65 -808,1022018,259605229,False,5,,True,2025-01-26 14:15:00
20250126 14:09,A,Grand & Lawndale,809,8504,7354,65,65,Westbound,Nordica,2025-01-26 14:15:00,65 -801,1022019,259605230,False,5,,True,2025-01-26 14:15:00
20250126 14:09,A,Grand & Division,808,8504,6673,65,65,Westbound,Nordica,2025-01-26 14:15:00,65 -801,1022019,259605230,False,5,,True,2025-01-26 14:15:00
20250126 14:09,A,Grand & Peoria,776,8547,4621,65,65,Westbound,Nordica,2025-01-26 14:15:00,65 -851,1022028,259605231,False,5,,True,2025-01-26 14:15:00
20250126 14:09,A,Grand & Aberdeen,778,8547,5875,65,65,Westbound,Nordica,2025-01-26 14:16:00,65 -851,1022028,259605231,False,6,,True,2025-01-26 14:16:00
20250126 14:09,A,Grand & Sacramento,800,8294,1691,52,52,Southbound,63rd Place,2025-01-26 14:16:00,52 -205,1068,259603469,False,6,,True,2025-01-26 14:16:00
20250126 14:09,A,Grand & Racine,780,8547,6620,65,65,Westbound,Nordica,2025-01-26 14:16:00,65 -851,1022028,259605231,False,7,,True,2025-01-26 14:16:00
20250126 14:09,A,Grand & Hamlin,15557,8504,8094,65,65,Westbound,Nordica,2025-01-26 14:16:00,65 -801,1022019,259605230,False,7,,True,2025-01-26 14:16:00
20250126 14:09,A,Grand & Mobile,836,8118,7856,65,65,Westbound,Nordica,2025-01-26 14:16:00,65 -808,1022018,259605229,False,7,,True,2025-01-26 14:16:00
20250126 14:09,A,Grand & Melvina,15335,8118,7358,65,65,Westbound,Nordica,2025-01-26 14:16:00,65 -808,1022018,259605229,False,6,,True,2025-01-26 14:16:00
20250126 14:09,A,Grand & Fairbanks/Columbus,590,8553,2779,66,66,Westbound,Austin,2025-01-26 14:16:00,66 -809,1078992,259605430,False,6,,True,2025-01-26 14:16:00
20250126 14:09,A,Grand & Narragansett,837,8118,8579,65,65,Westbound,Nordica,2025-01-26 14:17:00,65 -808,1022018,259605229,False,8,,True,2025-01-26 14:17:00
20250126 14:09,A,Grand & Springfield,811,8504,8690,65,65,Westbound,Nordica,2025-01-26 14:17:00,65 -801,1022019,259605230,False,7,,True,2025-01-26 14:17:00
20250126 14:09,A,Grand & Ogden,781,8547,7045,65,65,Westbound,Nordica,2025-01-26 14:17:00,65 -851,1022028,259605231,False,8,,True,2025-01-26 14:17:00
20250126 14:09,A,Grand & Noble,782,8547,7953,65,65,Westbound,Nordica,2025-01-26 14:17:00,65 -851,1022028,259605231,False,8,,True,2025-01-26 14:17:00
20250126 14:09,A,Grand & Natchez,838,8118,9165,65,65,Westbound,Nordica,2025-01-26 14:17:00,65 -808,1022018,259605229,False,8,,True,2025-01-26 14:17:00
20250126 14:09,A,Fullerton & Grand,15517,8118,9864,65,65,Westbound,Nordica,2025-01-26 14:17:00,65 -808,1022018,259605229,False,8,,True,2025-01-26 14:17:00
20250126 14:09,A,Grand & Normandy ,840,8118,10659,65,65,Westbound,Nordica,2025-01-26 14:18:00,65 -808,1022018,259605229,False,9,,True,2025-01-26 14:18:00
20250126 14:09,A,Grand & Pulaski,812,8504,9460,65,65,Westbound,Nordica,2025-01-26 14:18:00,65 -801,1022019,259605230,False,8,,False,2025-01-26 14:20:00
20250126 14:09,A,Grand & Paulina,785,8547,9971,65,65,Westbound,Nordica,2025-01-26 14:18:00,65 -851,1022028,259605231,False,9,,True,2025-01-26 14:18:00
20250126 14:09,A,Grand & Ashland,784,8547,9284,65,65,Westbound,Nordica,2025-01-26 14:18:00,65 -851,1022028,259605231,False,9,,True,2025-01-26 14:18:00
20250126 14:09,A,Grand & Armour,783,8547,8859,65,65,Westbound,Nordica,2025-01-26 14:18:00,65 -851,1022028,259605231,False,8,,True,2025-01-26 14:18:00
20250126 14:09,D,Navy Pier Terminal,14162,1966,1821,65,65,Westbound,Nordica,2025-01-26 14:18:00,65 -807,1022029,259605232,False,8,,True,2025-01-26 14:18:00
20250126 14:09,A,Grand & Oak Park,14809,8118,11503,65,65,Westbound,Nordica,2025-01-26 14:19:00,65 -808,1022018,259605229,False,9,,True,2025-01-26 14:19:00
20250126 14:09,D,Grand & Latrobe Terminal,3824,8722,2903,57,57,Southbound,Cicero Blue Line,2025-01-26 14:19:00,57 -802,30,259604396,False,9,,True,2025-01-26 14:19:00
20250126 14:09,A,Grand & New England ,842,8118,12001,65,65,Westbound,Nordica,2025-01-26 14:19:00,65 -808,1022018,259605229,False,10,,True,2025-01-26 14:19:00
20250126 14:09,A,Grand & Karlov,813,8504,10239,65,65,Westbound,Nordica,2025-01-26 14:19:00,65 -801,1022019,259605230,False,10,,False,2025-01-26 14:21:00
20250126 14:09,A,Grand & Wood,786,8547,10624,65,65,Westbound,Nordica,2025-01-26 14:19:00,65 -851,1022028,259605231,False,9,,True,2025-01-26 14:19:00
20250126 14:09,A,Grand & Wolcott,787,8547,11292,65,65,Westbound,Nordica,2025-01-26 14:19:00,65 -851,1022028,259605231,False,10,,True,2025-01-26 14:19:00
20250126 14:09,A,Grand & Kildare,815,8504,11739,65,65,Westbound,Nordica,2025-01-26 14:20:00,65 -801,1022019,259605230,False,11,,False,2025-01-26 14:22:00
20250126 14:09,A,Grand & Keeler,814,8504,10994,65,65,Westbound,Nordica,2025-01-26 14:20:00,65 -801,1022019,259605230,False,10,,False,2025-01-26 14:22:00
20250126 14:09,A,Grand & Streeter,759,1966,2584,65,65,Westbound,Nordica,2025-01-26 14:20:00,65 -807,1022029,259605232,False,11,,True,2025-01-26 14:20:00
20250126 14:09,A,Grand & Sayre,844,8118,12834,65,65,Westbound,Nordica,2025-01-26 14:20:00,65 -808,1022018,259605229,False,11,,True,2025-01-26 14:20:00
20250126 14:09,A,Grand & Damen,18669,8547,12085,65,65,Westbound,Nordica,2025-01-26 14:20:00,65 -851,1022028,259605231,False,11,,True,2025-01-26 14:20:00
20250126 14:09,A,Grand & Hoyne,789,8547,12603,65,65,Westbound,Nordica,2025-01-26 14:21:00,65 -851,1022028,259605231,False,11,,True,2025-01-26 14:21:00
20250126 14:09,A,Grand & Leavitt,790,8547,13260,65,65,Westbound,Nordica,2025-01-26 14:21:00,65 -851,1022028,259605231,False,12,,True,2025-01-26 14:21:00
20250126 14:09,A,Grand & Peshtigo,760,1966,3519,65,65,Westbound,Nordica,2025-01-26 14:21:00,65 -807,1022029,259605232,False,12,,True,2025-01-26 14:21:00
20250126 14:09,A,Grand & Oakley,791,8547,13930,65,65,Westbound,Nordica,2025-01-26 14:22:00,65 -851,1022028,259605231,False,12,,True,2025-01-26 14:22:00
20250126 14:09,A,Grand & Kostner,817,8504,12637,65,65,Westbound,Nordica,2025-01-26 14:22:00,65 -801,1022019,259605230,False,12,,True,2025-01-26 14:22:00
20250126 14:09,A,Grand & McClurg,589,1966,4172,65,65,Westbound,Nordica,2025-01-26 14:22:00,65 -807,1022029,259605232,False,13,,True,2025-01-26 14:22:00
20250126 14:09,A,Grand & Kilbourn,818,8504,13207,65,65,Westbound,Nordica,2025-01-26 14:22:00,65 -801,1022019,259605230,False,13,,True,2025-01-26 14:22:00
20250126 14:09,A,Grand & Streeter,759,8629,2850,124,124,Westbound,Ogilvie & Union Stations,2025-01-26 14:22:00,124 -252,1032958,259599838,False,12,,True,2025-01-26 14:22:00
20250126 14:09,A,Grand & Streeter,759,8485,1443,29,29,Southbound,95th Red Line,2025-01-26 14:22:00,29 -112,1021759,259601656,False,12,,True,2025-01-26 14:22:00
20250126 14:09,A,Grand & Streeter,759,8135,2008,66,66,Westbound,Austin,2025-01-26 14:22:00,66 -805,1078993,259605431,False,13,,True,2025-01-26 14:22:00
20250126 14:09,A,4700 W Grand,820,8504,14624,65,65,Westbound,Nordica,2025-01-26 14:23:00,65 -801,1022019,259605230,False,14,,True,2025-01-26 14:23:00
20250126 14:09,A,Grand & Kenton ,819,8504,13740,65,65,Westbound,Nordica,2025-01-26 14:23:00,65 -801,1022019,259605230,False,13,,True,2025-01-26 14:23:00
20250126 14:09,A,Grand & Rockwell,794,8547,16158,65,65,Westbound,Nordica,2025-01-26 14:23:00,65 -851,1022028,259605231,False,14,,True,2025-01-26 14:23:00
20250126 14:09,A,Grand & Campbell,15338,8547,15639,65,65,Westbound,Nordica,2025-01-26 14:23:00,65 -851,1022028,259605231,False,14,,True,2025-01-26 14:23:00
20250126 14:09,A,Grand & Western,15340,8547,14817,65,65,Westbound,Nordica,2025-01-26 14:23:00,65 -851,1022028,259605231,False,13,,True,2025-01-26 14:23:00
20250126 14:09,A,Grand & Peshtigo,760,8485,2378,29,29,Southbound,95th Red Line,2025-01-26 14:23:00,29 -112,1021759,259601656,False,14,,True,2025-01-26 14:23:00
20250126 14:09,A,Grand & Fairbanks/Columbus,590,1966,4712,65,65,Westbound,Nordica,2025-01-26 14:23:00,65 -807,1022029,259605232,False,13,,True,2025-01-26 14:23:00
20250126 14:09,A,Grand & McClurg,589,8629,4438,124,124,Westbound,Ogilvie & Union Stations,2025-01-26 14:24:00,124 -252,1032958,259599838,False,15,,True,2025-01-26 14:24:00
20250126 14:09,A,Grand & McClurg,589,8485,3031,29,29,Southbound,95th Red Line,2025-01-26 14:24:00,29 -112,1021759,259601656,False,15,,True,2025-01-26 14:24:00
20250126 14:09,A,Grand & Peshtigo,760,8629,3785,124,124,Westbound,Ogilvie & Union Stations,2025-01-26 14:24:00,124 -252,1032958,259599838,False,14,,True,2025-01-26 14:24:00
20250126 14:09,A,Grand & Peshtigo,760,8135,2943,66,66,Westbound,Austin,2025-01-26 14:24:00,66 -805,1078993,259605431,False,14,,True,2025-01-26 14:24:00
20250126 14:09,A,Fullerton & Grand,15517,8587,14011,74,74,Westbound,Grand/Nordica,2025-01-26 14:24:00,74 -808,162,259606321,False,15,,True,2025-01-26 14:24:00
20250126 14:09,A,Grand & Washtenaw,796,8547,16933,65,65,Westbound,Nordica,2025-01-26 14:24:00,65 -851,1022028,259605231,False,14,,True,2025-01-26 14:24:00
20250126 14:09,A,Grand & St. Clair,761,1966,5376,65,65,Westbound,Nordica,2025-01-26 14:24:00,65 -807,1022029,259605232,False,15,,True,2025-01-26 14:24:00
20250126 14:09,A,Grand & Fairbanks/Columbus,590,8485,3571,29,29,Southbound,95th Red Line,2025-01-26 14:25:00,29 -112,1021759,259601656,False,16,,True,2025-01-26 14:25:00
20250126 14:09,D,Grand & Nordica Terminal,668,8667,4447,74,74,Eastbound,Halsted,2025-01-26 14:25:00,74 -804,171,259606405,False,15,,True,2025-01-26 14:25:00
20250126 14:09,A,Grand & McClurg,589,8135,3596,66,66,Westbound,Austin,2025-01-26 14:25:00,66 -805,1078993,259605431,False,15,,True,2025-01-26 14:25:00
20250126 14:09,A,Grand & Lamon,822,8504,16620,65,65,Westbound,Nordica,2025-01-26 14:25:00,65 -801,1022019,259605230,False,16,,False,2025-01-26 14:27:00
20250126 14:09,A,Grand & Normandy ,840,8587,14806,74,74,Westbound,Grand/Nordica,2025-01-26 14:25:00,74 -808,162,259606321,False,15,,True,2025-01-26 14:25:00
20250126 14:09,A,Grand & Fairbanks/Columbus,590,8135,4136,66,66,Westbound,Austin,2025-01-26 14:25:00,66 -805,1078993,259605431,False,16,,True,2025-01-26 14:25:00
20250126 14:09,A,Grand & Cicero,821,8504,15513,65,65,Westbound,Nordica,2025-01-26 14:25:00,65 -801,1022019,259605230,False,15,,True,2025-01-26 14:25:00
20250126 14:09,A,Grand & California,797,8547,17657,65,65,Westbound,Nordica,2025-01-26 14:25:00,65 -851,1022028,259605231,False,15,,True,2025-01-26 14:25:00
20250126 14:09,A,Grand & Leclaire/Armitage,823,8504,17732,65,65,Westbound,Nordica,2025-01-26 14:26:00,65 -801,1022019,259605230,False,17,,False,2025-01-26 14:28:00
20250126 14:09,A,Grand & Oak Park,14809,8587,15650,74,74,Westbound,Grand/Nordica,2025-01-26 14:26:00,74 -808,162,259606321,False,17,,True,2025-01-26 14:26:00
20250126 14:09,A,Grand & Chicago,798,8547,18466,65,65,Westbound,Nordica,2025-01-26 14:26:00,65 -851,1022028,259605231,False,16,,True,2025-01-26 14:26:00
20250126 14:09,A,Grand & Sacramento,800,8547,19637,65,65,Westbound,Nordica,2025-01-26 14:26:00,65 -851,1022028,259605231,False,17,,True,2025-01-26 14:26:00
20250126 14:09,A,Grand & St. Clair,761,8485,4235,29,29,Southbound,95th Red Line,2025-01-26 14:26:00,29 -112,1021759,259601656,False,16,,True,2025-01-26 14:26:00
20250126 14:09,A,Grand & Rush,16028,1966,6251,65,65,Westbound,Nordica,2025-01-26 14:26:00,65 -807,1022029,259605232,False,16,,True,2025-01-26 14:26:00
20250126 14:09,A,Grand & Laramie,3883,8504,18731,65,65,Westbound,Nordica,2025-01-26 14:27:00,65 -801,1022019,259605230,False,18,,False,2025-01-26 14:29:00
20250126 14:09,A,Grand & Rush,16028,8485,5110,29,29,Southbound,95th Red Line,2025-01-26 14:27:00,29 -112,1021759,259601656,False,17,,True,2025-01-26 14:27:00
20250126 14:09,A,Grand & Augusta,18376,8547,21502,65,65,Westbound,Nordica,2025-01-26 14:27:00,65 -851,1022028,259605231,False,18,,True,2025-01-26 14:27:00
20250126 14:09,A,Grand & New England ,842,8587,16148,74,74,Westbound,Grand/Nordica,2025-01-26 14:27:00,74 -808,162,259606321,False,17,,True,2025-01-26 14:27:00
20250126 14:09,A,Grand & State (Red Line),764,1966,6855,65,65,Westbound,Nordica,2025-01-26 14:27:00,65 -807,1022029,259605232,False,18,,True,2025-01-26 14:27:00
20250126 14:09,A,Grand & Sayre,844,8587,16981,74,74,Westbound,Grand/Nordica,2025-01-26 14:27:00,74 -808,162,259606321,False,17,,True,2025-01-26 14:27:00
20250126 14:09,A,Grand & Kedzie,802,8547,20716,65,65,Westbound,Nordica,2025-01-26 14:27:00,65 -851,1022028,259605231,False,17,,True,2025-01-26 14:27:00
20250126 14:09,A,Grand & Dearborn,765,1966,7281,65,65,Westbound,Nordica,2025-01-26 14:28:00,65 -807,1022029,259605232,False,19,,True,2025-01-26 14:28:00
20250126 14:09,A,Grand & Lockwood ,826,8504,19259,65,65,Westbound,Nordica,2025-01-26 14:28:00,65 -801,1022019,259605230,False,18,,False,2025-01-26 14:30:00
20250126 14:09,A,Grand & Long,15450,8504,20186,65,65,Westbound,Nordica,2025-01-26 14:29:00,65 -801,1022019,259605230,False,19,,False,2025-01-26 14:31:00
20250126 14:09,A,Grand & Thomas,805,8547,22984,65,65,Westbound,Nordica,2025-01-26 14:29:00,65 -851,1022028,259605231,False,19,,False,2025-01-26 14:31:00
20250126 14:09,A,Grand & Clark,766,1966,7685,65,65,Westbound,Nordica,2025-01-26 14:29:00,65 -807,1022029,259605232,False,20,,True,2025-01-26 14:29:00
20250126 14:09,A,Grand & Homan,18377,8547,22367,65,65,Westbound,Nordica,2025-01-26 14:29:00,65 -851,1022028,259605231,False,19,,True,2025-01-26 14:29:00
20250126 14:09,A,5500 W Grand,828,8504,20596,65,65,Westbound,Nordica,2025-01-26 14:29:00,65 -801,1022019,259605230,False,19,,False,2025-01-26 14:31:00
20250126 14:09,A,Grand & Major,830,8504,22011,65,65,Westbound,Nordica,2025-01-26 14:30:00,65 -801,1022019,259605230,False,21,,False,2025-01-26 14:33:00
20250126 14:09,D,Grand & Nordica Terminal,668,8118,13325,65,65,Eastbound,Navy Pier,2025-01-26 14:30:00,65 -808,1022025,259605179,False,20,,False,2025-01-26 14:32:00
20250126 14:09,A,Grand & Central ,829,8504,21498,65,65,Westbound,Nordica,2025-01-26 14:30:00,65 -801,1022019,259605230,False,20,,False,2025-01-26 14:32:00
20250126 14:09,A,Grand & Laramie,3883,8658,17599,73,73,Westbound,Laramie,2025-01-26 14:30:00,73 -801,48,259606276,False,20,,True,2025-01-26 14:30:00
20250126 14:09,A,Grand & Division,808,8547,24169,65,65,Westbound,Nordica,2025-01-26 14:30:00,65 -851,1022028,259605231,False,21,,True,2025-01-26 14:30:00
20250126 14:09,A,Grand & Franklin,769,1966,8898,65,65,Westbound,Nordica,2025-01-26 14:31:00,65 -807,1022029,259605232,False,22,,True,2025-01-26 14:31:00
20250126 14:09,A,Grand & Lawndale,809,8547,24850,65,65,Westbound,Nordica,2025-01-26 14:31:00,65 -851,1022028,259605231,False,21,,True,2025-01-26 14:31:00
20250126 14:09,A,Grand & Marmora,832,8504,23379,65,65,Westbound,Nordica,2025-01-26 14:31:00,65 -801,1022019,259605230,False,22,,False,2025-01-26 14:34:00
20250126 14:09,A,Grand & Menard,15337,8504,22831,65,65,Westbound,Nordica,2025-01-26 14:31:00,65 -801,1022019,259605230,False,21,,False,2025-01-26 14:33:00
20250126 14:09,A,Grand & Sacramento,800,8320,14973,52,52,Southbound,63rd Place,2025-01-26 14:32:00,52 -201,1069,259603470,False,22,,True,2025-01-26 14:32:00
20250126 14:09,A,Grand & Springfield,811,8547,26186,65,65,Westbound,Nordica,2025-01-26 14:32:00,65 -851,1022028,259605231,False,23,,True,2025-01-26 14:32:00
20250126 14:09,D,Navy Pier Terminal,14162,8689,7845,65,65,Westbound,Nordica,2025-01-26 14:32:00,65 -806,1022030,259605233,False,22,,True,2025-01-26 14:32:00
20250126 14:09,A,Grand & Hamlin,15557,8547,25590,65,65,Westbound,Nordica,2025-01-26 14:32:00,65 -851,1022028,259605231,False,22,,True,2025-01-26 14:32:00
20250126 14:09,A,Grand & Kingsbury,771,1966,10146,65,65,Westbound,Nordica,2025-01-26 14:32:00,65 -807,1022029,259605232,False,23,,True,2025-01-26 14:32:00
20250126 14:09,A,Grand & Streeter,759,8152,10738,66,66,Westbound,Austin,2025-01-26 14:32:00,66 -852,1078994,259605432,False,22,,True,2025-01-26 14:32:00
20250126 14:09,A,Grand & Pulaski,812,8547,26956,65,65,Westbound,Nordica,2025-01-26 14:33:00,65 -851,1022028,259605231,False,24,,True,2025-01-26 14:33:00
20250126 14:09,A,530 W Grand,772,1966,10904,65,65,Westbound,Nordica,2025-01-26 14:33:00,65 -807,1022029,259605232,False,23,,True,2025-01-26 14:33:00
20250126 14:09,A,Grand & Austin,833,8504,24061,65,65,Westbound,Nordica,2025-01-26 14:33:00,65 -801,1022019,259605230,False,23,,False,2025-01-26 14:35:00
20250126 14:09,A,Grand & Meade,834,8504,24751,65,65,Westbound,Nordica,2025-01-26 14:33:00,65 -801,1022019,259605230,False,24,,False,2025-01-26 14:36:00
20250126 14:09,A,Grand & Desplaines,15672,1966,11454,65,65,Westbound,Nordica,2025-01-26 14:33:00,65 -807,1022029,259605232,False,24,,True,2025-01-26 14:33:00
20250126 14:09,A,Grand & Peshtigo,760,8152,11673,66,66,Westbound,Austin,2025-01-26 14:33:00,66 -852,1078994,259605432,False,24,,False,2025-01-26 14:35:00
20250126 14:09,A,Grand & Streeter,759,8689,8608,65,65,Westbound,Nordica,2025-01-26 14:34:00,65 -806,1022030,259605233,False,24,,True,2025-01-26 14:34:00
20250126 14:09,A,Grand & Melvina,15335,8504,25627,65,65,Westbound,Nordica,2025-01-26 14:34:00,65 -801,1022019,259605230,False,24,,False,2025-01-26 14:37:00
20250126 14:09,A,Grand & McClurg,589,8152,12326,66,66,Westbound,Austin,2025-01-26 14:34:00,66 -852,1078994,259605432,False,25,,False,2025-01-26 14:37:00
20250126 14:09,A,Grand & Mobile,836,8504,26125,65,65,Westbound,Nordica,2025-01-26 14:35:00,65 -801,1022019,259605230,False,25,,True,2025-01-26 14:35:00
20250126 14:09,A,Grand & Peshtigo,760,8689,9543,65,65,Westbound,Nordica,2025-01-26 14:35:00,65 -806,1022030,259605233,False,26,,False,2025-01-26 14:38:00
20250126 14:09,A,Grand & Narragansett,837,8504,26848,65,65,Westbound,Nordica,2025-01-26 14:35:00,65 -801,1022019,259605230,False,26,,False,2025-01-26 14:37:00
20250126 14:09,A,Grand & Karlov,813,8547,27735,65,65,Westbound,Nordica,2025-01-26 14:35:00,65 -851,1022028,259605231,False,25,,True,2025-01-26 14:35:00
20250126 14:09,A,Grand & Keeler,814,8547,28490,65,65,Westbound,Nordica,2025-01-26 14:35:00,65 -851,1022028,259605231,False,26,,True,2025-01-26 14:35:00
20250126 14:09,A,Grand & Laramie,3883,8584,25778,57,57,Northbound,Grand/Latrobe,2025-01-26 14:35:00,57 -801,31,259604422,False,25,,True,2025-01-26 14:35:00
20250126 14:09,A,Grand & Fairbanks/Columbus,590,8152,12866,66,66,Westbound,Austin,2025-01-26 14:35:00,66 -852,1078994,259605432,False,25,,False,2025-01-26 14:39:00
20250126 14:09,A,Grand & Normandy ,840,8504,28928,65,65,Westbound,Nordica,2025-01-26 14:36:00,65 -801,1022019,259605230,False,27,,False,2025-01-26 14:39:00
20250126 14:09,A,Grand & Peoria,776,1966,12837,65,65,Westbound,Nordica,2025-01-26 14:36:00,65 -807,1022029,259605232,False,26,,True,2025-01-26 14:36:00
20250126 14:09,A,Fullerton & Grand,15517,8504,28133,65,65,Westbound,Nordica,2025-01-26 14:36:00,65 -801,1022019,259605230,False,26,,False,2025-01-26 14:38:00
20250126 14:09,A,Grand & McClurg,589,8689,10196,65,65,Westbound,Nordica,2025-01-26 14:36:00,65 -806,1022030,259605233,False,27,,False,2025-01-26 14:38:00
20250126 14:09,A,Grand & Natchez,838,8504,27434,65,65,Westbound,Nordica,2025-01-26 14:36:00,65 -801,1022019,259605230,False,26,,False,2025-01-26 14:38:00
20250126 14:09,A,Grand & Kildare,815,8547,29235,65,65,Westbound,Nordica,2025-01-26 14:36:00,65 -851,1022028,259605231,False,26,,True,2025-01-26 14:36:00
20250126 14:09,A,Grand & Morgan,15174,1966,13595,65,65,Westbound,Nordica,2025-01-26 14:36:00,65 -807,1022029,259605232,False,27,,True,2025-01-26 14:36:00
20250126 14:09,A,Grand & Milwaukee (Blue Line),14774,1966,12403,65,65,Westbound,Nordica,2025-01-26 14:36:00,65 -807,1022029,259605232,False,26,,True,2025-01-26 14:36:00
20250126 14:09,A,Grand & Oak Park,14809,8504,29772,65,65,Westbound,Nordica,2025-01-26 14:37:00,65 -801,1022019,259605230,False,28,,False,2025-01-26 14:39:00
20250126 14:09,A,Grand & Aberdeen,778,1966,14091,65,65,Westbound,Nordica,2025-01-26 14:37:00,65 -807,1022029,259605232,False,27,,True,2025-01-26 14:37:00
20250126 14:09,A,Fullerton & Grand,15517,8726,24513,74,74,Westbound,Grand/Nordica,2025-01-26 14:37:00,74 -851,163,259606322,False,27,,False,2025-01-26 14:41:00
20250126 14:09,A,Grand & Fairbanks/Columbus,590,8689,10736,65,65,Westbound,Nordica,2025-01-26 14:37:00,65 -806,1022030,259605233,False,27,,False,2025-01-26 14:39:00
20250126 14:09,A,Grand & Kostner,817,8547,30133,65,65,Westbound,Nordica,2025-01-26 14:37:00,65 -851,1022028,259605231,False,28,,True,2025-01-26 14:37:00
20250126 14:09,A,Grand & Racine,780,1966,14836,65,65,Westbound,Nordica,2025-01-26 14:38:00,65 -807,1022029,259605232,False,28,,True,2025-01-26 14:38:00
20250126 14:09,A,Grand & New England ,842,8504,30270,65,65,Westbound,Nordica,2025-01-26 14:38:00,65 -801,1022019,259605230,False,28,,False,2025-01-26 14:40:00
20250126 14:09,A,Grand & Kenton ,819,8547,31236,65,65,Westbound,Nordica,2025-01-26 14:38:00,65 -851,1022028,259605231,False,29,,True,2025-01-26 14:38:00
20250126 14:09,A,Grand & Kilbourn,818,8547,30703,65,65,Westbound,Nordica,2025-01-26 14:38:00,65 -851,1022028,259605231,False,28,,True,2025-01-26 14:38:00
20250126 14:09,A,Grand & St. Clair,761,8689,11400,65,65,Westbound,Nordica,2025-01-26 14:38:00,65 -806,1022030,259605233,False,29,,False,2025-01-26 14:41:00
20250126 14:09,A,Grand & Ogden,781,1966,15261,65,65,Westbound,Nordica,2025-01-26 14:38:00,65 -807,1022029,259605232,False,29,,True,2025-01-26 14:38:00
20250126 14:09,A,Grand & Normandy ,840,8726,25308,74,74,Westbound,Grand/Nordica,2025-01-26 14:38:00,74 -851,163,259606322,False,28,,False,2025-01-26 14:42:00
20250126 14:09,D,Grand & Nordica Terminal,668,8587,17749,74,74,Eastbound,Halsted,2025-01-26 14:38:00,74 -808,182,259606406,False,29,,True,2025-01-26 14:38:00
20250126 14:09,A,4700 W Grand,820,8547,32120,65,65,Westbound,Nordica,2025-01-26 14:39:00,65 -851,1022028,259605231,False,29,,True,2025-01-26 14:39:00
20250126 14:09,A,Grand & Sayre,844,8504,31103,65,65,Westbound,Nordica,2025-01-26 14:39:00,65 -801,1022019,259605230,False,29,,False,2025-01-26 14:41:00
20250126 14:09,A,Grand & Noble,782,1966,16169,65,65,Westbound,Nordica,2025-01-26 14:39:00,65 -807,1022029,259605232,False,29,,True,2025-01-26 14:39:00
20250126 14:39,A,Grand & McClurg,589,8152,611,66,66,Westbound,Austin,2025-01-26 14:40:00,66 -852,1078994,259605432,False,DUE,,True,2025-01-26 14:40:00
20250126 14:39,A,Grand & Normandy ,840,8504,947,65,65,Westbound,Nordica,2025-01-26 14:40:00,65 -801,1022019,259605230,False,DUE,,True,2025-01-26 14:40:00
20250126 14:39,A,Grand & McClurg,589,8689,192,65,65,Westbound,Nordica,2025-01-26 14:40:00,65 -806,1022030,259605233,False,DUE,,True,2025-01-26 14:40:00
20250126 14:39,A,Grand & Wood,786,1966,1502,65,65,Westbound,Nordica,2025-01-26 14:40:00,65 -807,1022029,259605232,False,DUE,,True,2025-01-26 14:40:00
20250126 14:39,A,Grand & Wolcott,787,1966,2170,65,65,Westbound,Nordica,2025-01-26 14:40:00,65 -807,1022029,259605232,False,DUE,,True,2025-01-26 14:40:00
20250126 14:39,A,Grand & Oak Park,14809,8504,1791,65,65,Westbound,Nordica,2025-01-26 14:41:00,65 -801,1022019,259605230,False,DUE,,True,2025-01-26 14:41:00
20250126 14:39,A,Grand & Streeter,759,8006,640,29,29,Southbound,95th Red Line,2025-01-26 14:41:00,29 -153,1021760,259601665,False,DUE,,True,2025-01-26 14:41:00
20250126 14:39,A,Grand & Streeter,759,8625,762,66,66,Westbound,Austin,2025-01-26 14:41:00,66 -807,1078995,259605433,True,DLY,,True,2025-01-26 14:41:00
20250126 14:39,A,Fullerton & Grand,15517,8726,1184,74,74,Westbound,Grand/Nordica,2025-01-26 14:41:00,74 -851,163,259606322,False,DUE,,True,2025-01-26 14:41:00
20250126 14:39,A,Grand & Cicero,821,8547,1072,65,65,Westbound,Nordica,2025-01-26 14:41:00,65 -851,1022028,259605231,False,DUE,,True,2025-01-26 14:41:00
20250126 14:39,A,Grand & Fairbanks/Columbus,590,8689,732,65,65,Westbound,Nordica,2025-01-26 14:41:00,65 -806,1022030,259605233,False,DUE,,True,2025-01-26 14:41:00
20250126 14:39,A,Grand & Fairbanks/Columbus,590,8152,1151,66,66,Westbound,Austin,2025-01-26 14:41:00,66 -852,1078994,259605432,False,DUE,,True,2025-01-26 14:41:00
20250126 14:39,A,Grand & Damen,18669,1966,2963,65,65,Westbound,Nordica,2025-01-26 14:42:00,65 -807,1022029,259605232,False,2,,True,2025-01-26 14:42:00
20250126 14:39,A,Grand & Hoyne,789,1966,3481,65,65,Westbound,Nordica,2025-01-26 14:42:00,65 -807,1022029,259605232,False,2,,True,2025-01-26 14:42:00
20250126 14:39,A,Grand & Normandy ,840,8726,1979,74,74,Westbound,Grand/Nordica,2025-01-26 14:42:00,74 -851,163,259606322,False,2,,True,2025-01-26 14:42:00
20250126 14:39,A,Grand & Lamon,822,8547,2179,65,65,Westbound,Nordica,2025-01-26 14:42:00,65 -851,1022028,259605231,False,DUE,,True,2025-01-26 14:42:00
20250126 14:39,A,Grand & St. Clair,761,8689,1396,65,65,Westbound,Nordica,2025-01-26 14:42:00,65 -806,1022030,259605233,False,2,,True,2025-01-26 14:42:00
20250126 14:39,A,Grand & New England ,842,8504,2289,65,65,Westbound,Nordica,2025-01-26 14:42:00,65 -801,1022019,259605230,False,DUE,,True,2025-01-26 14:42:00
20250126 14:39,A,Grand & Leavitt,790,1966,4138,65,65,Westbound,Nordica,2025-01-26 14:42:00,65 -807,1022029,259605232,False,2,,False,2025-01-26 14:44:00
20250126 14:39,A,Grand & Peshtigo,760,8006,1575,29,29,Southbound,95th Red Line,2025-01-26 14:42:00,29 -153,1021760,259601665,False,2,,True,2025-01-26 14:42:00
20250126 14:39,A,Grand & Sayre,844,8504,3122,65,65,Westbound,Nordica,2025-01-26 14:42:00,65 -801,1022019,259605230,False,2,,True,2025-01-26 14:42:00
20250126 14:39,A,Grand & McClurg,589,8006,2228,29,29,Southbound,95th Red Line,2025-01-26 14:43:00,29 -153,1021760,259601665,False,3,,True,2025-01-26 14:43:00
20250126 14:39,A,Grand & Rush,16028,8689,2271,65,65,Westbound,Nordica,2025-01-26 14:43:00,65 -806,1022030,259605233,False,3,,True,2025-01-26 14:43:00
20250126 14:39,A,Grand & Oak Park,14809,8726,2823,74,74,Westbound,Grand/Nordica,2025-01-26 14:43:00,74 -851,163,259606322,False,3,,True,2025-01-26 14:43:00
20250126 14:39,A,Grand & Oakley,791,1966,4808,65,65,Westbound,Nordica,2025-01-26 14:43:00,65 -807,1022029,259605232,False,3,,False,2025-01-26 14:45:00
20250126 14:39,A,Grand & Peshtigo,760,8625,1697,66,66,Westbound,Austin,2025-01-26 14:43:00,66 -807,1078995,259605433,True,DLY,,True,2025-01-26 14:43:00
20250126 14:39,A,Grand & Leclaire/Armitage,823,8547,3291,65,65,Westbound,Nordica,2025-01-26 14:43:00,65 -851,1022028,259605231,False,3,,True,2025-01-26 14:43:00
20250126 14:39,A,Grand & Sayre,844,8726,4154,74,74,Westbound,Grand/Nordica,2025-01-26 14:44:00,74 -851,163,259606322,False,4,,True,2025-01-26 14:44:00
20250126 14:39,D,Grand & Latrobe Terminal,3824,8584,85,57,57,Southbound,Cicero Blue Line,2025-01-26 14:44:00,57 -801,33,259604397,False,3,,True,2025-01-26 14:44:00
20250126 14:39,A,Grand & Laramie,3883,8547,4290,65,65,Westbound,Nordica,2025-01-26 14:44:00,65 -851,1022028,259605231,False,4,,True,2025-01-26 14:44:00
20250126 14:39,A,Grand & Western,15340,1966,5695,65,65,Westbound,Nordica,2025-01-26 14:44:00,65 -807,1022029,259605232,False,4,,False,2025-01-26 14:46:00
20250126 14:39,A,Grand & Fairbanks/Columbus,590,8625,2890,66,66,Westbound,Austin,2025-01-26 14:44:00,66 -807,1078995,259605433,True,DLY,,True,2025-01-26 14:44:00
20250126 14:39,A,Grand & Campbell,15338,1966,6517,65,65,Westbound,Nordica,2025-01-26 14:44:00,65 -807,1022029,259605232,False,4,,False,2025-01-26 14:47:00
20250126 14:39,A,Grand & Fairbanks/Columbus,590,8006,2768,29,29,Southbound,95th Red Line,2025-01-26 14:44:00,29 -153,1021760,259601665,False,4,,True,2025-01-26 14:44:00
20250126 14:39,A,Grand & Lockwood ,826,8547,4818,65,65,Westbound,Nordica,2025-01-26 14:44:00,65 -851,1022028,259605231,False,4,,True,2025-01-26 14:44:00
20250126 14:39,A,Grand & McClurg,589,8625,2350,66,66,Westbound,Austin,2025-01-26 14:44:00,66 -807,1078995,259605433,True,DLY,,True,2025-01-26 14:44:00
20250126 14:39,A,Grand & New England ,842,8726,3321,74,74,Westbound,Grand/Nordica,2025-01-26 14:44:00,74 -851,163,259606322,False,4,,True,2025-01-26 14:44:00
20250126 14:39,A,Grand & State (Red Line),764,8689,2875,65,65,Westbound,Nordica,2025-01-26 14:45:00,65 -806,1022030,259605233,False,5,,True,2025-01-26 14:45:00
20250126 14:39,A,Grand & Washtenaw,796,1966,7811,65,65,Westbound,Nordica,2025-01-26 14:45:00,65 -807,1022029,259605232,False,5,,False,2025-01-26 14:48:00
20250126 14:39,A,Grand & Long,15450,8547,5745,65,65,Westbound,Nordica,2025-01-26 14:45:00,65 -851,1022028,259605231,False,5,,True,2025-01-26 14:45:00
20250126 14:39,A,Grand & St. Clair,761,8006,3432,29,29,Southbound,95th Red Line,2025-01-26 14:45:00,29 -153,1021760,259601665,False,5,,True,2025-01-26 14:45:00
20250126 14:39,A,Grand & Rockwell,794,1966,7036,65,65,Westbound,Nordica,2025-01-26 14:45:00,65 -807,1022029,259605232,False,5,,False,2025-01-26 14:47:00
20250126 14:39,A,5500 W Grand,828,8547,6155,65,65,Westbound,Nordica,2025-01-26 14:45:00,65 -851,1022028,259605231,False,5,,True,2025-01-26 14:45:00
20250126 14:39,A,Grand & Central ,829,8547,7057,65,65,Westbound,Nordica,2025-01-26 14:46:00,65 -851,1022028,259605231,False,6,,False,2025-01-26 14:48:00
20250126 14:39,A,Grand & California,797,1966,8535,65,65,Westbound,Nordica,2025-01-26 14:46:00,65 -807,1022029,259605232,False,6,,False,2025-01-26 14:49:00
20250126 14:39,A,Grand & Streeter,759,8641,872,124,124,Westbound,Ogilvie & Union Stations,2025-01-26 14:46:00,124 -251,1032956,259599839,False,6,,True,2025-01-26 14:46:00
20250126 14:39,A,Grand & Dearborn,765,8689,3301,65,65,Westbound,Nordica,2025-01-26 14:46:00,65 -806,1022030,259605233,False,6,,True,2025-01-26 14:46:00
20250126 14:39,A,Grand & Rush,16028,8006,4307,29,29,Southbound,95th Red Line,2025-01-26 14:46:00,29 -153,1021760,259601665,False,6,,True,2025-01-26 14:46:00
20250126 14:39,A,Grand & Major,830,8547,7570,65,65,Westbound,Nordica,2025-01-26 14:47:00,65 -851,1022028,259605231,False,7,,True,2025-01-26 14:47:00
20250126 14:39,A,Grand & Chicago,798,1966,9344,65,65,Westbound,Nordica,2025-01-26 14:47:00,65 -807,1022029,259605232,False,7,,False,2025-01-26 14:50:00
20250126 14:39,A,Grand & Sacramento,800,1966,10515,65,65,Westbound,Nordica,2025-01-26 14:47:00,65 -807,1022029,259605232,False,7,,False,2025-01-26 14:50:00
20250126 14:39,A,Grand & Menard,15337,8547,8390,65,65,Westbound,Nordica,2025-01-26 14:47:00,65 -851,1022028,259605231,False,7,,True,2025-01-26 14:47:00
20250126 14:39,A,Grand & Clark,766,8689,3705,65,65,Westbound,Nordica,2025-01-26 14:47:00,65 -806,1022030,259605233,False,7,,True,2025-01-26 14:47:00
20250126 14:39,A,Grand & Peshtigo,760,8641,1807,124,124,Westbound,Ogilvie & Union Stations,2025-01-26 14:48:00,124 -251,1032956,259599839,False,8,,True,2025-01-26 14:48:00
20250126 14:39,A,Grand & Marmora,832,8547,8938,65,65,Westbound,Nordica,2025-01-26 14:48:00,65 -851,1022028,259605231,False,8,,True,2025-01-26 14:48:00
20250126 14:39,A,Grand & Kedzie,802,1966,11594,65,65,Westbound,Nordica,2025-01-26 14:48:00,65 -807,1022029,259605232,False,8,,False,2025-01-26 14:51:00
20250126 14:39,A,Grand & Augusta,18376,1966,12380,65,65,Westbound,Nordica,2025-01-26 14:48:00,65 -807,1022029,259605232,False,8,,False,2025-01-26 14:52:00
20250126 14:39,D,Grand & Nordica Terminal,668,8504,3890,65,65,Eastbound,Navy Pier,2025-01-26 14:49:00,65 -801,1022026,259605180,False,9,,True,2025-01-26 14:49:00
20250126 14:39,A,Grand & Austin,833,8547,9620,65,65,Westbound,Nordica,2025-01-26 14:49:00,65 -851,1022028,259605231,False,9,,True,2025-01-26 14:49:00
20250126 14:39,A,Grand & McClurg,589,8641,2460,124,124,Westbound,Ogilvie & Union Stations,2025-01-26 14:49:00,124 -251,1032956,259599839,False,9,,True,2025-01-26 14:49:00
20250126 14:39,D,Navy Pier Terminal,14162,8129,61,65,65,Westbound,Nordica,2025-01-26 14:49:00,65 -802,1022031,259605234,False,9,,True,2025-01-26 14:49:00
20250126 14:39,A,Grand & Franklin,769,8689,4918,65,65,Westbound,Nordica,2025-01-26 14:49:00,65 -806,1022030,259605233,False,9,,True,2025-01-26 14:49:00
20250126 14:39,A,Grand & Sacramento,800,8451,1541,52,52,Southbound,63rd Place,2025-01-26 14:50:00,52 -206,1070,259603471,False,10,,True,2025-01-26 14:50:00
20250126 14:39,A,Grand & Meade,834,8547,10310,65,65,Westbound,Nordica,2025-01-26 14:50:00,65 -851,1022028,259605231,False,9,,True,2025-01-26 14:50:00
20250126 14:39,A,Grand & Kingsbury,771,8689,6166,65,65,Westbound,Nordica,2025-01-26 14:50:00,65 -806,1022030,259605233,False,10,,True,2025-01-26 14:50:00
20250126 14:39,A,530 W Grand,772,8689,6924,65,65,Westbound,Nordica,2025-01-26 14:50:00,65 -806,1022030,259605233,False,10,,True,2025-01-26 14:50:00
20250126 14:39,A,Grand & Thomas,805,1966,13862,65,65,Westbound,Nordica,2025-01-26 14:50:00,65 -807,1022029,259605232,False,10,,False,2025-01-26 14:53:00
20250126 14:39,A,Grand & Melvina,15335,8547,11186,65,65,Westbound,Nordica,2025-01-26 14:50:00,65 -851,1022028,259605231,False,10,,True,2025-01-26 14:50:00
20250126 14:39,A,Grand & Homan,18377,1966,13245,65,65,Westbound,Nordica,2025-01-26 14:50:00,65 -807,1022029,259605232,False,10,,False,2025-01-26 14:52:00
20250126 14:39,A,Grand & Mobile,836,8547,11684,65,65,Westbound,Nordica,2025-01-26 14:51:00,65 -851,1022028,259605231,False,11,,True,2025-01-26 14:51:00
20250126 14:39,A,Grand & Streeter,759,8129,824,65,65,Westbound,Nordica,2025-01-26 14:51:00,65 -802,1022031,259605234,False,11,,True,2025-01-26 14:51:00
20250126 14:39,A,Grand & Division,808,1966,15047,65,65,Westbound,Nordica,2025-01-26 14:51:00,65 -807,1022029,259605232,False,11,,False,2025-01-26 14:54:00
20250126 14:39,A,Grand & Desplaines,15672,8689,7474,65,65,Westbound,Nordica,2025-01-26 14:51:00,65 -806,1022030,259605233,False,11,,True,2025-01-26 14:51:00
20250126 14:39,A,Grand & Natchez,838,8547,12993,65,65,Westbound,Nordica,2025-01-26 14:52:00,65 -851,1022028,259605231,False,12,,False,2025-01-26 14:54:00
20250126 14:39,A,Grand & Laramie,3883,8609,10747,73,73,Westbound,Laramie,2025-01-26 14:52:00,73 -802,49,259606277,False,12,,True,2025-01-26 14:52:00
20250126 14:39,A,Grand & Narragansett,837,8547,12407,65,65,Westbound,Nordica,2025-01-26 14:52:00,65 -851,1022028,259605231,False,12,,False,2025-01-26 14:54:00
20250126 14:39,A,Grand & Peshtigo,760,8129,1759,65,65,Westbound,Nordica,2025-01-26 14:52:00,65 -802,1022031,259605234,False,12,,True,2025-01-26 14:52:00
20250126 14:39,A,Fullerton & Grand,15517,8547,13692,65,65,Westbound,Nordica,2025-01-26 14:52:00,65 -851,1022028,259605231,False,12,,False,2025-01-26 14:54:00
20250126 14:39,A,Grand & Lawndale,809,1966,15728,65,65,Westbound,Nordica,2025-01-26 14:52:00,65 -807,1022029,259605232,False,12,,False,2025-01-26 14:56:00
20250126 14:39,A,Grand & McClurg,589,8129,2412,65,65,Westbound,Nordica,2025-01-26 14:53:00,65 -802,1022031,259605234,False,13,,True,2025-01-26 14:53:00
20250126 14:39,A,Grand & Milwaukee (Blue Line),14774,8689,8423,65,65,Westbound,Nordica,2025-01-26 14:53:00,65 -806,1022030,259605233,False,13,,False,2025-01-26 14:56:00
20250126 14:39,A,Grand & Normandy ,840,8547,14487,65,65,Westbound,Nordica,2025-01-26 14:53:00,65 -851,1022028,259605231,False,13,,False,2025-01-26 14:55:00
20250126 14:39,A,Grand & Hamlin,15557,1966,16468,65,65,Westbound,Nordica,2025-01-26 14:53:00,65 -807,1022029,259605232,False,13,,False,2025-01-26 14:58:00
20250126 14:39,A,Grand & Morgan,15174,8689,9615,65,65,Westbound,Nordica,2025-01-26 14:54:00,65 -806,1022030,259605233,False,14,,False,2025-01-26 14:57:00
20250126 14:39,A,Grand & Oak Park,14809,8547,15331,65,65,Westbound,Nordica,2025-01-26 14:54:00,65 -851,1022028,259605231,False,14,,True,2025-01-26 14:54:00
20250126 14:39,A,Grand & Springfield,811,1966,17064,65,65,Westbound,Nordica,2025-01-26 14:54:00,65 -807,1022029,259605232,False,14,,False,2025-01-26 14:58:00
20250126 14:39,A,Grand & Streeter,759,8472,1717,29,29,Southbound,95th Red Line,2025-01-26 14:54:00,29 -154,1021761,259601583,False,14,,True,2025-01-26 14:54:00
20250126 14:39,A,Grand & New England ,842,8547,15829,65,65,Westbound,Nordica,2025-01-26 14:54:00,65 -851,1022028,259605231,False,14,,False,2025-01-26 14:56:00
20250126 14:39,A,Grand & Fairbanks/Columbus,590,8129,2952,65,65,Westbound,Nordica,2025-01-26 14:54:00,65 -802,1022031,259605234,False,14,,True,2025-01-26 14:54:00
20250126 14:39,A,Grand & Peoria,776,8689,8857,65,65,Westbound,Nordica,2025-01-26 14:54:00,65 -806,1022030,259605233,False,14,,False,2025-01-26 14:56:00
20250126 14:39,A,Grand & Pulaski,812,1966,17834,65,65,Westbound,Nordica,2025-01-26 14:55:00,65 -807,1022029,259605232,False,15,,False,2025-01-26 14:58:00
20250126 14:39,A,Grand & Racine,780,8689,10856,65,65,Westbound,Nordica,2025-01-26 14:55:00,65 -806,1022030,259605233,False,15,,False,2025-01-26 14:57:00
20250126 14:39,A,Grand & Aberdeen,778,8689,10111,65,65,Westbound,Nordica,2025-01-26 14:55:00,65 -806,1022030,259605233,False,15,,True,2025-01-26 14:55:00
20250126 14:39,A,Grand & Sayre,844,8547,16662,65,65,Westbound,Nordica,2025-01-26 14:55:00,65 -851,1022028,259605231,False,15,,False,2025-01-26 14:57:00
20250126 14:39,A,Grand & St. Clair,761,8129,3616,65,65,Westbound,Nordica,2025-01-26 14:55:00,65 -802,1022031,259605234,False,15,,True,2025-01-26 14:55:00
20250126 14:39,D,Grand & Nordica Terminal,668,8726,4922,74,74,Eastbound,Halsted,2025-01-26 14:55:00,74 -851,183,259606407,False,15,,True,2025-01-26 14:55:00
20250126 14:39,A,Grand & Peshtigo,760,8472,2652,29,29,Southbound,95th Red Line,2025-01-26 14:56:00,29 -154,1021761,259601583,False,16,,True,2025-01-26 14:56:00
20250126 14:39,A,Grand & McClurg,589,8472,3305,29,29,Southbound,95th Red Line,2025-01-26 14:56:00,29 -154,1021761,259601583,False,17,,True,2025-01-26 14:56:00
20250126 14:39,A,Grand & Noble,782,8689,12189,65,65,Westbound,Nordica,2025-01-26 14:56:00,65 -806,1022030,259605233,False,16,,False,2025-01-26 14:58:00
20250126 14:39,A,Grand & Ogden,781,8689,11281,65,65,Westbound,Nordica,2025-01-26 14:56:00,65 -806,1022030,259605233,False,16,,False,2025-01-26 14:58:00
20250126 14:39,A,Grand & Keeler,814,1966,19368,65,65,Westbound,Nordica,2025-01-26 14:57:00,65 -807,1022029,259605232,False,17,,False,2025-01-26 15:02:00
20250126 14:39,A,Grand & Karlov,813,1966,18613,65,65,Westbound,Nordica,2025-01-26 14:57:00,65 -807,1022029,259605232,False,16,,False,2025-01-26 15:01:00
20250126 14:39,A,Grand & Fairbanks/Columbus,590,8472,3845,29,29,Southbound,95th Red Line,2025-01-26 14:57:00,29 -154,1021761,259601583,False,18,,True,2025-01-26 14:57:00
20250126 14:39,A,Grand & Rush,16028,8129,4491,65,65,Westbound,Nordica,2025-01-26 14:57:00,65 -802,1022031,259605234,False,17,,True,2025-01-26 14:57:00
20250126 14:39,A,Grand & Ashland,784,8689,13520,65,65,Westbound,Nordica,2025-01-26 14:57:00,65 -806,1022030,259605233,False,17,,True,2025-01-26 14:57:00
20250126 14:39,A,Grand & Paulina,785,8689,14207,65,65,Westbound,Nordica,2025-01-26 14:57:00,65 -806,1022030,259605233,False,17,,False,2025-01-26 14:59:00
20250126 14:39,A,Grand & Armour,783,8689,13095,65,65,Westbound,Nordica,2025-01-26 14:57:00,65 -806,1022030,259605233,False,17,,True,2025-01-26 14:57:00
20250126 14:39,A,Grand & St. Clair,761,8472,4509,29,29,Southbound,95th Red Line,2025-01-26 14:58:00,29 -154,1021761,259601583,False,18,,True,2025-01-26 14:58:00
20250126 14:39,A,Grand & Wood,786,8689,14860,65,65,Westbound,Nordica,2025-01-26 14:58:00,65 -806,1022030,259605233,False,18,,True,2025-01-26 14:58:00
20250126 14:39,A,Grand & Wolcott,787,8689,15528,65,65,Westbound,Nordica,2025-01-26 14:58:00,65 -806,1022030,259605233,False,18,,False,2025-01-26 15:00:00
20250126 14:39,A,Grand & Kildare,815,1966,20113,65,65,Westbound,Nordica,2025-01-26 14:58:00,65 -807,1022029,259605232,False,18,,False,2025-01-26 15:02:00
20250126 14:39,A,Grand & State (Red Line),764,8129,5095,65,65,Westbound,Nordica,2025-01-26 14:59:00,65 -802,1022031,259605234,False,19,,True,2025-01-26 14:59:00
20250126 14:39,A,Grand & Rush,16028,8472,5384,29,29,Southbound,95th Red Line,2025-01-26 14:59:00,29 -154,1021761,259601583,False,19,,True,2025-01-26 14:59:00
20250126 14:39,A,Grand & Kostner,817,1966,21011,65,65,Westbound,Nordica,2025-01-26 14:59:00,65 -807,1022029,259605232,False,19,,False,2025-01-26 15:03:00
20250126 14:39,A,Grand & Damen,18669,8689,16321,65,65,Westbound,Nordica,2025-01-26 14:59:00,65 -806,1022030,259605233,False,19,,False,2025-01-26 15:01:00
20250126 14:39,A,Grand & Streeter,759,8666,8483,66,66,Westbound,Austin,2025-01-26 15:00:00,66 -804,1078997,259605435,False,20,,True,2025-01-26 15:00:00
20250126 14:39,A,Grand & Laramie,3883,8722,20705,57,57,Northbound,Grand/Latrobe,2025-01-26 15:00:00,57 -802,32,259604423,False,20,,True,2025-01-26 15:00:00
20250126 14:39,A,Grand & Kenton ,819,1966,22114,65,65,Westbound,Nordica,2025-01-26 15:00:00,65 -807,1022029,259605232,False,20,,False,2025-01-26 15:04:00
20250126 14:39,A,Grand & Kilbourn,818,1966,21581,65,65,Westbound,Nordica,2025-01-26 15:00:00,65 -807,1022029,259605232,False,20,,False,2025-01-26 15:04:00
20250126 14:39,A,Grand & Dearborn,765,8129,5521,65,65,Westbound,Nordica,2025-01-26 15:00:00,65 -802,1022031,259605234,False,20,,True,2025-01-26 15:00:00
20250126 14:39,A,Grand & Clark,766,8129,5925,65,65,Westbound,Nordica,2025-01-26 15:00:00,65 -802,1022031,259605234,False,21,,True,2025-01-26 15:00:00
20250126 14:39,A,Grand & Hoyne,789,8689,16839,65,65,Westbound,Nordica,2025-01-26 15:00:00,65 -806,1022030,259605233,False,20,,False,2025-01-26 15:03:00
20250126 14:39,A,Grand & Leavitt,790,8689,17496,65,65,Westbound,Nordica,2025-01-26 15:00:00,65 -806,1022030,259605233,False,20,,False,2025-01-26 15:03:00
20250126 14:39,A,Grand & Western,15340,8689,19053,65,65,Westbound,Nordica,2025-01-26 15:01:00,65 -806,1022030,259605233,False,21,,False,2025-01-26 15:05:00
20250126 14:39,A,4700 W Grand,820,1966,22998,65,65,Westbound,Nordica,2025-01-26 15:01:00,65 -807,1022029,259605232,False,20,,False,2025-01-26 15:05:00
20250126 14:39,A,Grand & Oakley,791,8689,18166,65,65,Westbound,Nordica,2025-01-26 15:01:00,65 -806,1022030,259605233,False,21,,False,2025-01-26 15:04:00
20250126 14:39,A,Grand & Rockwell,794,8689,20394,65,65,Westbound,Nordica,2025-01-26 15:02:00,65 -806,1022030,259605233,False,22,,False,2025-01-26 15:07:00
20250126 14:39,A,Grand & Campbell,15338,8689,19875,65,65,Westbound,Nordica,2025-01-26 15:02:00,65 -806,1022030,259605233,False,22,,False,2025-01-26 15:06:00
20250126 14:39,A,Grand & Peshtigo,760,8666,9418,66,66,Westbound,Austin,2025-01-26 15:02:00,66 -804,1078997,259605435,False,22,,True,2025-01-26 15:02:00
20250126 14:39,A,Grand & Cicero,821,1966,23887,65,65,Westbound,Nordica,2025-01-26 15:02:00,65 -807,1022029,259605232,False,22,,False,2025-01-26 15:08:00
20250126 14:39,A,Grand & Kingsbury,771,8129,8386,65,65,Westbound,Nordica,2025-01-26 15:03:00,65 -802,1022031,259605234,False,23,,True,2025-01-26 15:03:00
20250126 14:39,A,530 W Grand,772,8129,9144,65,65,Westbound,Nordica,2025-01-26 15:03:00,65 -802,1022031,259605234,False,23,,True,2025-01-26 15:03:00
20250126 14:39,A,Grand & California,797,8689,21893,65,65,Westbound,Nordica,2025-01-26 15:03:00,65 -806,1022030,259605233,False,23,,False,2025-01-26 15:07:00
20250126 14:39,A,Grand & Franklin,769,8129,7138,65,65,Westbound,Nordica,2025-01-26 15:03:00,65 -802,1022031,259605234,False,23,,True,2025-01-26 15:03:00
20250126 14:39,A,Grand & Washtenaw,796,8689,21169,65,65,Westbound,Nordica,2025-01-26 15:03:00,65 -806,1022030,259605233,False,23,,False,2025-01-26 15:06:00
20250126 14:39,A,Grand & McClurg,589,8666,10071,66,66,Westbound,Austin,2025-01-26 15:03:00,66 -804,1078997,259605435,False,23,,True,2025-01-26 15:03:00
20250126 14:39,A,Grand & Lamon,822,1966,24994,65,65,Westbound,Nordica,2025-01-26 15:03:00,65 -807,1022029,259605232,False,23,,False,2025-01-26 15:10:00
20250126 14:39,A,Grand & Fairbanks/Columbus,590,8666,10611,66,66,Westbound,Austin,2025-01-26 15:03:00,66 -804,1078997,259605435,False,23,,True,2025-01-26 15:03:00
20250126 14:39,A,Grand & Desplaines,15672,8129,9694,65,65,Westbound,Nordica,2025-01-26 15:04:00,65 -802,1022031,259605234,False,24,,True,2025-01-26 15:04:00
20250126 14:39,A,Fullerton & Grand,15517,8659,21686,74,74,Westbound,Grand/Nordica,2025-01-26 15:04:00,74 -805,164,259606323,False,24,,True,2025-01-26 14:40:00
20250126 14:39,A,Grand & Leclaire/Armitage,823,1966,26106,65,65,Westbound,Nordica,2025-01-26 15:04:00,65 -807,1022029,259605232,False,24,,False,2025-01-26 15:10:00
20250126 14:39,D,Grand & Nordica Terminal,668,8433,0,74,74,Eastbound,Halsted,2025-01-26 15:04:00,74 -852,184,259606408,False,24,,True,2025-01-26 15:04:00
20250126 14:39,D,Grand & Nordica Terminal,668,8547,17430,65,65,Eastbound,Navy Pier,2025-01-26 15:04:00,65 -851,1022068,259605181,False,24,,True,2025-01-26 15:04:00
20250126 14:39,A,Grand & Normandy ,840,8659,22481,74,74,Westbound,Grand/Nordica,2025-01-26 15:05:00,74 -805,164,259606323,False,25,,True,2025-01-26 14:40:00
20250126 14:39,A,Grand & Laramie,3883,1966,27105,65,65,Westbound,Nordica,2025-01-26 15:05:00,65 -807,1022029,259605232,False,25,,False,2025-01-26 15:11:00
20250126 14:39,A,Grand & Laramie,3883,8573,20246,73,73,Westbound,Laramie,2025-01-26 15:05:00,73 -803,50,259606278,False,25,,True,2025-01-26 15:05:00
20250126 14:39,A,Fullerton & Grand,15517,8555,20677,74,74,Westbound,Grand/Nordica,2025-01-26 15:05:00,74 -807,165,259606324,False,25,,True,2025-01-26 15:05:00
20250126 14:39,A,Grand & Chicago,798,8689,22702,65,65,Westbound,Nordica,2025-01-26 15:05:00,65 -806,1022030,259605233,False,25,,False,2025-01-26 15:08:00
20250126 14:39,D,Navy Pier Terminal,14162,8656,13591,65,65,Westbound,Nordica,2025-01-26 15:06:00,65 -803,1022032,259605235,False,26,,True,2025-01-26 15:06:00
20250126 14:39,A,Grand & Lockwood ,826,1966,27633,65,65,Westbound,Nordica,2025-01-26 15:06:00,65 -807,1022029,259605232,False,26,,False,2025-01-26 15:12:00
20250126 14:39,A,Grand & Normandy ,840,8555,21472,74,74,Westbound,Grand/Nordica,2025-01-26 15:06:00,74 -807,165,259606324,False,26,,True,2025-01-26 15:06:00
20250126 14:39,A,Grand & Milwaukee (Blue Line),14774,8129,10643,65,65,Westbound,Nordica,2025-01-26 15:06:00,65 -802,1022031,259605234,False,26,,True,2025-01-26 15:06:00
20250126 14:39,A,Grand & Peoria,776,8129,11077,65,65,Westbound,Nordica,2025-01-26 15:06:00,65 -802,1022031,259605234,False,26,,True,2025-01-26 15:06:00
20250126 14:39,A,Grand & Sacramento,800,8689,23873,65,65,Westbound,Nordica,2025-01-26 15:06:00,65 -806,1022030,259605233,False,26,,False,2025-01-26 15:09:00
20250126 14:39,A,Grand & Oak Park,14809,8659,23325,74,74,Westbound,Grand/Nordica,2025-01-26 15:06:00,74 -805,164,259606323,False,26,,True,2025-01-26 14:40:00
20250126 14:39,A,Grand & Streeter,759,8656,14354,65,65,Westbound,Nordica,2025-01-26 15:07:00,65 -803,1022032,259605235,False,27,,True,2025-01-26 15:07:00
20250126 14:39,A,Grand & Kedzie,802,8689,24952,65,65,Westbound,Nordica,2025-01-26 15:07:00,65 -806,1022030,259605233,False,27,,False,2025-01-26 15:11:00
20250126 14:39,A,Grand & Sayre,844,8659,24656,74,74,Westbound,Grand/Nordica,2025-01-26 15:07:00,74 -805,164,259606323,False,27,,True,2025-01-26 14:40:00
20250126 14:39,A,5500 W Grand,828,1966,28970,65,65,Westbound,Nordica,2025-01-26 15:07:00,65 -807,1022029,259605232,False,27,,False,2025-01-26 15:14:00
20250126 14:39,A,Grand & Aberdeen,778,8129,12331,65,65,Westbound,Nordica,2025-01-26 15:07:00,65 -802,1022031,259605234,False,27,,True,2025-01-26 15:07:00
20250126 14:39,A,Grand & Oak Park,14809,8555,22316,74,74,Westbound,Grand/Nordica,2025-01-26 15:07:00,74 -807,165,259606324,False,27,,True,2025-01-26 15:07:00
20250126 14:39,A,Grand & New England ,842,8659,23823,74,74,Westbound,Grand/Nordica,2025-01-26 15:07:00,74 -805,164,259606323,False,27,,True,2025-01-26 14:40:00
20250126 14:39,A,Grand & Long,15450,1966,28560,65,65,Westbound,Nordica,2025-01-26 15:07:00,65 -807,1022029,259605232,False,27,,False,2025-01-26 15:14:00
20250126 14:39,A,Grand & Morgan,15174,8129,11835,65,65,Westbound,Nordica,2025-01-26 15:07:00,65 -802,1022031,259605234,False,27,,True,2025-01-26 15:07:00
20250126 14:39,A,Grand & New England ,842,8555,22814,74,74,Westbound,Grand/Nordica,2025-01-26 15:07:00,74 -807,165,259606324,False,27,,True,2025-01-26 15:07:00
20250126 14:39,A,Grand & Sayre,844,8555,23647,74,74,Westbound,Grand/Nordica,2025-01-26 15:08:00,74 -807,165,259606324,False,28,,True,2025-01-26 15:08:00
20250126 14:39,A,Grand & Racine,780,8129,13076,65,65,Westbound,Nordica,2025-01-26 15:08:00,65 -802,1022031,259605234,False,28,,True,2025-01-26 15:08:00
20250126 14:39,A,Grand & Homan,18377,8689,26603,65,65,Westbound,Nordica,2025-01-26 15:08:00,65 -806,1022030,259605233,False,28,,False,2025-01-26 15:12:00
20250126 14:39,A,Grand & Central ,829,1966,29872,65,65,Westbound,Nordica,2025-01-26 15:08:00,65 -807,1022029,259605232,False,28,,False,2025-01-26 15:15:00
20250126 14:39,A,Grand & Augusta,18376,8689,25738,65,65,Westbound,Nordica,2025-01-26 15:08:00,65 -806,1022030,259605233,False,28,,False,2025-01-26 15:12:00
20250126 14:39,A,Grand & Peshtigo,760,8656,15289,65,65,Westbound,Nordica,2025-01-26 15:09:00,65 -803,1022032,259605235,False,29,,True,2025-01-26 15:09:00
20250126 14:39,D,Grand & Latrobe Terminal,3824,8722,21429,57,57,Southbound,Cicero Blue Line,2025-01-26 15:09:00,57 -802,34,259604398,False,29,,True,2025-01-26 15:09:00
20250126 14:39,A,Grand & Streeter,759,8629,16592,124,124,Westbound,Ogilvie & Union Stations,2025-01-26 15:09:00,124 -252,1032961,259599840,False,29,,True,2025-01-26 15:09:00
20250126 14:39,A,Grand & Ogden,781,8129,13501,65,65,Westbound,Nordica,2025-01-26 15:09:00,65 -802,1022031,259605234,False,29,,True,2025-01-26 15:09:00
20250126 14:39,A,Grand & Thomas,805,8689,27220,65,65,Westbound,Nordica,2025-01-26 15:09:00,65 -806,1022030,259605233,False,29,,False,2025-01-26 15:13:00
20250126 14:39,A,Grand & Major,830,1966,30385,65,65,Westbound,Nordica,2025-01-26 15:09:00,65 -807,1022029,259605232,False,29,,False,2025-01-26 15:16:00
20250126 15:09,A,Grand & Armour,783,8129,1068,65,65,Westbound,Nordica,2025-01-26 15:09:00,65 -802,1022031,259605234,False,DUE,,True,2025-01-26 15:09:00
20250126 15:09,A,Grand & Streeter,759,8571,214,66,66,Westbound,Austin,2025-01-26 15:09:00,66 -853,1078998,259605436,False,DUE,,True,2025-01-26 15:09:00
20250126 15:09,A,Grand & McClurg,589,8629,597,124,124,Westbound,Ogilvie & Union Stations,2025-01-26 15:09:00,124 -252,1032961,259599840,False,DUE,,True,2025-01-26 15:09:00
20250126 15:09,A,Grand & Chicago,798,8689,150,65,65,Westbound,Nordica,2025-01-26 15:09:00,65 -806,1022030,259605233,False,DUE,,True,2025-01-26 15:09:00
20250126 15:09,A,Grand & Paulina,785,8129,2180,65,65,Westbound,Nordica,2025-01-26 15:10:00,65 -802,1022031,259605234,False,DUE,,True,2025-01-26 15:10:00
20250126 15:09,A,Grand & Rush,16028,8656,1014,65,65,Westbound,Nordica,2025-01-26 15:10:00,65 -803,1022032,259605235,False,DUE,,True,2025-01-26 15:10:00
20250126 15:09,A,Grand & Ashland,784,8129,1493,65,65,Westbound,Nordica,2025-01-26 15:10:00,65 -802,1022031,259605234,False,DUE,,True,2025-01-26 15:10:00
20250126 15:08,A,Grand & Peshtigo,760,8428,634,29,29,Southbound,95th Red Line,2025-01-26 15:10:00,29 -155,1021858,259601693,False,DUE,,True,2025-01-26 15:10:00
20250126 15:09,A,Grand & Sacramento,800,7908,606,52,52,Southbound,63rd Place,2025-01-26 15:10:00,52 -207,1078,259603472,False,DUE,,True,2025-01-26 15:10:00
20250126 15:09,A,Grand & Lamon,822,1966,1245,65,65,Westbound,Nordica,2025-01-26 15:10:00,65 -807,1022029,259605232,False,DUE,,True,2025-01-26 15:10:00
20250126 15:09,A,Grand & Sacramento,800,8689,1321,65,65,Westbound,Nordica,2025-01-26 15:10:00,65 -806,1022030,259605233,False,DUE,,True,2025-01-26 15:10:00
20250126 15:09,A,Grand & Peshtigo,760,8571,1149,66,66,Westbound,Austin,2025-01-26 15:11:00,66 -853,1078998,259605436,False,DUE,,True,2025-01-26 15:11:00
20250126 15:08,A,Grand & McClurg,589,8428,1287,29,29,Southbound,95th Red Line,2025-01-26 15:11:00,29 -155,1021858,259601693,False,DUE,,True,2025-01-26 15:11:00
20250126 15:09,A,Grand & Wood,786,8129,2833,65,65,Westbound,Nordica,2025-01-26 15:11:00,65 -802,1022031,259605234,False,2,,True,2025-01-26 15:11:00
20250126 15:09,A,Grand & Leclaire/Armitage,823,1966,2357,65,65,Westbound,Nordica,2025-01-26 15:11:00,65 -807,1022029,259605232,False,DUE,,True,2025-01-26 15:11:00
20250126 15:09,A,Grand & Kedzie,802,8689,2400,65,65,Westbound,Nordica,2025-01-26 15:12:00,65 -806,1022030,259605233,False,2,,True,2025-01-26 15:12:00
20250126 15:09,A,Grand & Augusta,18376,8689,3186,65,65,Westbound,Nordica,2025-01-26 15:12:00,65 -806,1022030,259605233,False,3,,True,2025-01-26 15:12:00
20250126 15:08,A,Grand & Fairbanks/Columbus,590,8428,1827,29,29,Southbound,95th Red Line,2025-01-26 15:12:00,29 -155,1021858,259601693,False,2,,True,2025-01-26 15:12:00
20250126 15:09,A,Grand & State (Red Line),764,8656,1618,65,65,Westbound,Nordica,2025-01-26 15:12:00,65 -803,1022032,259605235,False,2,,True,2025-01-26 15:12:00
20250126 15:09,A,Grand & Wolcott,787,8129,3501,65,65,Westbound,Nordica,2025-01-26 15:12:00,65 -802,1022031,259605234,False,2,,True,2025-01-26 15:12:00
20250126 15:09,A,Grand & McClurg,589,8571,1802,66,66,Westbound,Austin,2025-01-26 15:12:00,66 -853,1078998,259605436,False,3,,True,2025-01-26 15:12:00
20250126 15:09,A,Grand & Laramie,3883,1966,3356,65,65,Westbound,Nordica,2025-01-26 15:12:00,65 -807,1022029,259605232,False,3,,True,2025-01-26 15:12:00
20250126 15:09,A,Grand & Dearborn,765,8656,2044,65,65,Westbound,Nordica,2025-01-26 15:13:00,65 -803,1022032,259605235,False,3,,True,2025-01-26 15:13:00
20250126 15:09,A,Grand & Damen,18669,8129,4294,65,65,Westbound,Nordica,2025-01-26 15:13:00,65 -802,1022031,259605234,False,3,,True,2025-01-26 15:13:00
20250126 15:09,A,Grand & Laramie,3883,8573,2855,73,73,Westbound,Laramie,2025-01-26 15:13:00,73 -803,50,259606278,False,4,,True,2025-01-26 15:13:00
20250126 15:09,A,Grand & Homan,18377,8689,4051,65,65,Westbound,Nordica,2025-01-26 15:13:00,65 -806,1022030,259605233,False,4,,True,2025-01-26 15:13:00
20250126 15:09,A,Grand & Lockwood ,826,1966,3884,65,65,Westbound,Nordica,2025-01-26 15:13:00,65 -807,1022029,259605232,False,4,,False,2025-01-26 15:15:00
20250126 15:09,A,Grand & Clark,766,8656,2448,65,65,Westbound,Nordica,2025-01-26 15:13:00,65 -803,1022032,259605235,False,4,,True,2025-01-26 15:13:00
20250126 15:08,A,Grand & St. Clair,761,8428,2491,29,29,Southbound,95th Red Line,2025-01-26 15:13:00,29 -155,1021858,259601693,False,3,,True,2025-01-26 15:13:00
20250126 15:09,A,Grand & Hoyne,789,8129,4812,65,65,Westbound,Nordica,2025-01-26 15:13:00,65 -802,1022031,259605234,False,4,,True,2025-01-26 15:13:00
20250126 15:09,A,Grand & Fairbanks/Columbus,590,8571,2342,66,66,Westbound,Austin,2025-01-26 15:13:00,66 -853,1078998,259605436,False,4,,True,2025-01-26 15:13:00
20250126 15:09,A,5500 W Grand,828,1966,5221,65,65,Westbound,Nordica,2025-01-26 15:14:00,65 -807,1022029,259605232,False,5,,False,2025-01-26 15:16:00
20250126 15:08,A,Grand & Rush,16028,8428,3366,29,29,Southbound,95th Red Line,2025-01-26 15:14:00,29 -155,1021858,259601693,False,4,,True,2025-01-26 15:14:00
20250126 15:09,A,Grand & Thomas,805,8689,4668,65,65,Westbound,Nordica,2025-01-26 15:14:00,65 -806,1022030,259605233,False,4,,True,2025-01-26 15:14:00
20250126 15:09,A,Grand & Leavitt,790,8129,5469,65,65,Westbound,Nordica,2025-01-26 15:14:00,65 -802,1022031,259605234,False,4,,True,2025-01-26 15:14:00
20250126 15:09,A,Grand & Long,15450,1966,4811,65,65,Westbound,Nordica,2025-01-26 15:14:00,65 -807,1022029,259605232,False,5,,False,2025-01-26 15:16:00
20250126 15:09,A,Grand & Oakley,791,8129,6139,65,65,Westbound,Nordica,2025-01-26 15:14:00,65 -802,1022031,259605234,False,5,,True,2025-01-26 15:14:00
20250126 15:09,A,Grand & Lawndale,809,8689,6534,65,65,Westbound,Nordica,2025-01-26 15:15:00,65 -806,1022030,259605233,False,6,,True,2025-01-26 15:15:00
20250126 15:09,A,Grand & Division,808,8689,5853,65,65,Westbound,Nordica,2025-01-26 15:15:00,65 -806,1022030,259605233,False,5,,True,2025-01-26 15:15:00
20250126 15:09,A,Fullerton & Grand,15517,8619,6083,74,74,Westbound,Grand/Nordica,2025-01-26 15:15:00,74 -801,166,259606325,False,5,,False,2025-01-26 15:17:00
20250126 15:09,A,Grand & Western,15340,8129,7026,65,65,Westbound,Nordica,2025-01-26 15:15:00,65 -802,1022031,259605234,False,6,,True,2025-01-26 15:15:00
20250126 15:09,A,Grand & Hamlin,15557,8689,7274,65,65,Westbound,Nordica,2025-01-26 15:16:00,65 -806,1022030,259605233,False,6,,True,2025-01-26 15:16:00
20250126 15:09,A,Grand & Central ,829,1966,6123,65,65,Westbound,Nordica,2025-01-26 15:16:00,65 -807,1022029,259605232,False,6,,True,2025-01-26 15:16:00
20250126 15:09,A,Grand & Campbell,15338,8129,7848,65,65,Westbound,Nordica,2025-01-26 15:16:00,65 -802,1022031,259605234,False,7,,True,2025-01-26 15:16:00
20250126 15:09,A,Grand & Normandy ,840,8619,6878,74,74,Westbound,Grand/Nordica,2025-01-26 15:16:00,74 -801,166,259606325,False,6,,False,2025-01-26 15:18:00
20250126 15:09,A,Grand & Franklin,769,8656,3661,65,65,Westbound,Nordica,2025-01-26 15:16:00,65 -803,1022032,259605235,False,6,,True,2025-01-26 15:16:00
20250126 15:09,A,Grand & Major,830,1966,6636,65,65,Westbound,Nordica,2025-01-26 15:16:00,65 -807,1022029,259605232,False,6,,True,2025-01-26 15:16:00
20250126 15:09,A,Grand & Springfield,811,8689,7870,65,65,Westbound,Nordica,2025-01-26 15:16:00,65 -806,1022030,259605233,False,7,,True,2025-01-26 15:16:00
20250126 15:09,A,Grand & Kingsbury,771,8656,4909,65,65,Westbound,Nordica,2025-01-26 15:17:00,65 -803,1022032,259605235,False,8,,True,2025-01-26 15:17:00
20250126 15:09,A,Grand & Rockwell,794,8129,8367,65,65,Westbound,Nordica,2025-01-26 15:17:00,65 -802,1022031,259605234,False,7,,True,2025-01-26 15:17:00
20250126 15:09,A,Grand & Washtenaw,796,8129,9142,65,65,Westbound,Nordica,2025-01-26 15:17:00,65 -802,1022031,259605234,False,8,,True,2025-01-26 15:17:00
20250126 15:09,A,Grand & New England ,842,8619,8220,74,74,Westbound,Grand/Nordica,2025-01-26 15:17:00,74 -801,166,259606325,False,7,,False,2025-01-26 15:20:00
20250126 15:09,A,Grand & Oak Park,14809,8619,7722,74,74,Westbound,Grand/Nordica,2025-01-26 15:17:00,74 -801,166,259606325,False,7,,False,2025-01-26 15:19:00
20250126 15:09,A,Grand & Marmora,832,1966,8004,65,65,Westbound,Nordica,2025-01-26 15:17:00,65 -807,1022029,259605232,False,8,,True,2025-01-26 15:17:00
20250126 15:09,D,Grand & Nordica Terminal,668,8555,128,74,74,Eastbound,Halsted,2025-01-26 15:17:00,74 -807,185,259606409,False,7,,True,2025-01-26 15:17:00
20250126 15:09,A,Grand & Menard,15337,1966,7456,65,65,Westbound,Nordica,2025-01-26 15:17:00,65 -807,1022029,259605232,False,7,,True,2025-01-26 15:17:00
20250126 15:09,A,Grand & Meade,834,1966,9376,65,65,Westbound,Nordica,2025-01-26 15:18:00,65 -807,1022029,259605232,False,8,,True,2025-01-26 15:18:00
20250126 15:09,A,Grand & California,797,8129,9866,65,65,Westbound,Nordica,2025-01-26 15:18:00,65 -802,1022031,259605234,False,8,,True,2025-01-26 15:18:00
20250126 15:09,A,Grand & Chicago,798,8129,10675,65,65,Westbound,Nordica,2025-01-26 15:18:00,65 -802,1022031,259605234,False,8,,True,2025-01-26 15:18:00
20250126 15:09,A,Grand & Sayre,844,8619,9053,74,74,Westbound,Grand/Nordica,2025-01-26 15:18:00,74 -801,166,259606325,False,8,,False,2025-01-26 15:20:00
20250126 15:09,A,Grand & Austin,833,1966,8686,65,65,Westbound,Nordica,2025-01-26 15:18:00,65 -807,1022029,259605232,False,8,,True,2025-01-26 15:18:00
20250126 15:09,A,530 W Grand,772,8656,5667,65,65,Westbound,Nordica,2025-01-26 15:18:00,65 -803,1022032,259605235,False,8,,True,2025-01-26 15:18:00
20250126 15:09,A,Grand & Pulaski,812,8689,8640,65,65,Westbound,Nordica,2025-01-26 15:18:00,65 -806,1022030,259605233,False,8,,True,2025-01-26 15:18:00
20250126 15:09,A,Grand & Desplaines,15672,8656,6217,65,65,Westbound,Nordica,2025-01-26 15:18:00,65 -803,1022032,259605235,False,9,,True,2025-01-26 15:18:00
20250126 15:09,A,Grand & Streeter,759,8569,723,66,66,Westbound,Austin,2025-01-26 15:19:00,66 -810,1078999,259605437,False,10,,True,2025-01-26 15:19:00
20250126 15:09,A,Grand & Sacramento,800,8129,11846,65,65,Westbound,Nordica,2025-01-26 15:19:00,65 -802,1022031,259605234,False,10,,True,2025-01-26 15:19:00
20250126 15:09,A,Grand & Melvina,15335,1966,10252,65,65,Westbound,Nordica,2025-01-26 15:19:00,65 -807,1022029,259605232,False,9,,True,2025-01-26 15:19:00
20250126 15:09,A,Grand & Mobile,836,1966,10750,65,65,Westbound,Nordica,2025-01-26 15:19:00,65 -807,1022029,259605232,False,9,,True,2025-01-26 15:19:00
20250126 15:09,A,Grand & Narragansett,837,1966,11473,65,65,Westbound,Nordica,2025-01-26 15:19:00,65 -807,1022029,259605232,False,9,,True,2025-01-26 15:19:00
20250126 15:09,A,Grand & Natchez,838,1966,12059,65,65,Westbound,Nordica,2025-01-26 15:19:00,65 -807,1022029,259605232,False,10,,True,2025-01-26 15:19:00
20250126 15:09,A,Grand & Karlov,813,8689,9419,65,65,Westbound,Nordica,2025-01-26 15:19:00,65 -806,1022030,259605233,False,9,,True,2025-01-26 15:19:00
20250126 15:09,A,Grand & Keeler,814,8689,10174,65,65,Westbound,Nordica,2025-01-26 15:19:00,65 -806,1022030,259605233,False,10,,True,2025-01-26 15:19:00
20250126 15:09,A,Grand & Kedzie,802,8129,12925,65,65,Westbound,Nordica,2025-01-26 15:20:00,65 -802,1022031,259605234,False,10,,True,2025-01-26 15:20:00
20250126 15:09,A,Grand & Peoria,776,8656,7600,65,65,Westbound,Nordica,2025-01-26 15:20:00,65 -803,1022032,259605235,False,11,,True,2025-01-26 15:20:00
20250126 15:09,A,Grand & Milwaukee (Blue Line),14774,8656,7166,65,65,Westbound,Nordica,2025-01-26 15:20:00,65 -803,1022032,259605235,False,11,,True,2025-01-26 15:20:00
20250126 15:09,A,Grand & Augusta,18376,8129,13711,65,65,Westbound,Nordica,2025-01-26 15:20:00,65 -802,1022031,259605234,False,11,,True,2025-01-26 15:20:00
20250126 15:09,A,Fullerton & Grand,15517,1966,12758,65,65,Westbound,Nordica,2025-01-26 15:20:00,65 -807,1022029,259605232,False,11,,True,2025-01-26 15:20:00
20250126 15:09,A,Grand & Kildare,815,8689,10919,65,65,Westbound,Nordica,2025-01-26 15:20:00,65 -806,1022030,259605233,False,10,,True,2025-01-26 15:20:00
20250126 15:09,A,Grand & Peshtigo,760,8569,1658,66,66,Westbound,Austin,2025-01-26 15:21:00,66 -810,1078999,259605437,False,11,,True,2025-01-26 15:21:00
20250126 15:09,A,Grand & Homan,18377,8129,14576,65,65,Westbound,Nordica,2025-01-26 15:21:00,65 -802,1022031,259605234,False,11,,True,2025-01-26 15:21:00
20250126 15:09,A,Grand & Thomas,805,8129,15193,65,65,Westbound,Nordica,2025-01-26 15:21:00,65 -802,1022031,259605234,False,12,,True,2025-01-26 15:21:00
20250126 15:09,A,Grand & Normandy ,840,1966,13553,65,65,Westbound,Nordica,2025-01-26 15:21:00,65 -807,1022029,259605232,False,11,,False,2025-01-26 15:23:00
20250126 15:09,A,Grand & Morgan,15174,8656,8358,65,65,Westbound,Nordica,2025-01-26 15:21:00,65 -803,1022032,259605235,False,12,,True,2025-01-26 15:21:00
20250126 15:09,A,Grand & Kostner,817,8689,11817,65,65,Westbound,Nordica,2025-01-26 15:21:00,65 -806,1022030,259605233,False,12,,True,2025-01-26 15:21:00
20250126 15:09,A,Grand & Aberdeen,778,8656,8854,65,65,Westbound,Nordica,2025-01-26 15:21:00,65 -803,1022032,259605235,False,12,,True,2025-01-26 15:21:00
20250126 15:09,A,Grand & Oak Park,14809,1966,14397,65,65,Westbound,Nordica,2025-01-26 15:22:00,65 -807,1022029,259605232,False,12,,False,2025-01-26 15:24:00
20250126 15:09,A,Grand & Division,808,8129,16378,65,65,Westbound,Nordica,2025-01-26 15:22:00,65 -802,1022031,259605234,False,13,,True,2025-01-26 15:22:00
20250126 15:09,A,Grand & Kenton ,819,8689,12920,65,65,Westbound,Nordica,2025-01-26 15:22:00,65 -806,1022030,259605233,False,13,,True,2025-01-26 15:22:00
20250126 15:09,A,Grand & Racine,780,8656,9599,65,65,Westbound,Nordica,2025-01-26 15:22:00,65 -803,1022032,259605235,False,13,,True,2025-01-26 15:22:00
20250126 15:09,A,Grand & New England ,842,1966,14895,65,65,Westbound,Nordica,2025-01-26 15:22:00,65 -807,1022029,259605232,False,13,,False,2025-01-26 15:24:00
20250126 15:09,A,Grand & McClurg,589,8569,2311,66,66,Westbound,Austin,2025-01-26 15:22:00,66 -810,1078999,259605437,False,12,,True,2025-01-26 15:22:00
20250126 15:09,A,Grand & Kilbourn,818,8689,12387,65,65,Westbound,Nordica,2025-01-26 15:22:00,65 -806,1022030,259605233,False,12,,True,2025-01-26 15:22:00
20250126 15:09,D,Grand & Nordica Terminal,668,1966,16496,65,65,Eastbound,Navy Pier,2025-01-26 15:23:00,65 -807,1022069,259605182,False,14,,False,2025-01-26 15:26:00
20250126 15:09,A,4700 W Grand,820,8689,13804,65,65,Westbound,Nordica,2025-01-26 15:23:00,65 -806,1022030,259605233,False,13,,True,2025-01-26 15:23:00
20250126 15:09,A,Grand & Lawndale,809,8129,17059,65,65,Westbound,Nordica,2025-01-26 15:23:00,65 -802,1022031,259605234,False,13,,True,2025-01-26 15:23:00
20250126 15:09,A,Grand & Streeter,759,8493,6791,29,29,Southbound,95th Red Line,2025-01-26 15:23:00,29 -116,1021762,259601595,False,13,,True,2025-01-26 15:23:00
20250126 15:09,D,Navy Pier Terminal,14162,8582,4551,65,65,Westbound,Nordica,2025-01-26 15:23:00,65 -804,1022033,259605236,False,13,,True,2025-01-26 15:23:00
20250126 15:09,A,Grand & Sayre,844,1966,15728,65,65,Westbound,Nordica,2025-01-26 15:23:00,65 -807,1022029,259605232,False,13,,False,2025-01-26 15:25:00
20250126 15:09,A,Grand & Fairbanks/Columbus,590,8569,2851,66,66,Westbound,Austin,2025-01-26 15:23:00,66 -810,1078999,259605437,False,13,,True,2025-01-26 15:23:00
20250126 15:09,A,Grand & Noble,782,8656,10932,65,65,Westbound,Nordica,2025-01-26 15:24:00,65 -803,1022032,259605235,False,15,,True,2025-01-26 15:24:00
20250126 15:09,A,Grand & Peshtigo,760,8493,7726,29,29,Southbound,95th Red Line,2025-01-26 15:24:00,29 -116,1021762,259601595,False,15,,True,2025-01-26 15:24:00
20250126 15:09,A,Grand & Ogden,781,8656,10024,65,65,Westbound,Nordica,2025-01-26 15:24:00,65 -803,1022032,259605235,False,14,,True,2025-01-26 15:24:00
20250126 15:09,A,Grand & Springfield,811,8129,18395,65,65,Westbound,Nordica,2025-01-26 15:24:00,65 -802,1022031,259605234,False,14,,True,2025-01-26 15:24:00
20250126 15:09,A,Grand & Hamlin,15557,8129,17799,65,65,Westbound,Nordica,2025-01-26 15:24:00,65 -802,1022031,259605234,False,14,,True,2025-01-26 15:24:00
20250126 15:09,A,Grand & Lamon,822,8689,15800,65,65,Westbound,Nordica,2025-01-26 15:24:00,65 -806,1022030,259605233,False,15,,True,2025-01-26 15:24:00
20250126 15:09,A,Grand & Cicero,821,8689,14693,65,65,Westbound,Nordica,2025-01-26 15:24:00,65 -806,1022030,259605233,False,14,,True,2025-01-26 15:24:00
20250126 15:09,A,Grand & Streeter,759,8582,5314,65,65,Westbound,Nordica,2025-01-26 15:24:00,65 -804,1022033,259605236,False,15,,True,2025-01-26 15:24:00
20250126 15:09,A,Grand & McClurg,589,8493,8379,29,29,Southbound,95th Red Line,2025-01-26 15:25:00,29 -116,1021762,259601595,False,16,,True,2025-01-26 15:25:00
20250126 15:09,A,Grand & Armour,783,8656,11838,65,65,Westbound,Nordica,2025-01-26 15:25:00,65 -803,1022032,259605235,False,15,,True,2025-01-26 15:25:00
20250126 15:09,A,Grand & Paulina,785,8656,12950,65,65,Westbound,Nordica,2025-01-26 15:26:00,65 -803,1022032,259605235,False,17,,True,2025-01-26 15:26:00
20250126 15:09,A,Grand & Peshtigo,760,8582,6249,65,65,Westbound,Nordica,2025-01-26 15:26:00,65 -804,1022033,259605236,False,16,,True,2025-01-26 15:26:00
20250126 15:09,A,Grand & Laramie,3883,8660,13629,73,73,Westbound,Laramie,2025-01-26 15:26:00,73 -805,51,259606279,False,16,,True,2025-01-26 15:26:00
20250126 15:09,A,Grand & Ashland,784,8656,12263,65,65,Westbound,Nordica,2025-01-26 15:26:00,65 -803,1022032,259605235,False,16,,True,2025-01-26 15:26:00
20250126 15:09,A,Grand & Leclaire/Armitage,823,8689,16912,65,65,Westbound,Nordica,2025-01-26 15:26:00,65 -806,1022030,259605233,False,16,,True,2025-01-26 15:26:00
20250126 15:09,A,Grand & Pulaski,812,8129,19165,65,65,Westbound,Nordica,2025-01-26 15:26:00,65 -802,1022031,259605234,False,16,,True,2025-01-26 15:26:00
20250126 15:09,A,Grand & Karlov,813,8129,19944,65,65,Westbound,Nordica,2025-01-26 15:26:00,65 -802,1022031,259605234,False,17,,True,2025-01-26 15:26:00
20250126 15:09,A,Grand & Laramie,3883,8689,17911,65,65,Westbound,Nordica,2025-01-26 15:27:00,65 -806,1022030,259605233,False,18,,True,2025-01-26 15:27:00
20250126 15:09,A,Fullerton & Grand,15517,1914,17004,74,74,Westbound,Grand/Nordica,2025-01-26 15:27:00,74 -806,167,259606326,False,17,,True,2025-01-26 15:27:00
20250126 15:09,A,Grand & St. Clair,761,8493,9583,29,29,Southbound,95th Red Line,2025-01-26 15:27:00,29 -116,1021762,259601595,False,18,,True,2025-01-26 15:27:00
20250126 15:09,A,Grand & Keeler,814,8129,20699,65,65,Westbound,Nordica,2025-01-26 15:27:00,65 -802,1022031,259605234,False,17,,True,2025-01-26 15:27:00
20250126 15:09,A,Grand & Fairbanks/Columbus,590,8493,8919,29,29,Southbound,95th Red Line,2025-01-26 15:27:00,29 -116,1021762,259601595,False,17,,True,2025-01-26 15:27:00
20250126 15:09,A,Grand & Sacramento,800,8296,5869,52,52,Southbound,63rd Place,2025-01-26 15:27:00,52 -202,1079,259603473,False,18,,True,2025-01-26 15:27:00
20250126 15:09,A,Grand & McClurg,589,8582,6902,65,65,Westbound,Nordica,2025-01-26 15:27:00,65 -804,1022033,259605236,False,17,,True,2025-01-26 15:27:00
20250126 15:09,A,Grand & Wood,786,8656,13603,65,65,Westbound,Nordica,2025-01-26 15:27:00,65 -803,1022032,259605235,False,17,,True,2025-01-26 15:27:00
20250126 15:09,A,Grand & Wolcott,787,8656,14271,65,65,Westbound,Nordica,2025-01-26 15:27:00,65 -803,1022032,259605235,False,18,,True,2025-01-26 15:27:00
20250126 15:09,A,Grand & Normandy ,840,1914,17799,74,74,Westbound,Grand/Nordica,2025-01-26 15:28:00,74 -806,167,259606326,False,18,,True,2025-01-26 15:28:00
20250126 15:09,A,Grand & Kildare,815,8129,21444,65,65,Westbound,Nordica,2025-01-26 15:28:00,65 -802,1022031,259605234,False,18,,True,2025-01-26 15:28:00
20250126 15:09,A,Grand & Damen,18669,8656,15064,65,65,Westbound,Nordica,2025-01-26 15:28:00,65 -803,1022032,259605235,False,19,,True,2025-01-26 15:28:00
20250126 15:09,A,Grand & St. Clair,761,8582,8106,65,65,Westbound,Nordica,2025-01-26 15:28:00,65 -804,1022033,259605236,False,19,,True,2025-01-26 15:28:00
20250126 15:09,A,Grand & Streeter,759,8412,2781,66,66,Westbound,Austin,2025-01-26 15:28:00,66 -812,1079000,259605438,False,19,,True,2025-01-26 15:28:00
20250126 15:09,A,Grand & Fairbanks/Columbus,590,8582,7442,65,65,Westbound,Nordica,2025-01-26 15:28:00,65 -804,1022033,259605236,False,18,,True,2025-01-26 15:28:00
20250126 15:09,A,Grand & Kostner,817,8129,22342,65,65,Westbound,Nordica,2025-01-26 15:29:00,65 -802,1022031,259605234,False,20,,True,2025-01-26 15:29:00
20250126 15:09,A,Grand & Rush,16028,8493,10458,29,29,Southbound,95th Red Line,2025-01-26 15:29:00,29 -116,1021762,259601595,False,19,,True,2025-01-26 15:29:00
20250126 15:09,A,Grand & Lockwood ,826,8689,18439,65,65,Westbound,Nordica,2025-01-26 15:29:00,65 -806,1022030,259605233,False,19,,True,2025-01-26 15:29:00
20250126 15:09,A,Grand & New England ,842,1914,19141,74,74,Westbound,Grand/Nordica,2025-01-26 15:29:00,74 -806,167,259606326,False,20,,True,2025-01-26 15:29:00
20250126 15:09,A,Grand & Hoyne,789,8656,15582,65,65,Westbound,Nordica,2025-01-26 15:29:00,65 -803,1022032,259605235,False,19,,True,2025-01-26 15:29:00
20250126 15:09,A,Grand & Leavitt,790,8656,16239,65,65,Westbound,Nordica,2025-01-26 15:29:00,65 -803,1022032,259605235,False,20,,True,2025-01-26 15:29:00
20250126 15:09,A,Grand & Oak Park,14809,1914,18643,74,74,Westbound,Grand/Nordica,2025-01-26 15:29:00,74 -806,167,259606326,False,19,,True,2025-01-26 15:29:00
20250126 15:09,A,Grand & Sayre,844,1914,19974,74,74,Westbound,Grand/Nordica,2025-01-26 15:30:00,74 -806,167,259606326,False,20,,True,2025-01-26 15:30:00
20250126 15:09,A,5500 W Grand,828,8689,19776,65,65,Westbound,Nordica,2025-01-26 15:30:00,65 -806,1022030,259605233,False,20,,True,2025-01-26 15:30:00
20250126 15:09,A,Grand & Long,15450,8689,19366,65,65,Westbound,Nordica,2025-01-26 15:30:00,65 -806,1022030,259605233,False,20,,True,2025-01-26 15:30:00
20250126 15:09,D,Grand & Nordica Terminal,668,8619,9821,74,74,Eastbound,Halsted,2025-01-26 15:30:00,74 -801,186,259606410,False,20,,True,2025-01-26 15:30:00
20250126 15:09,A,Grand & Rush,16028,8582,8981,65,65,Westbound,Nordica,2025-01-26 15:30:00,65 -804,1022033,259605236,False,20,,True,2025-01-26 15:30:00
20250126 15:09,A,Grand & Peshtigo,760,8412,3716,66,66,Westbound,Austin,2025-01-26 15:30:00,66 -812,1079000,259605438,False,20,,True,2025-01-26 15:30:00
20250126 15:09,A,4700 W Grand,820,8129,24329,65,65,Westbound,Nordica,2025-01-26 15:30:00,65 -802,1022031,259605234,False,21,,True,2025-01-26 15:30:00
20250126 15:09,A,Grand & Kenton ,819,8129,23445,65,65,Westbound,Nordica,2025-01-26 15:30:00,65 -802,1022031,259605234,False,20,,True,2025-01-26 15:30:00
20250126 15:09,A,Grand & Kilbourn,818,8129,22912,65,65,Westbound,Nordica,2025-01-26 15:30:00,65 -802,1022031,259605234,False,20,,True,2025-01-26 15:30:00
20250126 15:09,A,Grand & Oakley,791,8656,16909,65,65,Westbound,Nordica,2025-01-26 15:30:00,65 -803,1022032,259605235,False,20,,True,2025-01-26 15:30:00
20250126 15:09,A,Grand & Cicero,821,8129,25218,65,65,Westbound,Nordica,2025-01-26 15:31:00,65 -802,1022031,259605234,False,22,,True,2025-01-26 15:31:00
20250126 15:09,A,Grand & Laramie,3883,8584,18968,57,57,Northbound,Grand/Latrobe,2025-01-26 15:31:00,57 -801,35,259604424,False,21,,True,2025-01-26 15:31:00
20250126 15:09,A,Grand & McClurg,589,8412,4369,66,66,Westbound,Austin,2025-01-26 15:31:00,66 -812,1079000,259605438,False,21,,True,2025-01-26 15:31:00
20250126 15:09,A,Grand & Major,830,8689,21191,65,65,Westbound,Nordica,2025-01-26 15:31:00,65 -806,1022030,259605233,False,22,,True,2025-01-26 15:31:00
20250126 15:09,A,Grand & State (Red Line),764,8582,9585,65,65,Westbound,Nordica,2025-01-26 15:31:00,65 -804,1022033,259605236,False,22,,True,2025-01-26 15:31:00
20250126 15:09,A,Grand & Central ,829,8689,20678,65,65,Westbound,Nordica,2025-01-26 15:31:00,65 -806,1022030,259605233,False,21,,True,2025-01-26 15:31:00
20250126 15:09,A,Grand & Western,15340,8656,17796,65,65,Westbound,Nordica,2025-01-26 15:31:00,65 -803,1022032,259605235,False,21,,True,2025-01-26 15:31:00
20250126 15:09,A,Grand & Marmora,832,8689,22559,65,65,Westbound,Nordica,2025-01-26 15:32:00,65 -806,1022030,259605233,False,23,,True,2025-01-26 15:32:00
20250126 15:09,A,Grand & Lamon,822,8129,26325,65,65,Westbound,Nordica,2025-01-26 15:32:00,65 -802,1022031,259605234,False,23,,True,2025-01-26 15:32:00
20250126 15:09,A,Grand & Dearborn,765,8582,10011,65,65,Westbound,Nordica,2025-01-26 15:32:00,65 -804,1022033,259605236,False,23,,True,2025-01-26 15:32:00
20250126 15:09,A,Grand & Fairbanks/Columbus,590,8412,4909,66,66,Westbound,Austin,2025-01-26 15:32:00,66 -812,1079000,259605438,False,22,,True,2025-01-26 15:32:00
20250126 15:09,A,Grand & Rockwell,794,8656,19137,65,65,Westbound,Nordica,2025-01-26 15:32:00,65 -803,1022032,259605235,False,23,,True,2025-01-26 15:32:00
20250126 15:09,A,Grand & Menard,15337,8689,22011,65,65,Westbound,Nordica,2025-01-26 15:32:00,65 -806,1022030,259605233,False,22,,True,2025-01-26 15:32:00
20250126 15:09,A,Grand & Campbell,15338,8656,18618,65,65,Westbound,Nordica,2025-01-26 15:32:00,65 -803,1022032,259605235,False,22,,True,2025-01-26 15:32:00
20250126 15:09,A,Grand & Chicago,798,8656,21445,65,65,Westbound,Nordica,2025-01-26 15:33:00,65 -803,1022032,259605235,False,24,,True,2025-01-26 15:33:00
20250126 15:09,A,Grand & California,797,8656,20636,65,65,Westbound,Nordica,2025-01-26 15:33:00,65 -803,1022032,259605235,False,24,,True,2025-01-26 15:33:00
20250126 15:09,A,Grand & Austin,833,8689,23241,65,65,Westbound,Nordica,2025-01-26 15:33:00,65 -806,1022030,259605233,False,23,,True,2025-01-26 15:33:00
20250126 15:09,A,Grand & Washtenaw,796,8656,19912,65,65,Westbound,Nordica,2025-01-26 15:33:00,65 -803,1022032,259605235,False,23,,True,2025-01-26 15:33:00
20250126 15:09,A,Grand & Meade,834,8689,23931,65,65,Westbound,Nordica,2025-01-26 15:33:00,65 -806,1022030,259605233,False,24,,True,2025-01-26 15:33:00
20250126 15:09,A,Grand & Clark,766,8582,10415,65,65,Westbound,Nordica,2025-01-26 15:33:00,65 -804,1022033,259605236,False,23,,True,2025-01-26 15:33:00
20250126 15:09,A,Grand & Melvina,15335,8689,24807,65,65,Westbound,Nordica,2025-01-26 15:34:00,65 -806,1022030,259605233,False,25,,True,2025-01-26 15:34:00
20250126 15:09,A,Grand & Leclaire/Armitage,823,8129,27437,65,65,Westbound,Nordica,2025-01-26 15:34:00,65 -802,1022031,259605234,False,24,,True,2025-01-26 15:34:00
20250126 15:09,A,Grand & Mobile,836,8689,25305,65,65,Westbound,Nordica,2025-01-26 15:34:00,65 -806,1022030,259605233,False,25,,True,2025-01-26 15:34:00
20250126 15:09,A,Grand & Narragansett,837,8689,26028,65,65,Westbound,Nordica,2025-01-26 15:34:00,65 -806,1022030,259605233,False,25,,True,2025-01-26 15:34:00
20250126 15:09,A,Grand & Laramie,3883,8129,28436,65,65,Westbound,Nordica,2025-01-26 15:35:00,65 -802,1022031,259605234,False,25,,True,2025-01-26 15:35:00
20250126 15:09,A,Grand & Sacramento,800,8656,22616,65,65,Westbound,Nordica,2025-01-26 15:35:00,65 -803,1022032,259605235,False,25,,True,2025-01-26 15:35:00
20250126 15:09,A,Grand & Natchez,838,8689,26614,65,65,Westbound,Nordica,2025-01-26 15:35:00,65 -806,1022030,259605233,False,25,,True,2025-01-26 15:35:00
20250126 15:09,A,Grand & Franklin,769,8582,11628,65,65,Westbound,Nordica,2025-01-26 15:35:00,65 -804,1022033,259605236,False,26,,True,2025-01-26 15:35:00
20250126 15:09,A,Grand & Kedzie,802,8656,23695,65,65,Westbound,Nordica,2025-01-26 15:35:00,65 -803,1022032,259605235,False,26,,True,2025-01-26 15:35:00
20250126 15:09,A,Grand & Augusta,18376,8656,24481,65,65,Westbound,Nordica,2025-01-26 15:36:00,65 -803,1022032,259605235,False,26,,True,2025-01-26 15:36:00
20250126 15:08,A,Grand & Streeter,759,1098,6986,29,29,Southbound,95th Red Line,2025-01-26 15:36:00,29 -114,1021763,259601600,False,26,,True,2025-01-26 15:36:00
20250126 15:08,A,Grand & Streeter,759,8641,16299,124,124,Westbound,Ogilvie & Union Stations,2025-01-26 15:36:00,124 -251,1032962,259599841,False,27,,True,2025-01-26 15:36:00
20250126 15:09,A,Fullerton & Grand,15517,8689,27313,65,65,Westbound,Nordica,2025-01-26 15:36:00,65 -806,1022030,259605233,False,26,,True,2025-01-26 15:36:00
20250126 15:09,A,Grand & Homan,18377,8656,25346,65,65,Westbound,Nordica,2025-01-26 15:36:00,65 -803,1022032,259605235,False,27,,True,2025-01-26 15:36:00
20250126 15:09,A,Grand & Normandy ,840,8689,28108,65,65,Westbound,Nordica,2025-01-26 15:36:00,65 -806,1022030,259605233,False,27,,True,2025-01-26 15:36:00
20250126 15:09,D,Grand & Latrobe Terminal,3824,8584,19692,57,57,Southbound,Cicero Blue Line,2025-01-26 15:36:00,57 -801,37,259604399,False,27,,True,2025-01-26 15:36:00
20250126 15:08,A,Grand & Streeter,759,8137,8424,66,66,Westbound,Austin,2025-01-26 15:37:00,66 -808,1079001,259605439,False,28,,True,2025-01-26 15:37:00
20250126 15:08,A,Grand & Peshtigo,760,1098,7921,29,29,Southbound,95th Red Line,2025-01-26 15:37:00,29 -114,1021763,259601600,False,28,,True,2025-01-26 15:37:00
20250126 15:09,A,Grand & Thomas,805,8656,25963,65,65,Westbound,Nordica,2025-01-26 15:37:00,65 -803,1022032,259605235,False,27,,True,2025-01-26 15:37:00
20250126 15:09,A,Grand & Oak Park,14809,8689,28952,65,65,Westbound,Nordica,2025-01-26 15:37:00,65 -806,1022030,259605233,False,28,,True,2025-01-26 15:37:00
20250126 15:09,A,Grand & Kingsbury,771,8582,12876,65,65,Westbound,Nordica,2025-01-26 15:37:00,65 -804,1022033,259605236,False,27,,True,2025-01-26 15:37:00
20250126 15:09,A,530 W Grand,772,8582,13634,65,65,Westbound,Nordica,2025-01-26 15:37:00,65 -804,1022033,259605236,False,28,,True,2025-01-26 15:37:00
20250126 15:09,A,Grand & Lockwood ,826,8129,28964,65,65,Westbound,Nordica,2025-01-26 15:37:00,65 -802,1022031,259605234,False,27,,True,2025-01-26 15:37:00
20250126 15:08,A,Grand & McClurg,589,1098,8574,29,29,Southbound,95th Red Line,2025-01-26 15:38:00,29 -114,1021763,259601600,False,29,,True,2025-01-26 15:38:00
20250126 15:09,A,Grand & Lawndale,809,8656,27829,65,65,Westbound,Nordica,2025-01-26 15:38:00,65 -803,1022032,259605235,False,29,,True,2025-01-26 15:38:00
20250126 15:09,A,Grand & Long,15450,8129,29891,65,65,Westbound,Nordica,2025-01-26 15:38:00,65 -802,1022031,259605234,False,28,,True,2025-01-26 15:38:00
20250126 15:09,A,Grand & New England ,842,8689,29450,65,65,Westbound,Nordica,2025-01-26 15:38:00,65 -806,1022030,259605233,False,28,,True,2025-01-26 15:38:00
20250126 15:09,A,Grand & Division,808,8656,27148,65,65,Westbound,Nordica,2025-01-26 15:38:00,65 -803,1022032,259605235,False,28,,True,2025-01-26 15:38:00
20250126 15:09,A,5500 W Grand,828,8129,30301,65,65,Westbound,Nordica,2025-01-26 15:38:00,65 -802,1022031,259605234,False,28,,True,2025-01-26 15:38:00
20250126 15:09,A,Grand & Sayre,844,8689,30283,65,65,Westbound,Nordica,2025-01-26 15:38:00,65 -806,1022030,259605233,False,29,,True,2025-01-26 15:38:00
20250126 15:09,A,Grand & Desplaines,15672,8582,14184,65,65,Westbound,Nordica,2025-01-26 15:38:00,65 -804,1022033,259605236,False,28,,True,2025-01-26 15:38:00
20250126 15:38,D,Navy Pier Terminal,14162,8118,0,65,65,Westbound,Nordica,2025-01-26 15:39:00,65 -808,1022034,259605237,False,DUE,,True,2025-01-26 15:39:00
20250126 15:38,A,Grand & McClurg,589,8137,575,66,66,Westbound,Austin,2025-01-26 15:39:00,66 -808,1079001,259605439,False,DUE,,True,2025-01-26 15:39:00
20250126 15:38,A,Grand & McClurg,589,1098,590,29,29,Southbound,95th Red Line,2025-01-26 15:39:00,29 -114,1021763,259601600,False,DUE,,True,2025-01-26 15:39:00
20250126 15:38,A,Grand & Desplaines,15672,8582,142,65,65,Westbound,Nordica,2025-01-26 15:39:00,65 -804,1022033,259605236,False,DUE,,True,2025-01-26 15:39:00
20250126 15:38,A,Grand & Natchez,838,8129,1463,65,65,Westbound,Nordica,2025-01-26 15:39:00,65 -802,1022031,259605234,False,DUE,,True,2025-01-26 15:39:00
20250126 15:39,A,Grand & Pulaski,812,8656,183,65,65,Westbound,Nordica,2025-01-26 15:39:00,65 -803,1022032,259605235,False,DUE,,True,2025-01-26 15:39:00
20250126 15:38,A,Grand & Milwaukee (Blue Line),14774,8582,1091,65,65,Westbound,Nordica,2025-01-26 15:40:00,65 -804,1022033,259605236,False,2,,True,2025-01-26 15:40:00
20250126 15:38,A,Grand & Fairbanks/Columbus,590,8137,1115,66,66,Westbound,Austin,2025-01-26 15:40:00,66 -808,1079001,259605439,False,DUE,,True,2025-01-26 15:40:00
20250126 15:38,A,Grand & Fairbanks/Columbus,590,1098,1130,29,29,Southbound,95th Red Line,2025-01-26 15:40:00,29 -114,1021763,259601600,False,DUE,,True,2025-01-26 15:40:00
20250126 15:39,A,Grand & Keeler,814,8656,1717,65,65,Westbound,Nordica,2025-01-26 15:40:00,65 -803,1022032,259605235,False,DUE,,True,2025-01-26 15:40:00
20250126 15:38,A,Fullerton & Grand,15517,8129,2162,65,65,Westbound,Nordica,2025-01-26 15:40:00,65 -802,1022031,259605234,False,DUE,,True,2025-01-26 15:40:00
20250126 15:39,A,Grand & Karlov,813,8656,962,65,65,Westbound,Nordica,2025-01-26 15:40:00,65 -803,1022032,259605235,False,DUE,,True,2025-01-26 15:40:00
20250126 15:39,A,Grand & Kildare,815,8656,2462,65,65,Westbound,Nordica,2025-01-26 15:41:00,65 -803,1022032,259605235,False,2,,True,2025-01-26 15:41:00
20250126 15:38,A,Grand & Morgan,15174,8582,2283,65,65,Westbound,Nordica,2025-01-26 15:41:00,65 -804,1022033,259605236,False,2,,True,2025-01-26 15:41:00
20250126 15:38,A,Grand & Peoria,776,8582,1525,65,65,Westbound,Nordica,2025-01-26 15:41:00,65 -804,1022033,259605236,False,2,,True,2025-01-26 15:41:00
20250126 15:38,A,Grand & Streeter,759,8118,763,65,65,Westbound,Nordica,2025-01-26 15:41:00,65 -808,1022034,259605237,False,2,,True,2025-01-26 15:41:00
20250126 15:38,A,Grand & Normandy ,840,8129,2957,65,65,Westbound,Nordica,2025-01-26 15:41:00,65 -802,1022031,259605234,False,2,,True,2025-01-26 15:41:00
20250126 15:38,A,Grand & St. Clair,761,1098,1794,29,29,Southbound,95th Red Line,2025-01-26 15:41:00,29 -114,1021763,259601600,False,2,,True,2025-01-26 15:41:00
20250126 15:38,A,Grand & New England ,842,8129,4299,65,65,Westbound,Nordica,2025-01-26 15:42:00,65 -802,1022031,259605234,False,3,,True,2025-01-26 15:42:00
20250126 15:38,A,Grand & Rush,16028,1098,2669,29,29,Southbound,95th Red Line,2025-01-26 15:42:00,29 -114,1021763,259601600,False,3,,True,2025-01-26 15:42:00
20250126 15:38,A,Grand & Aberdeen,778,8582,2779,65,65,Westbound,Nordica,2025-01-26 15:42:00,65 -804,1022033,259605236,False,3,,True,2025-01-26 15:42:00
20250126 15:38,A,Grand & Oak Park,14809,8129,3801,65,65,Westbound,Nordica,2025-01-26 15:42:00,65 -802,1022031,259605234,False,3,,True,2025-01-26 15:42:00
20250126 15:38,A,Grand & Peshtigo,760,8118,1698,65,65,Westbound,Nordica,2025-01-26 15:42:00,65 -808,1022034,259605237,False,3,,True,2025-01-26 15:42:00
20250126 15:39,A,Grand & Kilbourn,818,8656,3930,65,65,Westbound,Nordica,2025-01-26 15:43:00,65 -803,1022032,259605235,False,4,,False,2025-01-26 15:45:00
20250126 15:38,A,Grand & Sayre,844,8129,5132,65,65,Westbound,Nordica,2025-01-26 15:43:00,65 -802,1022031,259605234,False,3,,True,2025-01-26 15:43:00
20250126 15:38,D,Grand & Nordica Terminal,668,8689,327,65,65,Eastbound,Navy Pier,2025-01-26 15:43:00,65 -806,1022070,259605183,False,4,,True,2025-01-26 15:43:00
20250126 15:38,A,Grand & Racine,780,8582,3524,65,65,Westbound,Nordica,2025-01-26 15:43:00,65 -804,1022033,259605236,False,4,,True,2025-01-26 15:43:00
20250126 15:38,D,Grand & Nordica Terminal,668,1914,166,74,74,Eastbound,Halsted,2025-01-26 15:43:00,74 -806,187,259606411,False,3,,True,2025-01-26 15:43:00
20250126 15:39,A,Grand & Kostner,817,8656,3360,65,65,Westbound,Nordica,2025-01-26 15:43:00,65 -803,1022032,259605235,False,3,,True,2025-01-26 15:43:00
20250126 15:39,A,Grand & Kenton ,819,8656,4463,65,65,Westbound,Nordica,2025-01-26 15:43:00,65 -803,1022032,259605235,False,4,,False,2025-01-26 15:45:00
20250126 15:38,A,Grand & McClurg,589,8118,2351,65,65,Westbound,Nordica,2025-01-26 15:43:00,65 -808,1022034,259605237,False,4,,True,2025-01-26 15:43:00
20250126 15:38,A,Grand & Ogden,781,8582,3949,65,65,Westbound,Nordica,2025-01-26 15:44:00,65 -804,1022033,259605236,False,5,,True,2025-01-26 15:44:00
20250126 15:38,A,Grand & Fairbanks/Columbus,590,8118,2891,65,65,Westbound,Nordica,2025-01-26 15:44:00,65 -808,1022034,259605237,False,5,,True,2025-01-26 15:44:00
20250126 15:39,A,4700 W Grand,820,8656,5347,65,65,Westbound,Nordica,2025-01-26 15:44:00,65 -803,1022032,259605235,False,5,,True,2025-01-26 15:44:00
20250126 15:38,A,Grand & Noble,782,8582,4857,65,65,Westbound,Nordica,2025-01-26 15:45:00,65 -804,1022033,259605236,False,6,,True,2025-01-26 15:45:00
20250126 15:39,A,Grand & Cicero,821,8656,6236,65,65,Westbound,Nordica,2025-01-26 15:45:00,65 -803,1022032,259605235,False,6,,True,2025-01-26 15:45:00
20250126 15:39,A,Grand & Lamon,822,8656,7343,65,65,Westbound,Nordica,2025-01-26 15:45:00,65 -803,1022032,259605235,False,6,,False,2025-01-26 15:47:00
20250126 15:38,A,Grand & Armour,783,8582,5763,65,65,Westbound,Nordica,2025-01-26 15:45:00,65 -804,1022033,259605236,False,6,,True,2025-01-26 15:45:00
20250126 15:38,A,Grand & St. Clair,761,8118,3555,65,65,Westbound,Nordica,2025-01-26 15:45:00,65 -808,1022034,259605237,False,6,,True,2025-01-26 15:45:00
20250126 15:38,A,Grand & Streeter,759,8781,1937,66,66,Westbound,Austin,2025-01-26 15:46:00,66 -806,1079002,259605440,False,7,,True,2025-01-26 15:46:00
20250126 15:38,A,Grand & Ashland,784,8582,6188,65,65,Westbound,Nordica,2025-01-26 15:46:00,65 -804,1022033,259605236,False,7,,True,2025-01-26 15:46:00
20250126 15:38,A,Grand & Paulina,785,8582,6875,65,65,Westbound,Nordica,2025-01-26 15:46:00,65 -804,1022033,259605236,False,7,,True,2025-01-26 15:46:00
20250126 15:38,A,Grand & Sacramento,800,1301,1796,52,52,Southbound,63rd Place,2025-01-26 15:46:00,52 -204,1080,259603474,False,7,,True,2025-01-26 15:46:00
20250126 15:38,A,Grand & Rush,16028,8118,4430,65,65,Westbound,Nordica,2025-01-26 15:47:00,65 -808,1022034,259605237,False,8,,True,2025-01-26 15:47:00
20250126 15:39,A,Grand & Leclaire/Armitage,823,8656,8455,65,65,Westbound,Nordica,2025-01-26 15:47:00,65 -803,1022032,259605235,False,8,,False,2025-01-26 15:49:00
20250126 15:38,A,Grand & Wood,786,8582,7528,65,65,Westbound,Nordica,2025-01-26 15:47:00,65 -804,1022033,259605236,False,8,,True,2025-01-26 15:47:00
20250126 15:39,A,Grand & Laramie,3883,8722,9060,57,57,Northbound,Grand/Latrobe,2025-01-26 15:48:00,57 -802,36,259604425,False,9,,True,2025-01-26 15:48:00
20250126 15:38,A,Grand & Peshtigo,760,8781,2872,66,66,Westbound,Austin,2025-01-26 15:48:00,66 -806,1079002,259605440,False,9,,True,2025-01-26 15:48:00
20250126 15:38,A,Grand & State (Red Line),764,8118,5034,65,65,Westbound,Nordica,2025-01-26 15:48:00,65 -808,1022034,259605237,False,9,,True,2025-01-26 15:48:00
20250126 15:38,A,Grand & Wolcott,787,8582,8196,65,65,Westbound,Nordica,2025-01-26 15:48:00,65 -804,1022033,259605236,False,9,,True,2025-01-26 15:48:00
20250126 15:39,A,Grand & Laramie,3883,8656,9454,65,65,Westbound,Nordica,2025-01-26 15:48:00,65 -803,1022032,259605235,False,9,,False,2025-01-26 15:50:00
20250126 15:38,A,Grand & Hoyne,789,8582,9507,65,65,Westbound,Nordica,2025-01-26 15:49:00,65 -804,1022033,259605236,False,10,,True,2025-01-26 15:49:00
20250126 15:38,A,Grand & Damen,18669,8582,8989,65,65,Westbound,Nordica,2025-01-26 15:49:00,65 -804,1022033,259605236,False,10,,True,2025-01-26 15:49:00
20250126 15:38,A,Grand & McClurg,589,8781,3525,66,66,Westbound,Austin,2025-01-26 15:49:00,66 -806,1079002,259605440,False,10,,True,2025-01-26 15:49:00
20250126 15:38,A,Grand & Dearborn,765,8118,5460,65,65,Westbound,Nordica,2025-01-26 15:49:00,65 -808,1022034,259605237,False,10,,True,2025-01-26 15:49:00
20250126 15:39,A,Grand & Lockwood ,826,8656,9982,65,65,Westbound,Nordica,2025-01-26 15:50:00,65 -803,1022032,259605235,False,11,,False,2025-01-26 15:52:00
20250126 15:38,A,Grand & Oakley,791,8582,10834,65,65,Westbound,Nordica,2025-01-26 15:50:00,65 -804,1022033,259605236,False,11,,True,2025-01-26 15:50:00
20250126 15:38,A,Grand & Clark,766,8118,5864,65,65,Westbound,Nordica,2025-01-26 15:50:00,65 -808,1022034,259605237,False,11,,True,2025-01-26 15:50:00
20250126 15:39,A,Fullerton & Grand,15517,8170,11450,74,74,Westbound,Grand/Nordica,2025-01-26 15:50:00,74 -802,168,259606327,False,11,,False,2025-01-26 15:52:00
20250126 15:38,A,Grand & Fairbanks/Columbus,590,8781,4065,66,66,Westbound,Austin,2025-01-26 15:50:00,66 -806,1079002,259605440,False,11,,True,2025-01-26 15:50:00
20250126 15:38,A,Grand & Leavitt,790,8582,10164,65,65,Westbound,Nordica,2025-01-26 15:50:00,65 -804,1022033,259605236,False,11,,True,2025-01-26 15:50:00
20250126 15:38,A,Grand & Western,15340,8582,11721,65,65,Westbound,Nordica,2025-01-26 15:51:00,65 -804,1022033,259605236,False,12,,True,2025-01-26 15:51:00
20250126 15:39,A,5500 W Grand,828,8656,11319,65,65,Westbound,Nordica,2025-01-26 15:51:00,65 -803,1022032,259605235,False,12,,True,2025-01-26 15:51:00
20250126 15:39,A,Grand & Long,15450,8656,10909,65,65,Westbound,Nordica,2025-01-26 15:51:00,65 -803,1022032,259605235,False,12,,True,2025-01-26 15:51:00
20250126 15:39,A,Grand & Normandy ,840,8170,12245,74,74,Westbound,Grand/Nordica,2025-01-26 15:51:00,74 -802,168,259606327,False,12,,False,2025-01-26 15:53:00
20250126 15:38,A,Grand & Campbell,15338,8582,12543,65,65,Westbound,Nordica,2025-01-26 15:52:00,65 -804,1022033,259605236,False,13,,True,2025-01-26 15:52:00
20250126 15:39,A,Grand & Oak Park,14809,8170,13089,74,74,Westbound,Grand/Nordica,2025-01-26 15:52:00,74 -802,168,259606327,False,13,,True,2025-01-26 15:52:00
20250126 15:38,A,Grand & Franklin,769,8118,7077,65,65,Westbound,Nordica,2025-01-26 15:52:00,65 -808,1022034,259605237,False,13,,True,2025-01-26 15:52:00
20250126 15:39,A,Grand & Central ,829,8656,12221,65,65,Westbound,Nordica,2025-01-26 15:52:00,65 -803,1022032,259605235,False,13,,True,2025-01-26 15:52:00
20250126 15:39,A,Grand & Major,830,8656,12734,65,65,Westbound,Nordica,2025-01-26 15:52:00,65 -803,1022032,259605235,False,13,,True,2025-01-26 15:52:00
20250126 15:38,A,Grand & Rockwell,794,8582,13062,65,65,Westbound,Nordica,2025-01-26 15:53:00,65 -804,1022033,259605236,False,14,,True,2025-01-26 15:53:00
20250126 15:39,A,Grand & Sayre,844,8170,14420,74,74,Westbound,Grand/Nordica,2025-01-26 15:53:00,74 -802,168,259606327,False,14,,False,2025-01-26 15:55:00
20250126 15:38,A,Grand & California,797,8582,14561,65,65,Westbound,Nordica,2025-01-26 15:53:00,65 -804,1022033,259605236,False,14,,True,2025-01-26 15:53:00
20250126 15:39,A,Grand & New England ,842,8170,13587,74,74,Westbound,Grand/Nordica,2025-01-26 15:53:00,74 -802,168,259606327,False,14,,True,2025-01-26 15:53:00
20250126 15:39,A,Grand & Menard,15337,8656,13554,65,65,Westbound,Nordica,2025-01-26 15:53:00,65 -803,1022032,259605235,False,14,,True,2025-01-26 15:53:00
20250126 15:38,A,Grand & Washtenaw,796,8582,13837,65,65,Westbound,Nordica,2025-01-26 15:53:00,65 -804,1022033,259605236,False,14,,True,2025-01-26 15:53:00
20250126 15:39,A,Grand & Marmora,832,8656,14102,65,65,Westbound,Nordica,2025-01-26 15:54:00,65 -803,1022032,259605235,False,14,,True,2025-01-26 15:54:00
20250126 15:39,A,Grand & Meade,834,8656,15474,65,65,Westbound,Nordica,2025-01-26 15:54:00,65 -803,1022032,259605235,False,15,,True,2025-01-26 15:54:00
20250126 15:39,A,Grand & Austin,833,8656,14784,65,65,Westbound,Nordica,2025-01-26 15:54:00,65 -803,1022032,259605235,False,15,,True,2025-01-26 15:54:00
20250126 15:38,A,530 W Grand,772,8118,9083,65,65,Westbound,Nordica,2025-01-26 15:54:00,65 -808,1022034,259605237,False,15,,True,2025-01-26 15:54:00
20250126 15:38,A,Grand & Chicago,798,8582,15370,65,65,Westbound,Nordica,2025-01-26 15:54:00,65 -804,1022033,259605236,False,15,,True,2025-01-26 15:54:00
20250126 15:38,A,Grand & Kingsbury,771,8118,8325,65,65,Westbound,Nordica,2025-01-26 15:54:00,65 -808,1022034,259605237,False,15,,True,2025-01-26 15:54:00
20250126 15:38,A,Grand & Streeter,759,8577,1254,66,66,Westbound,Austin,2025-01-26 15:55:00,66 -801,1079003,259605441,False,16,,True,2025-01-26 15:55:00
20250126 15:38,A,Grand & Sacramento,800,8582,16541,65,65,Westbound,Nordica,2025-01-26 15:55:00,65 -804,1022033,259605236,False,16,,True,2025-01-26 15:55:00
20250126 15:39,A,Grand & Melvina,15335,8656,16350,65,65,Westbound,Nordica,2025-01-26 15:55:00,65 -803,1022032,259605235,False,16,,True,2025-01-26 15:55:00
20250126 15:39,A,Fullerton & Grand,15517,8590,15458,74,74,Westbound,Grand/Nordica,2025-01-26 15:55:00,74 -809,169,259606328,False,16,,True,2025-01-26 15:55:00
20250126 15:38,A,Grand & Desplaines,15672,8118,9633,65,65,Westbound,Nordica,2025-01-26 15:55:00,65 -808,1022034,259605237,False,16,,True,2025-01-26 15:55:00
20250126 15:38,A,Grand & Augusta,18376,8582,18406,65,65,Westbound,Nordica,2025-01-26 15:56:00,65 -804,1022033,259605236,False,17,,True,2025-01-26 15:56:00
20250126 15:38,D,Navy Pier Terminal,14162,8504,6397,65,65,Westbound,Nordica,2025-01-26 15:56:00,65 -801,1022035,259605238,False,17,,True,2025-01-26 15:56:00
20250126 15:39,A,Grand & Normandy ,840,8590,16253,74,74,Westbound,Grand/Nordica,2025-01-26 15:56:00,74 -809,169,259606328,False,17,,True,2025-01-26 15:56:00
20250126 15:38,A,Grand & Kedzie,802,8582,17620,65,65,Westbound,Nordica,2025-01-26 15:56:00,65 -804,1022033,259605236,False,17,,True,2025-01-26 15:56:00
20250126 15:39,A,Grand & Mobile,836,8656,16848,65,65,Westbound,Nordica,2025-01-26 15:56:00,65 -803,1022032,259605235,False,17,,True,2025-01-26 15:56:00
20250126 15:39,A,Grand & Narragansett,837,8656,17571,65,65,Westbound,Nordica,2025-01-26 15:56:00,65 -803,1022032,259605235,False,17,,False,2025-01-26 15:58:00
20250126 15:38,A,Grand & Peshtigo,760,8577,2189,66,66,Westbound,Austin,2025-01-26 15:57:00,66 -801,1079003,259605441,False,18,,True,2025-01-26 15:57:00
20250126 15:39,A,Grand & Oak Park,14809,8590,17097,74,74,Westbound,Grand/Nordica,2025-01-26 15:57:00,74 -809,169,259606328,False,18,,True,2025-01-26 15:57:00
20250126 15:38,A,Grand & Streeter,759,8504,7160,65,65,Westbound,Nordica,2025-01-26 15:57:00,65 -801,1022035,259605238,False,18,,True,2025-01-26 15:57:00
20250126 15:39,A,Grand & Natchez,838,8656,18157,65,65,Westbound,Nordica,2025-01-26 15:57:00,65 -803,1022032,259605235,False,18,,False,2025-01-26 15:59:00
20250126 15:39,A,Grand & New England ,842,8590,17595,74,74,Westbound,Grand/Nordica,2025-01-26 15:57:00,74 -809,169,259606328,False,18,,True,2025-01-26 15:57:00
20250126 15:38,A,Grand & Peoria,776,8118,11016,65,65,Westbound,Nordica,2025-01-26 15:57:00,65 -808,1022034,259605237,False,18,,True,2025-01-26 15:57:00
20250126 15:39,A,Fullerton & Grand,15517,8656,18856,65,65,Westbound,Nordica,2025-01-26 15:57:00,65 -803,1022032,259605235,False,18,,False,2025-01-26 15:59:00
20250126 15:39,D,Grand & Latrobe Terminal,3824,8722,9784,57,57,Southbound,Cicero Blue Line,2025-01-26 15:57:00,57 -802,38,259604400,False,18,,True,2025-01-26 15:57:00
20250126 15:38,A,Grand & Milwaukee (Blue Line),14774,8118,10582,65,65,Westbound,Nordica,2025-01-26 15:57:00,65 -808,1022034,259605237,False,18,,True,2025-01-26 15:57:00
20250126 15:38,A,Grand & Thomas,805,8582,19888,65,65,Westbound,Nordica,2025-01-26 15:57:00,65 -804,1022033,259605236,False,18,,True,2025-01-26 15:57:00
20250126 15:38,A,Grand & Homan,18377,8582,19271,65,65,Westbound,Nordica,2025-01-26 15:57:00,65 -804,1022033,259605236,False,18,,True,2025-01-26 15:57:00
20250126 15:38,A,Grand & Division,808,8582,21073,65,65,Westbound,Nordica,2025-01-26 15:58:00,65 -804,1022033,259605236,False,19,,True,2025-01-26 15:58:00
20250126 15:38,A,Grand & Morgan,15174,8118,11774,65,65,Westbound,Nordica,2025-01-26 15:58:00,65 -808,1022034,259605237,False,19,,True,2025-01-26 15:58:00
20250126 15:38,A,Grand & Aberdeen,778,8118,12270,65,65,Westbound,Nordica,2025-01-26 15:58:00,65 -808,1022034,259605237,False,19,,True,2025-01-26 15:58:00
20250126 15:39,A,Grand & Sayre,844,8590,18428,74,74,Westbound,Grand/Nordica,2025-01-26 15:58:00,74 -809,169,259606328,False,19,,True,2025-01-26 15:58:00
20250126 15:38,A,Grand & McClurg,589,8577,2842,66,66,Westbound,Austin,2025-01-26 15:58:00,66 -801,1079003,259605441,False,19,,True,2025-01-26 15:58:00
20250126 15:39,A,Grand & Normandy ,840,8656,19651,65,65,Westbound,Nordica,2025-01-26 15:58:00,65 -803,1022032,259605235,False,19,,False,2025-01-26 16:00:00
20250126 15:38,A,Grand & Peshtigo,760,8504,8095,65,65,Westbound,Nordica,2025-01-26 15:59:00,65 -801,1022035,259605238,False,20,,True,2025-01-26 15:59:00
20250126 15:38,A,Grand & Racine,780,8118,13015,65,65,Westbound,Nordica,2025-01-26 15:59:00,65 -808,1022034,259605237,False,20,,True,2025-01-26 15:59:00
20250126 15:38,A,Grand & Streeter,759,8629,10051,124,124,Westbound,Ogilvie & Union Stations,2025-01-26 15:59:00,124 -252,1032965,259599842,False,20,,True,2025-01-26 15:59:00
20250126 15:39,A,Grand & Oak Park,14809,8656,20495,65,65,Westbound,Nordica,2025-01-26 15:59:00,65 -803,1022032,259605235,False,20,,False,2025-01-26 16:01:00
20250126 15:38,A,Grand & Laramie,3883,1968,17652,73,73,Westbound,Laramie,2025-01-26 15:59:00,73 -806,59,259606281,False,20,,True,2025-01-26 15:59:00
20250126 15:38,A,Grand & Lawndale,809,8582,21754,65,65,Westbound,Nordica,2025-01-26 15:59:00,65 -804,1022033,259605236,False,20,,True,2025-01-26 15:59:00
20250126 15:38,A,Grand & Fairbanks/Columbus,590,8577,3382,66,66,Westbound,Austin,2025-01-26 15:59:00,66 -801,1079003,259605441,False,20,,True,2025-01-26 15:59:00
20250126 15:39,A,Grand & New England ,842,8656,20993,65,65,Westbound,Nordica,2025-01-26 16:00:00,65 -803,1022032,259605235,False,21,,False,2025-01-26 16:02:00
20250126 15:38,A,Grand & Springfield,811,8582,23090,65,65,Westbound,Nordica,2025-01-26 16:00:00,65 -804,1022033,259605236,False,21,,False,2025-01-26 16:02:00
20250126 15:38,A,Grand & Hamlin,15557,8582,22494,65,65,Westbound,Nordica,2025-01-26 16:00:00,65 -804,1022033,259605236,False,21,,True,2025-01-26 16:00:00
20250126 15:38,A,Grand & Ogden,781,8118,13440,65,65,Westbound,Nordica,2025-01-26 16:00:00,65 -808,1022034,259605237,False,21,,True,2025-01-26 16:00:00
20250126 15:38,A,Grand & Peshtigo,760,8629,10986,124,124,Westbound,Ogilvie & Union Stations,2025-01-26 16:00:00,124 -252,1032965,259599842,False,21,,True,2025-01-26 16:00:00
20250126 15:38,A,Grand & McClurg,589,8504,8748,65,65,Westbound,Nordica,2025-01-26 16:00:00,65 -801,1022035,259605238,False,21,,True,2025-01-26 16:00:00
20250126 15:38,D,Grand & Nordica Terminal,668,8129,5900,65,65,Eastbound,Navy Pier,2025-01-26 16:00:00,65 -802,1022071,259605184,False,20,,False,2025-01-26 16:02:00
20250126 15:39,A,Grand & Sayre,844,8656,21826,65,65,Westbound,Nordica,2025-01-26 16:01:00,65 -803,1022032,259605235,False,22,,False,2025-01-26 16:03:00
20250126 15:38,A,Grand & Streeter,759,1196,1800,29,29,Southbound,95th Red Line,2025-01-26 16:01:00,29 -156,1021778,259601683,False,22,,True,2025-01-26 16:01:00
20250126 15:38,A,Grand & Armour,783,8118,15254,65,65,Westbound,Nordica,2025-01-26 16:01:00,65 -808,1022034,259605237,False,23,,True,2025-01-26 16:01:00
20250126 15:38,A,Grand & Fairbanks/Columbus,590,8504,9288,65,65,Westbound,Nordica,2025-01-26 16:01:00,65 -801,1022035,259605238,False,22,,True,2025-01-26 16:01:00
20250126 15:38,A,Grand & Noble,782,8118,14348,65,65,Westbound,Nordica,2025-01-26 16:01:00,65 -808,1022034,259605237,False,22,,True,2025-01-26 16:01:00
20250126 15:38,A,Grand & McClurg,589,8629,11639,124,124,Westbound,Ogilvie & Union Stations,2025-01-26 16:02:00,124 -252,1032965,259599842,False,23,,True,2025-01-26 16:02:00
20250126 15:38,A,Grand & Paulina,785,8118,16366,65,65,Westbound,Nordica,2025-01-26 16:02:00,65 -808,1022034,259605237,False,24,,True,2025-01-26 16:02:00
20250126 15:38,A,Grand & Karlov,813,8582,24639,65,65,Westbound,Nordica,2025-01-26 16:02:00,65 -804,1022033,259605236,False,23,,False,2025-01-26 16:05:00
20250126 15:38,A,Grand & Pulaski,812,8582,23860,65,65,Westbound,Nordica,2025-01-26 16:02:00,65 -804,1022033,259605236,False,22,,False,2025-01-26 16:04:00
20250126 15:39,D,Grand & Nordica Terminal,668,8170,15188,74,74,Eastbound,Halsted,2025-01-26 16:02:00,74 -802,188,259606412,False,23,,True,2025-01-26 16:02:00
20250126 15:38,A,Grand & St. Clair,761,8504,9952,65,65,Westbound,Nordica,2025-01-26 16:02:00,65 -801,1022035,259605238,False,23,,True,2025-01-26 16:02:00
20250126 15:38,A,Grand & Ashland,784,8118,15679,65,65,Westbound,Nordica,2025-01-26 16:02:00,65 -808,1022034,259605237,False,23,,True,2025-01-26 16:02:00
20250126 15:38,A,Grand & McClurg,589,1196,3388,29,29,Southbound,95th Red Line,2025-01-26 16:03:00,29 -156,1021778,259601683,False,24,,True,2025-01-26 16:03:00
20250126 15:38,A,Grand & Rush,16028,8504,10827,65,65,Westbound,Nordica,2025-01-26 16:03:00,65 -801,1022035,259605238,False,24,,True,2025-01-26 16:03:00
20250126 15:38,A,Grand & Peshtigo,760,1196,2735,29,29,Southbound,95th Red Line,2025-01-26 16:03:00,29 -156,1021778,259601683,False,24,,True,2025-01-26 16:03:00
20250126 15:38,A,Grand & Wood,786,8118,17019,65,65,Westbound,Nordica,2025-01-26 16:03:00,65 -808,1022034,259605237,False,24,,True,2025-01-26 16:03:00
20250126 15:38,A,Grand & Keeler,814,8582,25394,65,65,Westbound,Nordica,2025-01-26 16:04:00,65 -804,1022033,259605236,False,25,,False,2025-01-26 16:06:00
20250126 15:38,A,Grand & Damen,18669,8118,18480,65,65,Westbound,Nordica,2025-01-26 16:04:00,65 -808,1022034,259605237,False,25,,True,2025-01-26 16:04:00
20250126 15:38,A,Grand & Streeter,759,8508,8429,66,66,Westbound,Austin,2025-01-26 16:04:00,66 -811,1079004,259605442,False,25,,True,2025-01-26 16:04:00
20250126 15:38,A,Grand & Wolcott,787,8118,17687,65,65,Westbound,Nordica,2025-01-26 16:04:00,65 -808,1022034,259605237,False,25,,True,2025-01-26 16:04:00
20250126 15:38,A,Grand & State (Red Line),764,8504,11431,65,65,Westbound,Nordica,2025-01-26 16:05:00,65 -801,1022035,259605238,False,26,,True,2025-01-26 16:05:00
20250126 15:38,A,Grand & Hoyne,789,8118,18998,65,65,Westbound,Nordica,2025-01-26 16:05:00,65 -808,1022034,259605237,False,26,,True,2025-01-26 16:05:00
20250126 15:38,A,Grand & St. Clair,761,1196,4592,29,29,Southbound,95th Red Line,2025-01-26 16:05:00,29 -156,1021778,259601683,False,26,,True,2025-01-26 16:05:00
20250126 15:38,A,Grand & Leavitt,790,8118,19655,65,65,Westbound,Nordica,2025-01-26 16:05:00,65 -808,1022034,259605237,False,26,,True,2025-01-26 16:05:00
20250126 15:38,A,Grand & Fairbanks/Columbus,590,1196,3928,29,29,Southbound,95th Red Line,2025-01-26 16:05:00,29 -156,1021778,259601683,False,26,,True,2025-01-26 16:05:00
20250126 15:38,A,Grand & Kildare,815,8582,26139,65,65,Westbound,Nordica,2025-01-26 16:05:00,65 -804,1022033,259605236,False,26,,True,2025-01-26 16:05:00
20250126 15:38,A,Grand & Oakley,791,8118,20325,65,65,Westbound,Nordica,2025-01-26 16:06:00,65 -808,1022034,259605237,False,27,,True,2025-01-26 16:06:00
20250126 15:38,A,Grand & Kostner,817,8582,27037,65,65,Westbound,Nordica,2025-01-26 16:06:00,65 -804,1022033,259605236,False,27,,True,2025-01-26 16:06:00
20250126 15:38,A,Grand & Sacramento,800,8628,16111,52,52,Southbound,63rd Place,2025-01-26 16:06:00,52 -203,1081,259603475,False,27,,True,2025-01-26 16:06:00
20250126 15:38,A,Grand & Dearborn,765,8504,11857,65,65,Westbound,Nordica,2025-01-26 16:06:00,65 -801,1022035,259605238,False,27,,True,2025-01-26 16:06:00
20250126 15:38,A,Grand & Peshtigo,760,8508,9364,66,66,Westbound,Austin,2025-01-26 16:06:00,66 -811,1079004,259605442,False,27,,True,2025-01-26 16:06:00
20250126 15:38,A,Grand & Kenton ,819,8582,28140,65,65,Westbound,Nordica,2025-01-26 16:07:00,65 -804,1022033,259605236,False,28,,True,2025-01-26 16:07:00
20250126 15:38,A,Grand & Kilbourn,818,8582,27607,65,65,Westbound,Nordica,2025-01-26 16:07:00,65 -804,1022033,259605236,False,28,,True,2025-01-26 16:07:00
20250126 15:38,A,Grand & Campbell,15338,8118,22034,65,65,Westbound,Nordica,2025-01-26 16:07:00,65 -808,1022034,259605237,False,28,,True,2025-01-26 16:07:00
20250126 15:38,A,Grand & Western,15340,8118,21212,65,65,Westbound,Nordica,2025-01-26 16:07:00,65 -808,1022034,259605237,False,28,,True,2025-01-26 16:07:00
20250126 15:38,A,Grand & Clark,766,8504,12261,65,65,Westbound,Nordica,2025-01-26 16:07:00,65 -801,1022035,259605238,False,28,,True,2025-01-26 16:07:00
20250126 15:38,A,Grand & Rush,16028,1196,5467,29,29,Southbound,95th Red Line,2025-01-26 16:07:00,29 -156,1021778,259601683,False,28,,True,2025-01-26 16:07:00
20250126 15:38,A,Grand & McClurg,589,8508,10017,66,66,Westbound,Austin,2025-01-26 16:07:00,66 -811,1079004,259605442,False,28,,True,2025-01-26 16:07:00
20250126 15:38,A,Grand & Washtenaw,796,8118,23328,65,65,Westbound,Nordica,2025-01-26 16:08:00,65 -808,1022034,259605237,False,29,,True,2025-01-26 16:08:00
20250126 15:38,A,Grand & Rockwell,794,8118,22553,65,65,Westbound,Nordica,2025-01-26 16:08:00,65 -808,1022034,259605237,False,29,,True,2025-01-26 16:08:00
20250126 15:38,A,4700 W Grand,820,8582,29024,65,65,Westbound,Nordica,2025-01-26 16:08:00,65 -804,1022033,259605236,False,29,,True,2025-01-26 16:08:00
20250126 15:39,D,Grand & Nordica Terminal,668,8590,19196,74,74,Eastbound,Halsted,2025-01-26 16:08:00,74 -809,196,259606413,False,28,,True,2025-01-26 16:08:00
20250126 16:08,A,4700 W Grand,820,8582,168,65,65,Westbound,Nordica,2025-01-26 16:08:00,65 -804,1022033,259605236,False,DUE,,True,2025-01-26 16:08:00
20250126 16:08,A,Grand & Campbell,15338,8118,612,65,65,Westbound,Nordica,2025-01-26 16:08:00,65 -808,1022034,259605237,False,DUE,,True,2025-01-26 16:08:00
20250126 16:08,A,Grand & Cicero,821,8582,1057,65,65,Westbound,Nordica,2025-01-26 16:09:00,65 -804,1022033,259605236,False,DUE,,True,2025-01-26 16:09:00
20250126 16:07,A,Grand & New England ,842,8124,1311,74,74,Westbound,Grand/Nordica,2025-01-26 16:09:00,74 -803,170,259606329,False,DUE,,True,2025-01-26 16:09:00
20250126 16:07,A,Grand & Sayre,844,8124,2144,74,74,Westbound,Grand/Nordica,2025-01-26 16:09:00,74 -803,170,259606329,False,DUE,,True,2025-01-26 16:09:00
20250126 16:08,A,Grand & Rockwell,794,8118,1131,65,65,Westbound,Nordica,2025-01-26 16:09:00,65 -808,1022034,259605237,False,DUE,,True,2025-01-26 16:09:00
20250126 16:08,A,Grand & Fairbanks/Columbus,590,8508,477,66,66,Westbound,Austin,2025-01-26 16:09:00,66 -811,1079004,259605442,False,DUE,,True,2025-01-26 16:09:00
20250126 16:08,A,Grand & Washtenaw,796,8118,1906,65,65,Westbound,Nordica,2025-01-26 16:09:00,65 -808,1022034,259605237,False,DUE,,True,2025-01-26 16:09:00
20250126 16:08,A,Grand & California,797,8118,2630,65,65,Westbound,Nordica,2025-01-26 16:10:00,65 -808,1022034,259605237,False,DUE,,True,2025-01-26 16:10:00
20250126 16:08,A,Grand & Chicago,798,8118,3439,65,65,Westbound,Nordica,2025-01-26 16:10:00,65 -808,1022034,259605237,False,2,,True,2025-01-26 16:10:00
20250126 16:08,A,Grand & Kingsbury,771,8504,1391,65,65,Westbound,Nordica,2025-01-26 16:10:00,65 -801,1022035,259605238,False,DUE,,True,2025-01-26 16:10:00
20250126 16:08,A,Grand & Lamon,822,8582,2164,65,65,Westbound,Nordica,2025-01-26 16:10:00,65 -804,1022033,259605236,False,DUE,,True,2025-01-26 16:10:00
20250126 16:08,A,530 W Grand,772,8504,2149,65,65,Westbound,Nordica,2025-01-26 16:11:00,65 -801,1022035,259605238,False,2,,True,2025-01-26 16:11:00
20250126 16:08,A,Grand & Desplaines,15672,8504,2699,65,65,Westbound,Nordica,2025-01-26 16:11:00,65 -801,1022035,259605238,False,2,,True,2025-01-26 16:11:00
20250126 16:08,A,Grand & Leclaire/Armitage,823,8582,3276,65,65,Westbound,Nordica,2025-01-26 16:11:00,65 -804,1022033,259605236,False,3,,True,2025-01-26 16:11:00
20250126 16:08,A,Grand & Milwaukee (Blue Line),14774,8504,3648,65,65,Westbound,Nordica,2025-01-26 16:12:00,65 -801,1022035,259605238,False,4,,True,2025-01-26 16:12:00
20250126 16:08,A,Grand & Lockwood ,826,8582,4803,65,65,Westbound,Nordica,2025-01-26 16:12:00,65 -804,1022033,259605236,False,4,,True,2025-01-26 16:12:00
20250126 16:08,A,Grand & Laramie,3883,8582,4275,65,65,Westbound,Nordica,2025-01-26 16:12:00,65 -804,1022033,259605236,False,3,,True,2025-01-26 16:12:00
20250126 16:08,A,Grand & Sacramento,800,8118,4610,65,65,Westbound,Nordica,2025-01-26 16:12:00,65 -808,1022034,259605237,False,3,,True,2025-01-26 16:12:00
20250126 16:08,A,Grand & Long,15450,8582,5730,65,65,Westbound,Nordica,2025-01-26 16:13:00,65 -804,1022033,259605236,False,4,,True,2025-01-26 16:13:00
20250126 16:08,A,Grand & Peoria,776,8504,3932,65,65,Westbound,Nordica,2025-01-26 16:13:00,65 -801,1022035,259605238,False,5,,True,2025-01-26 16:13:00
20250126 16:08,A,Grand & Kedzie,802,8118,5689,65,65,Westbound,Nordica,2025-01-26 16:13:00,65 -808,1022034,259605237,False,4,,True,2025-01-26 16:13:00
20250126 16:08,A,Grand & Augusta,18376,8118,6475,65,65,Westbound,Nordica,2025-01-26 16:13:00,65 -808,1022034,259605237,False,5,,False,2025-01-26 16:15:00
20250126 16:08,D,Navy Pier Terminal,14162,8547,58,65,65,Westbound,Nordica,2025-01-26 16:13:00,65 -851,1022066,259605239,False,4,,True,2025-01-26 16:13:00
20250126 16:08,A,5500 W Grand,828,8582,6140,65,65,Westbound,Nordica,2025-01-26 16:13:00,65 -804,1022033,259605236,False,5,,True,2025-01-26 16:13:00
20250126 16:08,A,Grand & Streeter,759,8615,705,66,66,Westbound,Austin,2025-01-26 16:13:00,66 -851,1078776,259605443,False,5,,True,2025-01-26 16:13:00
20250126 16:08,A,Grand & Streeter,759,8333,693,29,29,Southbound,95th Red Line,2025-01-26 16:13:00,29 -157,1021779,259601622,False,5,,True,2025-01-26 16:13:00
20250126 16:08,A,Grand & Central ,829,8582,7042,65,65,Westbound,Nordica,2025-01-26 16:14:00,65 -804,1022033,259605236,False,6,,False,2025-01-26 16:16:00
20250126 16:08,A,Grand & Streeter,759,8547,821,65,65,Westbound,Nordica,2025-01-26 16:14:00,65 -851,1022066,259605239,False,6,,True,2025-01-26 16:14:00
20250126 16:08,A,Grand & Morgan,15174,8504,4690,65,65,Westbound,Nordica,2025-01-26 16:14:00,65 -801,1022035,259605238,False,5,,True,2025-01-26 16:14:00
20250126 16:08,A,Grand & Aberdeen,778,8504,5186,65,65,Westbound,Nordica,2025-01-26 16:14:00,65 -801,1022035,259605238,False,6,,True,2025-01-26 16:14:00
20250126 16:08,A,Grand & Racine,780,8504,5931,65,65,Westbound,Nordica,2025-01-26 16:15:00,65 -801,1022035,259605238,False,6,,True,2025-01-26 16:15:00
20250126 16:08,A,Grand & Homan,18377,8118,7340,65,65,Westbound,Nordica,2025-01-26 16:15:00,65 -808,1022034,259605237,False,6,,True,2025-01-26 16:15:00
20250126 16:08,A,Grand & Thomas,805,8118,7957,65,65,Westbound,Nordica,2025-01-26 16:15:00,65 -808,1022034,259605237,False,7,,True,2025-01-26 16:15:00
20250126 16:08,A,Grand & Peshtigo,760,8333,1628,29,29,Southbound,95th Red Line,2025-01-26 16:15:00,29 -157,1021779,259601622,False,7,,True,2025-01-26 16:15:00
20250126 16:08,A,Grand & Major,830,8582,7555,65,65,Westbound,Nordica,2025-01-26 16:15:00,65 -804,1022033,259605236,False,6,,True,2025-01-26 16:15:00
20250126 16:08,A,Grand & Peshtigo,760,8615,1640,66,66,Westbound,Austin,2025-01-26 16:15:00,66 -851,1078776,259605443,False,6,,True,2025-01-26 16:15:00
20250126 16:08,A,Grand & Ogden,781,8504,6356,65,65,Westbound,Nordica,2025-01-26 16:16:00,65 -801,1022035,259605238,False,7,,True,2025-01-26 16:16:00
20250126 16:08,A,Grand & Laramie,3883,8584,8871,57,57,Northbound,Grand/Latrobe,2025-01-26 16:16:00,57 -801,39,259604426,False,8,,True,2025-01-26 16:16:00
20250126 16:08,A,Grand & Noble,782,8504,7264,65,65,Westbound,Nordica,2025-01-26 16:16:00,65 -801,1022035,259605238,False,8,,True,2025-01-26 16:16:00
20250126 16:08,A,Grand & McClurg,589,8333,2281,29,29,Southbound,95th Red Line,2025-01-26 16:16:00,29 -157,1021779,259601622,False,7,,True,2025-01-26 16:16:00
20250126 16:08,A,Grand & Peshtigo,760,8547,1756,65,65,Westbound,Nordica,2025-01-26 16:16:00,65 -851,1022066,259605239,False,8,,True,2025-01-26 16:16:00
20250126 16:08,A,Grand & Marmora,832,8582,8923,65,65,Westbound,Nordica,2025-01-26 16:16:00,65 -804,1022033,259605236,False,7,,True,2025-01-26 16:16:00
20250126 16:08,A,Grand & Division,808,8118,9142,65,65,Westbound,Nordica,2025-01-26 16:16:00,65 -808,1022034,259605237,False,8,,False,2025-01-26 16:18:00
20250126 16:08,A,Grand & Menard,15337,8582,8375,65,65,Westbound,Nordica,2025-01-26 16:16:00,65 -804,1022033,259605236,False,7,,True,2025-01-26 16:16:00
20250126 16:07,A,Grand & Laramie,3883,8658,8306,73,73,Westbound,Laramie,2025-01-26 16:16:00,73 -801,60,259606282,False,7,,True,2025-01-26 16:16:00
20250126 16:08,A,Grand & McClurg,589,8615,2293,66,66,Westbound,Austin,2025-01-26 16:16:00,66 -851,1078776,259605443,False,7,,True,2025-01-26 16:16:00
20250126 16:08,A,Grand & McClurg,589,8547,2409,65,65,Westbound,Nordica,2025-01-26 16:17:00,65 -851,1022066,259605239,False,8,,True,2025-01-26 16:17:00
20250126 16:08,A,Grand & Armour,783,8504,8170,65,65,Westbound,Nordica,2025-01-26 16:17:00,65 -801,1022035,259605238,False,8,,True,2025-01-26 16:17:00
20250126 16:08,A,Grand & Lawndale,809,8118,9823,65,65,Westbound,Nordica,2025-01-26 16:17:00,65 -808,1022034,259605237,False,8,,False,2025-01-26 16:19:00
20250126 16:08,A,Grand & Fairbanks/Columbus,590,8615,2833,66,66,Westbound,Austin,2025-01-26 16:17:00,66 -851,1078776,259605443,False,8,,True,2025-01-26 16:17:00
20250126 16:08,A,Grand & Austin,833,8582,9605,65,65,Westbound,Nordica,2025-01-26 16:17:00,65 -804,1022033,259605236,False,8,,False,2025-01-26 16:19:00
20250126 16:08,A,Grand & Fairbanks/Columbus,590,8333,2821,29,29,Southbound,95th Red Line,2025-01-26 16:17:00,29 -157,1021779,259601622,False,9,,True,2025-01-26 16:17:00
20250126 16:08,A,Grand & Meade,834,8582,10295,65,65,Westbound,Nordica,2025-01-26 16:17:00,65 -804,1022033,259605236,False,9,,False,2025-01-26 16:19:00
20250126 16:08,A,Grand & Melvina,15335,8582,11171,65,65,Westbound,Nordica,2025-01-26 16:18:00,65 -804,1022033,259605236,False,9,,False,2025-01-26 16:20:00
20250126 16:08,A,Grand & Ashland,784,8504,8595,65,65,Westbound,Nordica,2025-01-26 16:18:00,65 -801,1022035,259605238,False,9,,True,2025-01-26 16:18:00
20250126 16:08,A,Grand & Mobile,836,8582,11669,65,65,Westbound,Nordica,2025-01-26 16:18:00,65 -804,1022033,259605236,False,10,,False,2025-01-26 16:20:00
20250126 16:08,A,Grand & St. Clair,761,8333,3485,29,29,Southbound,95th Red Line,2025-01-26 16:18:00,29 -157,1021779,259601622,False,9,,True,2025-01-26 16:18:00
20250126 16:08,A,Grand & Fairbanks/Columbus,590,8547,2949,65,65,Westbound,Nordica,2025-01-26 16:18:00,65 -851,1022066,259605239,False,10,,False,2025-01-26 16:20:00
20250126 16:08,A,Grand & Paulina,785,8504,9282,65,65,Westbound,Nordica,2025-01-26 16:18:00,65 -801,1022035,259605238,False,10,,True,2025-01-26 16:18:00
20250126 16:08,D,Grand & Nordica Terminal,668,8656,156,65,65,Eastbound,Navy Pier,2025-01-26 16:18:00,65 -803,1022072,259605185,False,9,,True,2025-01-26 16:18:00
20250126 16:08,A,Grand & Hamlin,15557,8118,10563,65,65,Westbound,Nordica,2025-01-26 16:18:00,65 -808,1022034,259605237,False,9,,True,2025-01-26 16:18:00
20250126 16:08,A,Grand & Springfield,811,8118,11159,65,65,Westbound,Nordica,2025-01-26 16:18:00,65 -808,1022034,259605237,False,9,,True,2025-01-26 16:18:00
20250126 16:08,A,Grand & St. Clair,761,8547,3613,65,65,Westbound,Nordica,2025-01-26 16:19:00,65 -851,1022066,259605239,False,10,,True,2025-01-26 16:19:00
20250126 16:08,A,Grand & Wood,786,8504,9935,65,65,Westbound,Nordica,2025-01-26 16:19:00,65 -801,1022035,259605238,False,11,,True,2025-01-26 16:19:00
20250126 16:08,A,Grand & Natchez,838,8582,12978,65,65,Westbound,Nordica,2025-01-26 16:19:00,65 -804,1022033,259605236,False,11,,False,2025-01-26 16:21:00
20250126 16:08,A,Grand & Rush,16028,8333,4360,29,29,Southbound,95th Red Line,2025-01-26 16:19:00,29 -157,1021779,259601622,False,11,,False,2025-01-26 16:21:00
20250126 16:08,A,Grand & Narragansett,837,8582,12392,65,65,Westbound,Nordica,2025-01-26 16:19:00,65 -804,1022033,259605236,False,10,,False,2025-01-26 16:21:00
20250126 16:08,A,Grand & Wolcott,787,8504,10603,65,65,Westbound,Nordica,2025-01-26 16:20:00,65 -801,1022035,259605238,False,11,,True,2025-01-26 16:20:00
20250126 16:08,A,Grand & Damen,18669,8504,11396,65,65,Westbound,Nordica,2025-01-26 16:20:00,65 -801,1022035,259605238,False,12,,True,2025-01-26 16:20:00
20250126 16:08,A,Grand & Pulaski,812,8118,11929,65,65,Westbound,Nordica,2025-01-26 16:20:00,65 -808,1022034,259605237,False,11,,True,2025-01-26 16:20:00
20250126 16:08,A,Grand & Rush,16028,8547,4488,65,65,Westbound,Nordica,2025-01-26 16:20:00,65 -851,1022066,259605239,False,12,,True,2025-01-26 16:20:00
20250126 16:08,A,Fullerton & Grand,15517,8582,13677,65,65,Westbound,Nordica,2025-01-26 16:20:00,65 -804,1022033,259605236,False,12,,False,2025-01-26 16:22:00
20250126 16:08,A,Grand & Kildare,815,8118,14208,65,65,Westbound,Nordica,2025-01-26 16:21:00,65 -808,1022034,259605237,False,13,,True,2025-01-26 16:21:00
20250126 16:08,A,Grand & Karlov,813,8118,12708,65,65,Westbound,Nordica,2025-01-26 16:21:00,65 -808,1022034,259605237,False,12,,True,2025-01-26 16:21:00
20250126 16:08,A,Grand & Keeler,814,8118,13463,65,65,Westbound,Nordica,2025-01-26 16:21:00,65 -808,1022034,259605237,False,12,,True,2025-01-26 16:21:00
20250126 16:07,D,Grand & Nordica Terminal,668,8124,2912,74,74,Eastbound,Halsted,2025-01-26 16:21:00,74 -803,197,259606414,False,12,,True,2025-01-26 16:21:00
20250126 16:08,A,Grand & Leavitt,790,8504,12571,65,65,Westbound,Nordica,2025-01-26 16:21:00,65 -801,1022035,259605238,False,13,,True,2025-01-26 16:21:00
20250126 16:08,A,Fullerton & Grand,15517,8667,11986,74,74,Westbound,Grand/Nordica,2025-01-26 16:21:00,74 -804,181,259606330,False,13,,True,2025-01-26 16:21:00
20250126 16:08,A,Grand & Normandy ,840,8582,14472,65,65,Westbound,Nordica,2025-01-26 16:21:00,65 -804,1022033,259605236,False,12,,False,2025-01-26 16:23:00
20250126 16:08,A,Grand & Hoyne,789,8504,11914,65,65,Westbound,Nordica,2025-01-26 16:21:00,65 -801,1022035,259605238,False,12,,True,2025-01-26 16:21:00
20250126 16:08,A,Grand & Oakley,791,8504,13241,65,65,Westbound,Nordica,2025-01-26 16:22:00,65 -801,1022035,259605238,False,13,,True,2025-01-26 16:22:00
20250126 16:08,A,Grand & Normandy ,840,8667,12781,74,74,Westbound,Grand/Nordica,2025-01-26 16:22:00,74 -804,181,259606330,False,14,,True,2025-01-26 16:22:00
20250126 16:08,A,Grand & State (Red Line),764,8547,5092,65,65,Westbound,Nordica,2025-01-26 16:22:00,65 -851,1022066,259605239,False,13,,True,2025-01-26 16:22:00
20250126 16:08,A,Grand & Oak Park,14809,8582,15316,65,65,Westbound,Nordica,2025-01-26 16:22:00,65 -804,1022033,259605236,False,14,,True,2025-01-26 16:22:00
20250126 16:08,A,Grand & New England ,842,8582,15814,65,65,Westbound,Nordica,2025-01-26 16:22:00,65 -804,1022033,259605236,False,14,,True,2025-01-26 16:22:00
20250126 16:08,A,Grand & Streeter,759,8588,848,66,66,Westbound,Austin,2025-01-26 16:22:00,66 -802,1078777,259605444,False,13,,True,2025-01-26 16:22:00
20250126 16:08,A,Grand & Dearborn,765,8547,5518,65,65,Westbound,Nordica,2025-01-26 16:23:00,65 -851,1022066,259605239,False,14,,True,2025-01-26 23:14:00
20250126 16:08,A,Grand & Oak Park,14809,8667,13625,74,74,Westbound,Grand/Nordica,2025-01-26 16:23:00,74 -804,181,259606330,False,14,,True,2025-01-26 23:14:00
20250126 16:08,A,Grand & Kostner,817,8118,15106,65,65,Westbound,Nordica,2025-01-26 16:23:00,65 -808,1022034,259605237,False,14,,True,2025-01-26 16:08:00
20250126 16:08,A,Grand & Peshtigo,760,8588,1783,66,66,Westbound,Austin,2025-01-26 16:23:00,66 -802,1078777,259605444,False,15,,True,2025-01-26 23:14:00
20250126 16:08,A,Grand & Campbell,15338,8504,14950,65,65,Westbound,Nordica,2025-01-26 16:23:00,65 -801,1022035,259605238,False,14,,True,2025-01-26 16:08:00
20250126 16:08,A,Grand & Western,15340,8504,14128,65,65,Westbound,Nordica,2025-01-26 16:23:00,65 -801,1022035,259605238,False,14,,True,2025-01-26 16:08:00
20250126 16:08,A,Grand & Kilbourn,818,8118,15676,65,65,Westbound,Nordica,2025-01-26 16:23:00,65 -808,1022034,259605237,False,15,,True,2025-01-26 16:08:00
20250126 16:08,A,Grand & Kenton ,819,8118,16209,65,65,Westbound,Nordica,2025-01-26 16:24:00,65 -808,1022034,259605237,False,15,,True,2025-01-26 16:08:00
20250126 16:08,A,Grand & Washtenaw,796,8504,16244,65,65,Westbound,Nordica,2025-01-26 16:24:00,65 -801,1022035,259605238,False,15,,True,2025-01-26 16:08:00
20250126 16:08,D,Grand & Latrobe Terminal,3824,8584,9595,57,57,Southbound,Cicero Blue Line,2025-01-26 16:24:00,57 -801,41,259604401,False,15,,True,2025-01-26 16:08:00
20250126 16:08,A,4700 W Grand,820,8118,17093,65,65,Westbound,Nordica,2025-01-26 16:24:00,65 -808,1022034,259605237,False,16,,True,2025-01-26 16:08:00
20250126 16:08,A,Grand & Rockwell,794,8504,15469,65,65,Westbound,Nordica,2025-01-26 16:24:00,65 -801,1022035,259605238,False,15,,True,2025-01-26 16:08:00
20250126 16:08,A,Grand & McClurg,589,8588,2436,66,66,Westbound,Austin,2025-01-26 16:24:00,66 -802,1078777,259605444,False,16,,True,2025-01-26 23:14:00
20250126 16:08,A,Grand & Sayre,844,8667,14956,74,74,Westbound,Grand/Nordica,2025-01-26 16:24:00,74 -804,181,259606330,False,16,,True,2025-01-26 23:14:00
20250126 16:08,A,Grand & Clark,766,8547,5922,65,65,Westbound,Nordica,2025-01-26 16:24:00,65 -851,1022066,259605239,False,15,,True,2025-01-26 23:14:00
20250126 16:08,A,Grand & Sayre,844,8582,16647,65,65,Westbound,Nordica,2025-01-26 16:24:00,65 -804,1022033,259605236,False,15,,True,2025-01-26 16:08:00
20250126 16:08,A,Grand & New England ,842,8667,14123,74,74,Westbound,Grand/Nordica,2025-01-26 16:24:00,74 -804,181,259606330,False,15,,True,2025-01-26 23:14:00
20250126 16:08,A,Grand & Cicero,821,8118,17982,65,65,Westbound,Nordica,2025-01-26 16:25:00,65 -808,1022034,259605237,False,17,,True,2025-01-26 16:08:00
20250126 16:08,A,Grand & Chicago,798,8504,17777,65,65,Westbound,Nordica,2025-01-26 16:25:00,65 -801,1022035,259605238,False,17,,True,2025-01-26 16:08:00
20250126 16:08,A,Grand & California,797,8504,16968,65,65,Westbound,Nordica,2025-01-26 16:25:00,65 -801,1022035,259605238,False,16,,True,2025-01-26 16:08:00
20250126 16:08,A,Grand & Fairbanks/Columbus,590,8588,2976,66,66,Westbound,Austin,2025-01-26 16:25:00,66 -802,1078777,259605444,False,17,,True,2025-01-26 23:14:00
20250126 16:08,A,Grand & Streeter,759,8641,5946,124,124,Westbound,Ogilvie & Union Stations,2025-01-26 16:25:00,124 -251,1032966,259599843,False,16,,True,2025-01-26 16:08:00
20250126 16:08,A,Grand & Sacramento,800,8294,4826,52,52,Southbound,63rd Place,2025-01-26 16:25:00,52 -205,1082,259603476,False,16,,True,2025-01-26 16:08:00
20250126 16:08,A,Grand & Lamon,822,8118,19089,65,65,Westbound,Nordica,2025-01-26 16:26:00,65 -808,1022034,259605237,False,17,,True,2025-01-26 16:08:00
20250126 16:08,A,Grand & Franklin,769,8547,7135,65,65,Westbound,Nordica,2025-01-26 16:26:00,65 -851,1022066,259605239,False,17,,True,2025-01-26 23:14:00
20250126 16:08,A,Grand & Streeter,759,1091,700,29,29,Southbound,95th Red Line,2025-01-26 16:26:00,29 -158,1021780,259601594,False,17,,True,2025-01-26 16:08:00
20250126 16:08,A,Grand & Leclaire/Armitage,823,8118,20201,65,65,Westbound,Nordica,2025-01-26 16:27:00,65 -808,1022034,259605237,False,19,,True,2025-01-26 16:08:00
20250126 16:08,A,Grand & Kingsbury,771,8547,8383,65,65,Westbound,Nordica,2025-01-26 16:27:00,65 -851,1022066,259605239,False,19,,True,2025-01-26 23:14:00
20250126 16:08,A,Grand & Sacramento,800,8504,18948,65,65,Westbound,Nordica,2025-01-26 16:27:00,65 -801,1022035,259605238,False,18,,True,2025-01-26 16:08:00
20250126 16:08,A,Grand & Peshtigo,760,8641,6881,124,124,Westbound,Ogilvie & Union Stations,2025-01-26 16:27:00,124 -251,1032966,259599843,False,18,,True,2025-01-26 16:08:00
20250126 16:08,A,Grand & Augusta,18376,8504,20813,65,65,Westbound,Nordica,2025-01-26 16:28:00,65 -801,1022035,259605238,False,20,,True,2025-01-26 16:08:00
20250126 16:08,A,Grand & Kedzie,802,8504,20027,65,65,Westbound,Nordica,2025-01-26 16:28:00,65 -801,1022035,259605238,False,19,,True,2025-01-26 16:08:00
20250126 16:08,A,Grand & Peshtigo,760,1091,1635,29,29,Southbound,95th Red Line,2025-01-26 16:28:00,29 -158,1021780,259601594,False,19,,True,2025-01-26 16:08:00
20250126 16:08,A,530 W Grand,772,8547,9141,65,65,Westbound,Nordica,2025-01-26 16:28:00,65 -851,1022066,259605239,False,20,,True,2025-01-26 23:14:00
20250126 16:08,A,Grand & McClurg,589,1091,2288,29,29,Southbound,95th Red Line,2025-01-26 16:28:00,29 -158,1021780,259601594,False,20,,True,2025-01-26 16:08:00
20250126 16:08,A,Grand & McClurg,589,8641,7534,124,124,Westbound,Ogilvie & Union Stations,2025-01-26 16:28:00,124 -251,1032966,259599843,False,19,,True,2025-01-26 16:08:00
20250126 16:08,A,Grand & Laramie,3883,8118,21200,65,65,Westbound,Nordica,2025-01-26 16:28:00,65 -808,1022034,259605237,False,20,,True,2025-01-26 16:08:00
20250126 16:08,A,Grand & Long,15450,8118,22655,65,65,Westbound,Nordica,2025-01-26 16:29:00,65 -808,1022034,259605237,False,21,,True,2025-01-26 16:08:00
20250126 16:08,A,Grand & Desplaines,15672,8547,9691,65,65,Westbound,Nordica,2025-01-26 16:29:00,65 -851,1022066,259605239,False,20,,True,2025-01-26 23:15:00
20250126 16:08,A,Grand & Homan,18377,8504,21678,65,65,Westbound,Nordica,2025-01-26 16:29:00,65 -801,1022035,259605238,False,21,,True,2025-01-26 16:08:00
20250126 16:08,A,Grand & Lockwood ,826,8118,21728,65,65,Westbound,Nordica,2025-01-26 16:29:00,65 -808,1022034,259605237,False,20,,True,2025-01-26 16:08:00
20250126 16:08,A,Grand & Fairbanks/Columbus,590,1091,2828,29,29,Southbound,95th Red Line,2025-01-26 16:30:00,29 -158,1021780,259601594,False,21,,True,2025-01-26 16:08:00
20250126 16:08,A,Grand & Streeter,759,8553,4871,66,66,Westbound,Austin,2025-01-26 16:30:00,66 -809,1078778,259605445,False,22,,True,2025-01-26 23:15:00
20250126 16:08,A,5500 W Grand,828,8118,23065,65,65,Westbound,Nordica,2025-01-26 16:30:00,65 -808,1022034,259605237,False,21,,True,2025-01-26 16:08:00
20250126 16:08,A,Grand & Thomas,805,8504,22295,65,65,Westbound,Nordica,2025-01-26 16:30:00,65 -801,1022035,259605238,False,21,,True,2025-01-26 16:08:00
20250126 16:08,A,Grand & Milwaukee (Blue Line),14774,8547,10640,65,65,Westbound,Nordica,2025-01-26 16:30:00,65 -851,1022066,259605239,False,22,,True,2025-01-26 23:15:00
20250126 16:08,D,Navy Pier Terminal,14162,1966,9148,65,65,Westbound,Nordica,2025-01-26 16:30:00,65 -807,1022065,259605240,False,21,,True,2025-01-26 16:08:00
20250126 16:08,A,Grand & St. Clair,761,1091,3492,29,29,Southbound,95th Red Line,2025-01-26 16:30:00,29 -158,1021780,259601594,False,22,,True,2025-01-26 16:08:00
20250126 16:08,A,Grand & Peoria,776,8547,11074,65,65,Westbound,Nordica,2025-01-26 16:31:00,65 -851,1022066,259605239,False,22,,True,2025-01-26 23:15:00
20250126 16:08,A,Grand & Major,830,8118,24480,65,65,Westbound,Nordica,2025-01-26 16:31:00,65 -808,1022034,259605237,False,23,,True,2025-01-26 16:08:00
20250126 16:08,A,Grand & Central ,829,8118,23967,65,65,Westbound,Nordica,2025-01-26 16:31:00,65 -808,1022034,259605237,False,22,,True,2025-01-26 16:08:00
20250126 16:08,A,Grand & Division,808,8504,23480,65,65,Westbound,Nordica,2025-01-26 16:31:00,65 -801,1022035,259605238,False,23,,True,2025-01-26 16:08:00
20250126 16:08,A,Grand & Morgan,15174,8547,11832,65,65,Westbound,Nordica,2025-01-26 16:31:00,65 -851,1022066,259605239,False,23,,True,2025-01-26 23:15:00
20250126 16:08,A,Grand & Aberdeen,778,8547,12328,65,65,Westbound,Nordica,2025-01-26 16:32:00,65 -851,1022066,259605239,False,23,,True,2025-01-26 23:15:00
20250126 16:08,A,Grand & Peshtigo,760,8553,5806,66,66,Westbound,Austin,2025-01-26 16:32:00,66 -809,1078778,259605445,False,23,,True,2025-01-26 23:15:00
20250126 16:08,A,Grand & Rush,16028,1091,4367,29,29,Southbound,95th Red Line,2025-01-26 16:32:00,29 -158,1021780,259601594,False,23,,True,2025-01-26 16:08:00
20250126 16:08,A,Grand & Streeter,759,1966,9911,65,65,Westbound,Nordica,2025-01-26 16:32:00,65 -807,1022065,259605240,False,23,,True,2025-01-26 16:08:00
20250126 16:08,A,Grand & Menard,15337,8118,25300,65,65,Westbound,Nordica,2025-01-26 16:32:00,65 -808,1022034,259605237,False,23,,True,2025-01-26 16:08:00
20250126 16:08,A,Grand & Marmora,832,8118,25848,65,65,Westbound,Nordica,2025-01-26 16:32:00,65 -808,1022034,259605237,False,23,,True,2025-01-26 16:08:00
20250126 16:08,A,Grand & Lawndale,809,8504,24161,65,65,Westbound,Nordica,2025-01-26 16:32:00,65 -801,1022035,259605238,False,23,,True,2025-01-26 16:08:00
20250126 16:08,A,Grand & Racine,780,8547,13073,65,65,Westbound,Nordica,2025-01-26 16:32:00,65 -851,1022066,259605239,False,24,,True,2025-01-26 23:15:00
20250126 16:08,A,Grand & Springfield,811,8504,25497,65,65,Westbound,Nordica,2025-01-26 16:33:00,65 -801,1022035,259605238,False,24,,True,2025-01-26 16:08:00
20250126 16:08,A,Grand & Hamlin,15557,8504,24901,65,65,Westbound,Nordica,2025-01-26 16:33:00,65 -801,1022035,259605238,False,24,,True,2025-01-26 16:08:00
20250126 16:08,A,Grand & Laramie,3883,8609,22025,73,73,Westbound,Laramie,2025-01-26 16:33:00,73 -802,61,259606283,False,25,,True,2025-01-26 16:08:00
20250126 16:08,A,Grand & Austin,833,8118,26530,65,65,Westbound,Nordica,2025-01-26 16:33:00,65 -808,1022034,259605237,False,24,,True,2025-01-26 16:08:00
20250126 16:08,A,Grand & Meade,834,8118,27220,65,65,Westbound,Nordica,2025-01-26 16:33:00,65 -808,1022034,259605237,False,25,,True,2025-01-26 16:08:00
20250126 16:08,A,Grand & Ogden,781,8547,13498,65,65,Westbound,Nordica,2025-01-26 16:33:00,65 -851,1022066,259605239,False,25,,True,2025-01-26 23:15:00
20250126 16:08,A,Grand & McClurg,589,8553,6459,66,66,Westbound,Austin,2025-01-26 16:33:00,66 -809,1078778,259605445,False,24,,True,2025-01-26 23:15:00
20250126 16:08,A,Grand & Noble,782,8547,14406,65,65,Westbound,Nordica,2025-01-26 16:34:00,65 -851,1022066,259605239,False,25,,True,2025-01-26 23:15:00
20250126 16:08,A,Grand & Peshtigo,760,1966,10846,65,65,Westbound,Nordica,2025-01-26 16:34:00,65 -807,1022065,259605240,False,25,,True,2025-01-26 16:08:00
20250126 16:08,A,Grand & Melvina,15335,8118,28096,65,65,Westbound,Nordica,2025-01-26 16:34:00,65 -808,1022034,259605237,False,25,,True,2025-01-26 16:08:00
20250126 16:08,D,Grand & Nordica Terminal,668,8667,15724,74,74,Eastbound,Halsted,2025-01-26 16:34:00,74 -804,199,259606415,False,25,,True,2025-01-26 23:15:00
20250126 16:08,A,Grand & Mobile,836,8118,28594,65,65,Westbound,Nordica,2025-01-26 16:34:00,65 -808,1022034,259605237,False,26,,True,2025-01-26 16:08:00
20250126 16:08,A,Grand & Fairbanks/Columbus,590,8553,6999,66,66,Westbound,Austin,2025-01-26 16:34:00,66 -809,1078778,259605445,False,25,,True,2025-01-26 23:15:00
20250126 16:08,A,Grand & McClurg,589,1966,11499,65,65,Westbound,Nordica,2025-01-26 16:34:00,65 -807,1022065,259605240,False,26,,True,2025-01-26 16:08:00
20250126 16:08,A,Grand & Pulaski,812,8504,26267,65,65,Westbound,Nordica,2025-01-26 16:35:00,65 -801,1022035,259605238,False,26,,True,2025-01-26 16:08:00
20250126 16:08,A,Grand & Narragansett,837,8118,29317,65,65,Westbound,Nordica,2025-01-26 16:35:00,65 -808,1022034,259605237,False,26,,True,2025-01-26 16:08:00
20250126 16:08,A,Grand & Armour,783,8547,15312,65,65,Westbound,Nordica,2025-01-26 16:35:00,65 -851,1022066,259605239,False,26,,True,2025-01-26 23:15:00
20250126 16:08,A,Grand & Ashland,784,8547,15737,65,65,Westbound,Nordica,2025-01-26 16:35:00,65 -851,1022066,259605239,False,27,,True,2025-01-26 23:15:00
20250126 16:08,A,Grand & Natchez,838,8118,29903,65,65,Westbound,Nordica,2025-01-26 16:36:00,65 -808,1022034,259605237,False,27,,True,2025-01-26 16:08:00
20250126 16:08,A,Grand & Karlov,813,8504,27046,65,65,Westbound,Nordica,2025-01-26 16:36:00,65 -801,1022035,259605238,False,27,,True,2025-01-26 16:08:00
20250126 16:08,A,Grand & Paulina,785,8547,16424,65,65,Westbound,Nordica,2025-01-26 16:36:00,65 -851,1022066,259605239,False,27,,True,2025-01-26 23:15:00
20250126 16:08,A,Grand & Keeler,814,8504,27801,65,65,Westbound,Nordica,2025-01-26 16:36:00,65 -801,1022035,259605238,False,27,,True,2025-01-26 16:08:00
20250126 16:08,A,Grand & Kildare,815,8504,28546,65,65,Westbound,Nordica,2025-01-26 16:36:00,65 -801,1022035,259605238,False,28,,True,2025-01-26 16:08:00
20250126 16:08,A,Grand & St. Clair,761,1966,12703,65,65,Westbound,Nordica,2025-01-26 16:36:00,65 -807,1022065,259605240,False,28,,True,2025-01-26 16:08:00
20250126 16:08,A,Grand & Fairbanks/Columbus,590,1966,12039,65,65,Westbound,Nordica,2025-01-26 16:36:00,65 -807,1022065,259605240,False,27,,True,2025-01-26 16:08:00
20250126 16:08,A,Fullerton & Grand,15517,8118,30602,65,65,Westbound,Nordica,2025-01-26 16:36:00,65 -808,1022034,259605237,False,28,,True,2025-01-26 16:08:00
20250126 16:08,A,Grand & Normandy ,840,8118,31397,65,65,Westbound,Nordica,2025-01-26 16:37:00,65 -808,1022034,259605237,False,28,,True,2025-01-26 16:08:00
20250126 16:08,A,Grand & Wolcott,787,8547,17745,65,65,Westbound,Nordica,2025-01-26 16:37:00,65 -851,1022066,259605239,False,28,,True,2025-01-26 23:15:00
20250126 16:08,A,Fullerton & Grand,15517,8587,24348,74,74,Westbound,Grand/Nordica,2025-01-26 16:37:00,74 -808,189,259606331,False,29,,True,2025-01-26 23:15:00
20250126 16:08,A,Grand & Laramie,3883,8722,28146,57,57,Northbound,Grand/Latrobe,2025-01-26 16:37:00,57 -802,40,259604427,False,28,,True,2025-01-26 16:08:00
20250126 16:08,A,Grand & Wood,786,8547,17077,65,65,Westbound,Nordica,2025-01-26 16:37:00,65 -851,1022066,259605239,False,28,,True,2025-01-26 23:15:00
20250126 16:08,D,Grand & Nordica Terminal,668,8582,17415,65,65,Eastbound,Navy Pier,2025-01-26 16:37:00,65 -804,1022061,259605186,False,28,,True,2025-01-26 16:08:00
20250126 16:08,A,Grand & Damen,18669,8547,18538,65,65,Westbound,Nordica,2025-01-26 16:38:00,65 -851,1022066,259605239,False,29,,True,2025-01-26 23:15:00
20250126 16:08,A,Grand & Kostner,817,8504,29444,65,65,Westbound,Nordica,2025-01-26 16:38:00,65 -801,1022035,259605238,False,29,,True,2025-01-26 16:08:00
20250126 23:15,A,Grand & New England ,842,8622,746,74,74,Westbound,Grand/Nordica,2025-01-26 23:15:00,74 -853,233,259606358,False,DUE,,True,2025-01-26 23:15:00
20250126 23:14,A,Grand & Peshtigo,760,8625,541,66,66,Westbound,Austin,2025-01-26 23:15:00,66 -807,22224268,259605484,False,DUE,,True,2025-01-26 23:15:00
20250126 23:15,A,Grand & Oak Park,14809,8622,248,74,74,Westbound,Grand/Nordica,2025-01-26 23:15:00,74 -853,233,259606358,False,DUE,,True,2025-01-26 23:15:00
20250126 23:15,A,Grand & Sayre,844,8622,1579,74,74,Westbound,Grand/Nordica,2025-01-26 23:16:00,74 -853,233,259606358,False,DUE,,True,2025-01-26 23:15:00
20250126 23:14,A,Grand & McClurg,589,8625,1194,66,66,Westbound,Austin,2025-01-26 23:16:00,66 -807,22224268,259605484,False,DUE,,True,2025-01-26 23:15:00
20250126 23:14,A,Grand & Fairbanks/Columbus,590,8625,1734,66,66,Westbound,Austin,2025-01-26 23:17:00,66 -807,22224268,259605484,False,2,,True,2025-01-26 23:15:00
20250126 23:14,A,Grand & Streeter,759,8495,693,29,29,Southbound,95th Red Line,2025-01-26 23:19:00,29 -164,1021809,259601613,False,4,,True,2025-01-26 23:15:00
20250126 23:14,A,Grand & Peshtigo,760,8495,1628,29,29,Southbound,95th Red Line,2025-01-26 23:20:00,29 -164,1021809,259601613,False,5,,True,2025-01-26 23:15:00
20250126 23:14,A,Grand & McClurg,589,8495,2281,29,29,Southbound,95th Red Line,2025-01-26 23:20:00,29 -164,1021809,259601613,False,5,,True,2025-01-26 23:15:00
20250126 23:14,A,Grand & Fairbanks/Columbus,590,8495,2821,29,29,Southbound,95th Red Line,2025-01-26 23:21:00,29 -164,1021809,259601613,False,6,,True,2025-01-26 23:15:00
20250126 23:14,A,Grand & St. Clair,761,8495,3485,29,29,Southbound,95th Red Line,2025-01-26 23:22:00,29 -164,1021809,259601613,False,6,,True,2025-01-26 23:15:00
20250126 23:14,A,Grand & Rush,16028,8495,4360,29,29,Southbound,95th Red Line,2025-01-26 23:22:00,29 -164,1021809,259601613,False,7,,True,2025-01-26 23:15:00
20250126 23:15,A,Fullerton & Grand,15517,8170,9121,74,74,Westbound,Grand/Nordica,2025-01-26 23:23:00,74 -802,232,259606359,False,8,,True,2025-01-26 23:15:00
20250126 23:15,A,Grand & Normandy ,840,8170,9916,74,74,Westbound,Grand/Nordica,2025-01-26 23:24:00,74 -802,232,259606359,False,9,,True,2025-01-26 23:15:00
20250126 23:15,A,Grand & Streeter,759,8663,4016,66,66,Westbound,Austin,2025-01-26 23:24:00,66 -854,1078876,259605485,False,9,,True,2025-01-26 23:15:00
20250126 23:15,A,Grand & Oak Park,14809,8170,10760,74,74,Westbound,Grand/Nordica,2025-01-26 23:25:00,74 -802,232,259606359,False,10,,True,2025-01-26 23:15:00
20250126 23:15,A,Grand & New England ,842,8170,11258,74,74,Westbound,Grand/Nordica,2025-01-26 23:25:00,74 -802,232,259606359,False,10,,True,2025-01-26 23:15:00
20250126 23:15,A,Grand & Sayre,844,8170,12091,74,74,Westbound,Grand/Nordica,2025-01-26 23:26:00,74 -802,232,259606359,False,11,,True,2025-01-26 23:15:00
20250126 23:15,A,Grand & Peshtigo,760,8663,4951,66,66,Westbound,Austin,2025-01-26 23:26:00,66 -854,1078876,259605485,False,11,,True,2025-01-26 23:15:00
20250126 23:15,A,Grand & McClurg,589,8663,5604,66,66,Westbound,Austin,2025-01-26 23:27:00,66 -854,1078876,259605485,False,12,,True,2025-01-26 23:15:00
20250126 23:15,A,Grand & Fairbanks/Columbus,590,8663,6144,66,66,Westbound,Austin,2025-01-26 23:28:00,66 -854,1078876,259605485,False,12,,True,2025-01-26 23:15:00
20250126 23:15,D,Grand & Nordica Terminal,668,8622,2347,74,74,Eastbound,Halsted,2025-01-26 23:32:00,74 -853,222,259606438,False,17,,True,2025-01-26 23:15:00
20250126 23:15,A,Grand & Streeter,759,1196,20230,29,29,Southbound,95th Red Line,2025-01-26 23:42:00,29 -156,1021808,259601688,False,26,,True,2025-01-26 23:15:00
20250126 23:15,A,Grand & McClurg,589,1196,21818,29,29,Southbound,95th Red Line,2025-01-26 23:43:00,29 -156,1021808,259601688,False,28,,True,2025-01-26 23:15:00
20250126 23:15,A,Grand & Peshtigo,760,1196,21165,29,29,Southbound,95th Red Line,2025-01-26 23:43:00,29 -156,1021808,259601688,False,27,,True,2025-01-26 23:15:00
20250126 23:15,A,Grand & Fairbanks/Columbus,590,1196,22358,29,29,Southbound,95th Red Line,2025-01-26 23:44:00,29 -156,1021808,259601688,False,29,,True,2025-01-26 23:15:00
20250127 05:33,A,Grand & Long,15450,1101,1640,65,65,Westbound,Nordica,2025-01-27 05:34:00,SN  -801,10003553,259623134,False,DUE,,True,2025-01-27 05:34:00
20250127 05:33,A,Grand & Lockwood ,826,1101,713,65,65,Westbound,Nordica,2025-01-27 05:34:00,SN  -801,10003553,259623134,False,DUE,,True,2025-01-27 05:34:00
20250127 05:33,A,Grand & Laramie,3883,1101,185,65,65,Westbound,Nordica,2025-01-27 05:34:00,SN  -801,10003553,259623134,False,DUE,,True,2025-01-27 05:34:00
20250127 05:33,A,5500 W Grand,828,1101,2050,65,65,Westbound,Nordica,2025-01-27 05:35:00,SN  -801,10003553,259623134,False,DUE,,True,2025-01-27 05:35:00
20250127 05:33,A,Grand & Laramie,3883,1067,1726,57,57,Northbound,Grand/Latrobe,2025-01-27 05:35:00,57 -801,122,259621800,False,DUE,,True,2025-01-27 05:35:00
20250127 05:33,A,Grand & Laramie,3883,8158,2804,73,73,Westbound,Laramie,2025-01-27 05:36:00,73 -801,2,259624796,False,2,,True,2025-01-27 05:36:00
20250127 05:33,A,Grand & Major,830,1101,3465,65,65,Westbound,Nordica,2025-01-27 05:36:00,SN  -801,10003553,259623134,False,2,,True,2025-01-27 05:36:00
20250127 05:33,A,Grand & Central ,829,1101,2952,65,65,Westbound,Nordica,2025-01-27 05:36:00,SN  -801,10003553,259623134,False,2,,True,2025-01-27 05:36:00
20250127 05:33,D,Grand & Nordica Terminal,668,8145,496,74,74,Eastbound,Halsted,2025-01-27 05:37:00,74 -802,********,259625019,False,3,,False,2025-01-27 11:48:00
20250127 05:33,A,Grand & Marmora,832,1101,4833,65,65,Westbound,Nordica,2025-01-27 05:37:00,SN  -801,10003553,259623134,False,3,,True,2025-01-27 05:33:00
20250127 05:33,A,Grand & Menard,15337,1101,4285,65,65,Westbound,Nordica,2025-01-27 05:37:00,SN  -801,10003553,259623134,False,3,,True,2025-01-27 05:33:00
20250127 05:33,A,Grand & Meade,834,1101,6205,65,65,Westbound,Nordica,2025-01-27 05:38:00,SN  -801,10003553,259623134,False,4,,True,2025-01-27 05:33:00
20250127 05:33,A,Grand & Austin,833,1101,5515,65,65,Westbound,Nordica,2025-01-27 05:38:00,SN  -801,10003553,259623134,False,4,,True,2025-01-27 05:33:00
20250127 05:33,A,Grand & Mobile,836,1101,7579,65,65,Westbound,Nordica,2025-01-27 05:39:00,SN  -801,10003553,259623134,False,5,,True,2025-01-27 05:33:00
20250127 05:33,A,Grand & Melvina,15335,1101,7081,65,65,Westbound,Nordica,2025-01-27 05:39:00,SN  -801,10003553,259623134,False,5,,True,2025-01-27 05:33:00
20250127 05:33,D,Grand & Pulaski,812,8424,0,65,65,Westbound,Nordica,2025-01-27 05:39:00,SN  -802,10003554,259623104,False,5,,True,2025-01-27 11:20:00
20250127 05:33,A,Grand & Natchez,838,1101,8888,65,65,Westbound,Nordica,2025-01-27 05:40:00,SN  -801,10003553,259623134,False,6,,True,2025-01-27 05:33:00
20250127 05:33,D,Grand & Latrobe Terminal,3824,1067,2450,57,57,Southbound,Cicero Blue Line,2025-01-27 05:40:00,57 -801,1,259621675,False,6,,True,2025-01-27 05:33:00
20250127 05:33,A,Grand & Karlov,813,8424,779,65,65,Westbound,Nordica,2025-01-27 05:40:00,SN  -802,10003554,259623104,False,6,,False,2025-01-27 11:40:00
20250127 05:33,A,Grand & Narragansett,837,1101,8302,65,65,Westbound,Nordica,2025-01-27 05:40:00,SN  -801,10003553,259623134,False,6,,True,2025-01-27 05:33:00
20250127 05:33,A,Fullerton & Grand,15517,1101,9587,65,65,Westbound,Nordica,2025-01-27 05:41:00,SN  -801,10003553,259623134,False,7,,True,2025-01-27 05:33:00
20250127 05:33,A,Grand & Kildare,815,8424,2279,65,65,Westbound,Nordica,2025-01-27 05:41:00,SN  -802,10003554,259623104,False,7,,False,2025-01-27 11:41:00
20250127 05:33,A,Grand & Keeler,814,8424,1534,65,65,Westbound,Nordica,2025-01-27 05:41:00,SN  -802,10003554,259623104,False,7,,False,2025-01-27 11:41:00
20250127 05:33,A,Grand & Normandy ,840,1101,10382,65,65,Westbound,Nordica,2025-01-27 05:42:00,SN  -801,10003553,259623134,False,8,,True,2025-01-27 05:33:00
20250127 05:33,A,Grand & Kostner,817,8424,3177,65,65,Westbound,Nordica,2025-01-27 05:42:00,SN  -802,10003554,259623104,False,8,,False,2025-01-27 11:44:00
20250127 05:33,A,Grand & Sayre,844,1101,12557,65,65,Westbound,Nordica,2025-01-27 05:43:00,SN  -801,10003553,259623134,False,9,,True,2025-01-27 05:33:00
20250127 05:33,A,Grand & Oak Park,14809,1101,11226,65,65,Westbound,Nordica,2025-01-27 05:43:00,SN  -801,10003553,259623134,False,9,,True,2025-01-27 05:33:00
20250127 05:33,A,Grand & New England ,842,1101,11724,65,65,Westbound,Nordica,2025-01-27 05:43:00,SN  -801,10003553,259623134,False,9,,True,2025-01-27 05:33:00
20250127 05:33,A,Grand & Kenton ,819,8424,4280,65,65,Westbound,Nordica,2025-01-27 05:43:00,SN  -802,10003554,259623104,False,9,,False,2025-01-27 11:45:00
20250127 05:33,A,4700 W Grand,820,8424,5164,65,65,Westbound,Nordica,2025-01-27 05:43:00,SN  -802,10003554,259623104,False,9,,False,2025-01-27 11:45:00
20250127 05:33,A,Grand & Kilbourn,818,8424,3747,65,65,Westbound,Nordica,2025-01-27 05:43:00,SN  -802,10003554,259623104,False,9,,False,2025-01-27 11:44:00
20250127 05:33,A,Grand & Cicero,821,8424,6053,65,65,Westbound,Nordica,2025-01-27 05:44:00,SN  -802,10003554,259623104,False,10,,False,2025-01-27 11:47:00
20250127 05:33,A,Grand & Lamon,822,8424,7160,65,65,Westbound,Nordica,2025-01-27 05:45:00,SN  -802,10003554,259623104,False,11,,False,2025-01-27 11:47:00
20250127 05:33,A,Grand & Leclaire/Armitage,823,8424,8272,65,65,Westbound,Nordica,2025-01-27 05:46:00,SN  -802,10003554,259623104,False,12,,False,2025-01-27 11:49:00
20250127 05:33,D,Grand & Nordica Terminal,668,1101,13325,65,65,Eastbound,Navy Pier,2025-01-27 05:47:00,SN  -801,10003389,259622973,False,13,,True,2025-01-27 05:33:00
20250127 05:33,A,Grand & Lockwood ,826,8424,9799,65,65,Westbound,Nordica,2025-01-27 05:47:00,SN  -802,10003554,259623104,False,13,,True,2025-01-27 11:20:00
20250127 05:33,A,Grand & Laramie,3883,8424,9271,65,65,Westbound,Nordica,2025-01-27 05:47:00,SN  -802,10003554,259623104,False,13,,True,2025-01-27 11:20:00
20250127 05:33,A,Fullerton & Grand,15517,1904,15462,74,74,Westbound,Grand/Nordica,2025-01-27 05:47:00,74 -807,88383199,262195133,False,13,,False,2025-01-27 11:39:00
20250127 05:33,A,Fullerton & Grand,15517,8118,17243,74,74,Westbound,Grand/Nordica,2025-01-27 05:48:00,74 -803,********,259624879,False,14,,True,2025-01-27 05:33:00
20250127 05:33,A,5500 W Grand,828,8424,11136,65,65,Westbound,Nordica,2025-01-27 05:48:00,SN  -802,10003554,259623104,False,14,,True,2025-01-27 11:20:00
20250127 05:33,A,Grand & Long,15450,8424,10726,65,65,Westbound,Nordica,2025-01-27 05:48:00,SN  -802,10003554,259623104,False,14,,True,2025-01-27 11:20:00
20250127 05:33,A,Grand & Normandy ,840,1904,15918,74,74,Westbound,Grand/Nordica,2025-01-27 05:48:00,74 -807,88383199,262195133,False,14,,False,2025-01-27 11:40:00
20250127 05:33,A,Grand & Sayre,844,1904,18093,74,74,Westbound,Grand/Nordica,2025-01-27 05:49:00,74 -807,88383199,262195133,False,15,,False,2025-01-27 11:42:00
20250127 05:33,A,Grand & Oak Park,14809,1904,16762,74,74,Westbound,Grand/Nordica,2025-01-27 05:49:00,74 -807,88383199,262195133,False,15,,False,2025-01-27 11:41:00
20250127 05:33,A,Grand & Central ,829,8424,12038,65,65,Westbound,Nordica,2025-01-27 05:49:00,SN  -802,10003554,259623104,False,15,,True,2025-01-27 11:20:00
20250127 05:33,A,Grand & New England ,842,1904,17260,74,74,Westbound,Grand/Nordica,2025-01-27 05:49:00,74 -807,88383199,262195133,False,15,,False,2025-01-27 11:41:00
20250127 05:33,A,Grand & Normandy ,840,8118,18038,74,74,Westbound,Grand/Nordica,2025-01-27 05:49:00,74 -803,********,259624879,False,15,,True,2025-01-27 05:33:00
20250127 05:33,A,Grand & New England ,842,8118,19380,74,74,Westbound,Grand/Nordica,2025-01-27 05:50:00,74 -803,********,259624879,False,16,,True,2025-01-27 05:33:00
20250127 05:33,A,Grand & Oak Park,14809,8118,18882,74,74,Westbound,Grand/Nordica,2025-01-27 05:50:00,74 -803,********,259624879,False,16,,True,2025-01-27 05:33:00
20250127 05:33,A,Grand & Major,830,8424,12551,65,65,Westbound,Nordica,2025-01-27 05:50:00,SN  -802,10003554,259623104,False,16,,True,2025-01-27 11:20:00
20250127 05:33,D,Grand & Nordica Terminal,668,1904,18861,74,74,Eastbound,Halsted,2025-01-27 05:50:00,74 -807,********,259625020,False,16,,True,2025-01-27 11:20:00
20250127 05:33,A,Grand & Sayre,844,8118,20213,74,74,Westbound,Grand/Nordica,2025-01-27 05:50:00,74 -803,********,259624879,False,16,,True,2025-01-27 05:33:00
20250127 05:33,A,Grand & Menard,15337,8424,13371,65,65,Westbound,Nordica,2025-01-27 05:50:00,SN  -802,10003554,259623104,False,16,,True,2025-01-27 11:20:00
20250127 05:33,A,Grand & Austin,833,8424,14601,65,65,Westbound,Nordica,2025-01-27 05:51:00,SN  -802,10003554,259623104,False,17,,True,2025-01-27 11:20:00
20250127 05:33,A,Grand & Marmora,832,8424,13919,65,65,Westbound,Nordica,2025-01-27 05:51:00,SN  -802,10003554,259623104,False,17,,True,2025-01-27 11:20:00
20250127 05:33,A,Grand & Meade,834,8424,15291,65,65,Westbound,Nordica,2025-01-27 05:52:00,SN  -802,10003554,259623104,False,18,,True,2025-01-27 11:20:00
20250127 05:33,A,Grand & Melvina,15335,8424,16167,65,65,Westbound,Nordica,2025-01-27 05:52:00,SN  -802,10003554,259623104,False,18,,True,2025-01-27 11:20:00
20250127 05:33,A,Grand & Narragansett,837,8424,17388,65,65,Westbound,Nordica,2025-01-27 05:53:00,SN  -802,10003554,259623104,False,19,,True,2025-01-27 11:20:00
20250127 05:33,A,Grand & Mobile,836,8424,16665,65,65,Westbound,Nordica,2025-01-27 05:53:00,SN  -802,10003554,259623104,False,19,,True,2025-01-27 11:20:00
20250127 05:33,A,Fullerton & Grand,15517,8424,18673,65,65,Westbound,Nordica,2025-01-27 05:54:00,SN  -802,10003554,259623104,False,20,,True,2025-01-27 11:20:00
20250127 05:33,A,Grand & Natchez,838,8424,17974,65,65,Westbound,Nordica,2025-01-27 05:54:00,SN  -802,10003554,259623104,False,20,,True,2025-01-27 11:20:00
20250127 05:33,A,Grand & Normandy ,840,8424,19468,65,65,Westbound,Nordica,2025-01-27 05:55:00,SN  -802,10003554,259623104,False,21,,True,2025-01-27 11:20:00
20250127 05:33,A,Grand & New England ,842,8424,20810,65,65,Westbound,Nordica,2025-01-27 05:56:00,SN  -802,10003554,259623104,False,22,,True,2025-01-27 11:20:00
20250127 05:33,A,Grand & Oak Park,14809,8424,20312,65,65,Westbound,Nordica,2025-01-27 05:56:00,SN  -802,10003554,259623104,False,22,,True,2025-01-27 11:20:00
20250127 05:33,A,Grand & Sayre,844,8424,21643,65,65,Westbound,Nordica,2025-01-27 05:57:00,SN  -802,10003554,259623104,False,23,,True,2025-01-27 11:20:00
20250127 05:33,D,Grand & Nordica Terminal,668,8118,20981,74,74,Eastbound,Halsted,2025-01-27 05:58:00,74 -803,********,259625021,False,24,,True,2025-01-27 05:33:00
20250127 05:33,D,Grand & Nordica Terminal,668,8424,22411,65,65,Eastbound,Navy Pier,2025-01-27 06:00:00,SN  -802,10003390,259622974,False,26,,True,2025-01-27 11:20:00
